2026-08-01 23:08:41,277 - options_risk_engine.database - INFO - SQLite database initialised at /Users/sam/Progressive-Projects/Projects/Option Pricer N Risk Engine/data/options_risk_engine.db
2026-08-01 23:09:22,648 - options_risk_engine.data.market_data - INFO - Downloading historical data for 7 symbols
2026-08-01 23:09:23,376 - options_risk_engine.data.market_data - INFO - Historical data downloaded: 1255 rows
2026-08-01 23:09:40,859 - options_risk_engine.database - INFO - Stored 8785 rows in equity_prices
2026-08-01 23:10:00,706 - options_risk_engine.data.market_data - INFO - Feature dataset created: 1255 rows, 21 engineered features per ticker
2026-08-01 23:10:57,132 - options_risk_engine.database - INFO - Stored 1255 rows in volatility_features
2026-08-01 23:11:34,772 - options_risk_engine.pricing.chains - INFO - Downloading option chains for 7 ticker objects
2026-08-01 23:11:34,773 - options_risk_engine.pricing.chains - INFO - Downloading option chain for AAPL nearest to 2026-09-15
2026-08-01 23:11:35,070 - options_risk_engine.pricing.chains - INFO - AAPL chain loaded for 2026-09-18: 93 calls and 74 puts
2026-08-01 23:11:35,071 - options_risk_engine.pricing.chains - INFO - Downloading option chain for MSFT nearest to 2026-09-15
2026-08-01 23:11:35,254 - options_risk_engine.pricing.chains - INFO - MSFT chain loaded for 2026-09-18: 90 calls and 82 puts
2026-08-01 23:11:35,255 - options_risk_engine.pricing.chains - INFO - Downloading option chain for META nearest to 2026-09-15
2026-08-01 23:11:35,434 - options_risk_engine.pricing.chains - INFO - META chain loaded for 2026-09-18: 190 calls and 146 puts
2026-08-01 23:11:35,435 - options_risk_engine.pricing.chains - INFO - Downloading option chain for WMT nearest to 2026-09-15
2026-08-01 23:11:35,658 - options_risk_engine.pricing.chains - INFO - WMT chain loaded for 2026-09-18: 34 calls and 28 puts
2026-08-01 23:11:35,659 - options_risk_engine.pricing.chains - INFO - Downloading option chain for GOOGL nearest to 2026-09-15
2026-08-01 23:11:35,824 - options_risk_engine.pricing.chains - INFO - GOOGL chain loaded for 2026-09-18: 134 calls and 98 puts
2026-08-01 23:11:35,825 - options_risk_engine.pricing.chains - INFO - Downloading option chain for AMZN nearest to 2026-09-15
2026-08-01 23:11:36,001 - options_risk_engine.pricing.chains - INFO - AMZN chain loaded for 2026-09-18: 58 calls and 52 puts
2026-08-01 23:11:36,002 - options_risk_engine.pricing.chains - INFO - Downloading option chain for HCA nearest to 2026-09-15
2026-08-01 23:11:36,244 - options_risk_engine.pricing.chains - INFO - HCA chain loaded for 2026-09-18: 73 calls and 59 puts
2026-08-01 23:11:36,245 - options_risk_engine.pricing.chains - INFO - Option-chain download complete: 7 of 7 tickers loaded
2026-08-01 23:11:47,533 - options_risk_engine.database - INFO - Stored 1211 rows in option_chain_snapshots_full
2026-08-01 23:12:09,893 - options_risk_engine.pricing.chains - INFO - Starting option pricing for 7 ticker objects
2026-08-01 23:12:09,894 - options_risk_engine.pricing.chains - INFO - AAPL beginning option-chain pricing
2026-08-01 23:12:09,901 - options_risk_engine.pricing.chains - INFO - AAPL volatility inputs - RV20: 0.3674, RV60: 0.3201, RV252: 0.2591, forecast: 0.2621
2026-08-01 23:12:11,302 - options_risk_engine.pricing.chains - INFO - AAPL implied volatility calculations complete
2026-08-01 23:12:11,319 - options_risk_engine.pricing.chains - INFO - AAPL put-call parity check: 74 matched strikes, maximum absolute error 0.0000000000
2026-08-01 23:12:11,414 - options_risk_engine.pricing.chains - INFO - AAPL pricing complete — 93 total calls, 74 total puts, 0 highlighted calls and 7 highlighted puts
2026-08-01 23:12:11,415 - options_risk_engine.pricing.chains - INFO - MSFT beginning option-chain pricing
2026-08-01 23:12:11,418 - options_risk_engine.pricing.chains - INFO - MSFT volatility inputs - RV20: 0.6016, RV60: 0.4622, RV252: 0.3193, forecast: 0.2608
2026-08-01 23:12:12,912 - options_risk_engine.pricing.chains - INFO - MSFT implied volatility calculations complete
2026-08-01 23:12:12,924 - options_risk_engine.pricing.chains - INFO - MSFT put-call parity check: 82 matched strikes, maximum absolute error 0.0000000000
2026-08-01 23:12:13,016 - options_risk_engine.pricing.chains - INFO - MSFT pricing complete — 90 total calls, 82 total puts, 0 highlighted calls and 6 highlighted puts
2026-08-01 23:12:13,016 - options_risk_engine.pricing.chains - INFO - META beginning option-chain pricing
2026-08-01 23:12:13,020 - options_risk_engine.pricing.chains - INFO - META volatility inputs - RV20: 0.5162, RV60: 0.4580, RV252: 0.3978, forecast: 0.4125
2026-08-01 23:12:15,657 - options_risk_engine.pricing.chains - INFO - META implied volatility calculations complete
2026-08-01 23:12:15,669 - options_risk_engine.pricing.chains - INFO - META put-call parity check: 130 matched strikes, maximum absolute error 0.0000000000
2026-08-01 23:12:15,758 - options_risk_engine.pricing.chains - INFO - META pricing complete — 190 total calls, 146 total puts, 0 highlighted calls and 19 highlighted puts
2026-08-01 23:12:15,759 - options_risk_engine.pricing.chains - INFO - WMT beginning option-chain pricing
2026-08-01 23:12:15,762 - options_risk_engine.pricing.chains - INFO - WMT volatility inputs - RV20: 0.2209, RV60: 0.2760, RV252: 0.2477, forecast: 0.2063
2026-08-01 23:12:16,286 - options_risk_engine.pricing.chains - INFO - WMT implied volatility calculations complete
2026-08-01 23:12:16,302 - options_risk_engine.pricing.chains - INFO - WMT put-call parity check: 28 matched strikes, maximum absolute error 0.0000000000
2026-08-01 23:12:16,390 - options_risk_engine.pricing.chains - INFO - WMT pricing complete — 34 total calls, 28 total puts, 0 highlighted calls and 2 highlighted puts
2026-08-01 23:12:16,391 - options_risk_engine.pricing.chains - INFO - GOOGL beginning option-chain pricing
2026-08-01 23:12:16,394 - options_risk_engine.pricing.chains - INFO - GOOGL volatility inputs - RV20: 0.4610, RV60: 0.3682, RV252: 0.3212, forecast: 0.3097
2026-08-01 23:12:18,273 - options_risk_engine.pricing.chains - INFO - GOOGL implied volatility calculations complete
2026-08-01 23:12:18,285 - options_risk_engine.pricing.chains - INFO - GOOGL put-call parity check: 96 matched strikes, maximum absolute error 0.0000000000
2026-08-01 23:12:18,376 - options_risk_engine.pricing.chains - INFO - GOOGL pricing complete — 134 total calls, 98 total puts, 0 highlighted calls and 12 highlighted puts
2026-08-01 23:12:18,377 - options_risk_engine.pricing.chains - INFO - AMZN beginning option-chain pricing
2026-08-01 23:12:18,380 - options_risk_engine.pricing.chains - INFO - AMZN volatility inputs - RV20: 0.6195, RV60: 0.4402, RV252: 0.3520, forecast: 0.3410
2026-08-01 23:12:19,665 - options_risk_engine.pricing.chains - INFO - AMZN implied volatility calculations complete
2026-08-01 23:12:19,678 - options_risk_engine.pricing.chains - INFO - AMZN put-call parity check: 52 matched strikes, maximum absolute error 0.0000000000
2026-08-01 23:12:19,772 - options_risk_engine.pricing.chains - INFO - AMZN pricing complete — 58 total calls, 52 total puts, 8 highlighted calls and 2 highlighted puts
2026-08-01 23:12:19,773 - options_risk_engine.pricing.chains - INFO - HCA beginning option-chain pricing
2026-08-01 23:12:19,777 - options_risk_engine.pricing.chains - INFO - HCA volatility inputs - RV20: 0.5051, RV60: 0.3752, RV252: 0.3018, forecast: 0.2785
2026-08-01 23:12:20,625 - options_risk_engine.pricing.chains - INFO - HCA implied volatility calculations complete
2026-08-01 23:12:20,637 - options_risk_engine.pricing.chains - INFO - HCA put-call parity check: 56 matched strikes, maximum absolute error 0.0000000000
2026-08-01 23:12:20,725 - options_risk_engine.pricing.chains - INFO - HCA pricing complete — 73 total calls, 59 total puts, 0 highlighted calls and 0 highlighted puts
2026-08-01 23:12:20,725 - options_risk_engine.pricing.chains - INFO - Option pricing finished — 14 full tables, 14 highlighted tables, 7 parity tables and 0 failed tickers
2026-08-01 23:12:20,757 - options_risk_engine.reporting.tables - INFO - Combined 14 option tables into 1211 rows
2026-08-01 23:12:20,760 - options_risk_engine.validation - INFO - Option-universe validation: {'rows': 1211, 'tickers': 7, 'duplicate_contract_symbols': 0, 'invalid_quotes': 418}
2026-08-01 23:14:51,165 - options_risk_engine.database - INFO - Stored 1211 rows in option_pricing_results
2026-08-01 23:15:00,351 - options_risk_engine.pricing.monte_carlo - INFO - Running 10000 Monte Carlo simulations for AAPL
2026-08-01 23:15:00,352 - options_risk_engine.pricing.monte_carlo - INFO - AAPL starting Monte Carlo simulation
2026-08-01 23:15:00,354 - options_risk_engine.pricing.monte_carlo - INFO - AAPL Monte Carlo inputs - S0: 308.91, sigma: 0.2621, T: 0.1315, steps: 34, simulations: 10000
2026-08-01 23:15:00,401 - options_risk_engine.pricing.monte_carlo - INFO - AAPL Monte Carlo simulation complete
2026-08-01 23:15:00,480 - options_risk_engine.pricing.monte_carlo - INFO - AAPL Monte Carlo profit analysis complete
2026-08-01 23:15:00,481 - options_risk_engine.pricing.monte_carlo - INFO - Running 10000 Monte Carlo simulations for MSFT
2026-08-01 23:15:00,481 - options_risk_engine.pricing.monte_carlo - INFO - MSFT starting Monte Carlo simulation
2026-08-01 23:15:00,482 - options_risk_engine.pricing.monte_carlo - INFO - MSFT Monte Carlo inputs - S0: 464.72, sigma: 0.2608, T: 0.1315, steps: 34, simulations: 10000
2026-08-01 23:15:00,502 - options_risk_engine.pricing.monte_carlo - INFO - MSFT Monte Carlo simulation complete
2026-08-01 23:15:00,575 - options_risk_engine.pricing.monte_carlo - INFO - MSFT Monte Carlo profit analysis complete
2026-08-01 23:15:00,575 - options_risk_engine.pricing.monte_carlo - INFO - Running 10000 Monte Carlo simulations for META
2026-08-01 23:15:00,576 - options_risk_engine.pricing.monte_carlo - INFO - META starting Monte Carlo simulation
2026-08-01 23:15:00,577 - options_risk_engine.pricing.monte_carlo - INFO - META Monte Carlo inputs - S0: 556.71, sigma: 0.4125, T: 0.1315, steps: 34, simulations: 10000
2026-08-01 23:15:00,611 - options_risk_engine.pricing.monte_carlo - INFO - META Monte Carlo simulation complete
2026-08-01 23:15:00,717 - options_risk_engine.pricing.monte_carlo - INFO - META Monte Carlo profit analysis complete
2026-08-01 23:15:00,718 - options_risk_engine.pricing.monte_carlo - INFO - Running 10000 Monte Carlo simulations for WMT
2026-08-01 23:15:00,719 - options_risk_engine.pricing.monte_carlo - INFO - WMT starting Monte Carlo simulation
2026-08-01 23:15:00,720 - options_risk_engine.pricing.monte_carlo - INFO - WMT Monte Carlo inputs - S0: 111.20, sigma: 0.2063, T: 0.1315, steps: 34, simulations: 10000
2026-08-01 23:15:00,737 - options_risk_engine.pricing.monte_carlo - INFO - WMT Monte Carlo simulation complete
2026-08-01 23:15:00,787 - options_risk_engine.pricing.monte_carlo - INFO - WMT Monte Carlo profit analysis complete
2026-08-01 23:15:00,788 - options_risk_engine.pricing.monte_carlo - INFO - Running 10000 Monte Carlo simulations for GOOGL
2026-08-01 23:15:00,789 - options_risk_engine.pricing.monte_carlo - INFO - GOOGL starting Monte Carlo simulation
2026-08-01 23:15:00,790 - options_risk_engine.pricing.monte_carlo - INFO - GOOGL Monte Carlo inputs - S0: 356.13, sigma: 0.3097, T: 0.1315, steps: 34, simulations: 10000
2026-08-01 23:15:00,812 - options_risk_engine.pricing.monte_carlo - INFO - GOOGL Monte Carlo simulation complete
2026-08-01 23:15:00,904 - options_risk_engine.pricing.monte_carlo - INFO - GOOGL Monte Carlo profit analysis complete
2026-08-01 23:15:00,905 - options_risk_engine.pricing.monte_carlo - INFO - Running 10000 Monte Carlo simulations for AMZN
2026-08-01 23:15:00,906 - options_risk_engine.pricing.monte_carlo - INFO - AMZN starting Monte Carlo simulation
2026-08-01 23:15:00,906 - options_risk_engine.pricing.monte_carlo - INFO - AMZN Monte Carlo inputs - S0: 271.58, sigma: 0.3410, T: 0.1315, steps: 34, simulations: 10000
2026-08-01 23:15:00,927 - options_risk_engine.pricing.monte_carlo - INFO - AMZN Monte Carlo simulation complete
2026-08-01 23:15:00,989 - options_risk_engine.pricing.monte_carlo - INFO - AMZN Monte Carlo profit analysis complete
2026-08-01 23:15:00,990 - options_risk_engine.pricing.monte_carlo - INFO - Running 10000 Monte Carlo simulations for HCA
2026-08-01 23:15:00,991 - options_risk_engine.pricing.monte_carlo - INFO - HCA starting Monte Carlo simulation
2026-08-01 23:15:00,992 - options_risk_engine.pricing.monte_carlo - INFO - HCA Monte Carlo inputs - S0: 402.59, sigma: 0.2785, T: 0.1315, steps: 34, simulations: 10000
2026-08-01 23:15:01,014 - options_risk_engine.pricing.monte_carlo - INFO - HCA Monte Carlo simulation complete
2026-08-01 23:15:01,081 - options_risk_engine.pricing.monte_carlo - INFO - HCA Monte Carlo profit analysis complete
2026-08-01 23:15:01,118 - options_risk_engine.reporting.tables - INFO - Combined 14 option tables into 1211 rows
2026-08-01 23:15:30,698 - options_risk_engine.reporting.tables - INFO - Created findings table with 49 groups
2026-08-01 23:16:44,200 - options_risk_engine.risk.portfolio - INFO - Preparing option universe for the portfolio risk engine: 1211 rows
2026-08-01 23:16:44,207 - options_risk_engine.risk.portfolio - INFO - Risk-engine input cleaned: 959 usable option rows; 252 rows removed
2026-08-01 23:16:44,219 - options_risk_engine.risk.portfolio - INFO - Created reproducible test option positions: 471 long and 488 short
2026-08-01 23:16:44,245 - options_risk_engine.risk.portfolio - INFO - Added 7 share positions; combined portfolio now contains 966 rows
2026-08-01 23:16:44,253 - options_risk_engine.risk.portfolio - INFO - Portfolio positions prepared: gross market value 17747056.90; current P&L -64853.89
2026-08-01 23:16:44,257 - options_risk_engine.risk.portfolio - INFO - Building current portfolio risk summary from 966 positions
2026-08-01 23:16:44,381 - options_risk_engine.risk.portfolio - INFO - Ticker-level risk calculated for 7 tickers
2026-08-01 23:16:44,385 - options_risk_engine.risk.portfolio - INFO - Portfolio risk summary complete: net value -695290.30; gross value 17747056.90; delta 1454.57
2026-08-01 23:17:41,040 - options_risk_engine.database - INFO - Stored 966 rows in portfolio_positions
2026-08-01 23:17:41,048 - options_risk_engine.database - INFO - Stored 8 rows in portfolio_risk
2026-08-01 23:17:51,423 - options_risk_engine.risk.scenarios - INFO - Generating 1000 random scenarios with up to 30 days forward; seed=42
2026-08-01 23:17:51,437 - options_risk_engine.risk.scenarios - INFO - Scenario generation complete: 1001 total rows including BASE
2026-08-01 23:18:09,172 - options_risk_engine.risk.scenarios - INFO - Starting scenario engine: 966 positions across 1001 scenarios
2026-08-01 23:18:09,197 - options_risk_engine.risk.scenarios - INFO - Scenario positions classified: 565 calls, 394 puts and 7 shares
2026-08-01 23:18:09,218 - options_risk_engine.risk.scenarios - INFO - Base model prices calculated for 966 positions
2026-08-01 23:18:09,220 - options_risk_engine.risk.scenarios - INFO - Revaluing scenario 1/1001: BASE
2026-08-01 23:18:10,390 - options_risk_engine.risk.scenarios - INFO - Revaluing scenario 100/1001: R0099
2026-08-01 23:18:11,495 - options_risk_engine.risk.scenarios - INFO - Revaluing scenario 200/1001: R0199
2026-08-01 23:18:12,597 - options_risk_engine.risk.scenarios - INFO - Revaluing scenario 300/1001: R0299
2026-08-01 23:18:13,689 - options_risk_engine.risk.scenarios - INFO - Revaluing scenario 400/1001: R0399
2026-08-01 23:18:14,782 - options_risk_engine.risk.scenarios - INFO - Revaluing scenario 500/1001: R0499
2026-08-01 23:18:15,874 - options_risk_engine.risk.scenarios - INFO - Revaluing scenario 600/1001: R0599
2026-08-01 23:18:16,963 - options_risk_engine.risk.scenarios - INFO - Revaluing scenario 700/1001: R0699
2026-08-01 23:18:18,052 - options_risk_engine.risk.scenarios - INFO - Revaluing scenario 800/1001: R0799
2026-08-01 23:18:19,233 - options_risk_engine.risk.scenarios - INFO - Revaluing scenario 900/1001: R0899
2026-08-01 23:18:20,323 - options_risk_engine.risk.scenarios - INFO - Revaluing scenario 1000/1001: R0999
2026-08-01 23:18:20,337 - options_risk_engine.risk.scenarios - INFO - Revaluing scenario 1001/1001: R1000
2026-08-01 23:18:20,757 - options_risk_engine.risk.scenarios - INFO - Position-level scenario results created: 966966 rows
2026-08-01 23:19:09,833 - options_risk_engine.risk.scenarios - INFO - Analysing scenario outputs: 966966 position rows, 7007 ticker rows and 1001 portfolio rows
2026-08-01 23:19:10,151 - options_risk_engine.risk.scenarios - INFO - Base scenario validation passed: portfolio P&L 0.00000000
2026-08-01 23:19:10,159 - options_risk_engine.risk.scenarios - INFO - All scenario positions were repriced successfully
2026-08-01 23:19:10,171 - options_risk_engine.risk.scenarios - INFO - Scenario distribution analysed: worst P&L -256912.92; 5th percentile -63209.61; probability of loss 56.50%
2026-08-01 23:19:10,243 - options_risk_engine.risk.scenarios - WARNING - 11 portfolio scenarios breached the 100000.00 loss limit
2026-08-01 23:19:10,244 - options_risk_engine.risk.scenarios - WARNING - 1482 ticker-scenario rows breached the 25000.00 loss limit
2026-08-01 23:19:10,244 - options_risk_engine.risk.scenarios - INFO - Scenario analysis complete; worst scenario is R0950
2026-08-01 23:20:57,786 - options_risk_engine.risk.attribution - INFO - Starting Greek P&L attribution
2026-08-01 23:20:58,574 - options_risk_engine.risk.attribution - INFO - Greek attribution accounting check passed
2026-08-01 23:20:58,575 - options_risk_engine.risk.attribution - INFO - Greek attribution completed for 966966 position-scenario rows and 1001 scenarios
2026-08-01 23:20:58,576 - options_risk_engine.risk.attribution - INFO - Starting Greek attribution analysis
2026-08-01 23:20:58,713 - options_risk_engine.risk.attribution - INFO - Scenario shocks attached to 1001 attribution rows
2026-08-01 23:20:58,716 - options_risk_engine.risk.attribution - INFO - Greek attribution accounting check passed
2026-08-01 23:20:59,059 - options_risk_engine.risk.attribution - INFO - BASE Greek attribution validation passed
2026-08-01 23:39:47,844 - options_risk_engine.risk.attribution - INFO - Starting Greek P&L attribution
2026-08-01 23:39:49,164 - options_risk_engine.risk.attribution - INFO - Greek attribution accounting check passed
2026-08-01 23:39:49,165 - options_risk_engine.risk.attribution - INFO - Greek attribution completed for 966966 position-scenario rows and 1001 scenarios
2026-08-01 23:39:49,186 - options_risk_engine.risk.attribution - INFO - Starting Greek attribution analysis
2026-08-01 23:39:49,766 - options_risk_engine.risk.attribution - INFO - Scenario shocks attached to 1001 attribution rows
2026-08-01 23:39:49,772 - options_risk_engine.risk.attribution - INFO - Greek attribution accounting check passed
2026-08-01 23:39:50,491 - options_risk_engine.risk.attribution - INFO - BASE Greek attribution validation passed
2026-08-01 23:40:42,743 - options_risk_engine.risk.attribution - INFO - Starting Greek P&L attribution
2026-08-01 23:40:43,530 - options_risk_engine.risk.attribution - INFO - Greek attribution accounting check passed
2026-08-01 23:40:43,531 - options_risk_engine.risk.attribution - INFO - Greek attribution completed for 966966 position-scenario rows and 1001 scenarios
2026-08-01 23:40:43,564 - options_risk_engine.risk.attribution - INFO - Starting Greek attribution analysis
2026-08-01 23:40:43,907 - options_risk_engine.risk.attribution - INFO - Scenario shocks attached to 1001 attribution rows
2026-08-01 23:40:43,909 - options_risk_engine.risk.attribution - INFO - Greek attribution accounting check passed
2026-08-01 23:40:44,266 - options_risk_engine.risk.attribution - INFO - BASE Greek attribution validation passed
2026-08-01 23:45:14,759 - options_risk_engine.risk.attribution - INFO - Starting Greek P&L attribution
2026-08-01 23:48:45,094 - options_risk_engine.risk.attribution - INFO - Starting Greek P&L attribution
2026-08-01 23:49:01,296 - options_risk_engine.risk.attribution - INFO - Starting Greek P&L attribution
2026-08-01 23:50:05,594 - options_risk_engine.risk.attribution - INFO - Starting Greek P&L attribution
2026-08-01 23:51:06,491 - options_risk_engine.database - INFO - SQLite database initialised at /Users/sam/Progressive-Projects/Projects/Option Pricer N Risk Engine/data/options_risk_engine.db
2026-08-01 23:51:06,829 - options_risk_engine.data.market_data - INFO - Downloading historical data for 7 symbols
2026-08-01 23:51:07,482 - options_risk_engine.data.market_data - INFO - Historical data downloaded: 1255 rows
2026-08-01 23:51:09,195 - options_risk_engine.database - INFO - Stored 8785 rows in equity_prices
2026-08-01 23:51:09,240 - options_risk_engine.data.market_data - INFO - Feature dataset created: 1255 rows, 21 engineered features per ticker
2026-08-01 23:51:09,804 - options_risk_engine.database - INFO - Stored 1255 rows in volatility_features
2026-08-01 23:51:11,443 - options_risk_engine.pricing.chains - INFO - Downloading option chains for 7 ticker objects
2026-08-01 23:51:11,444 - options_risk_engine.pricing.chains - INFO - Downloading option chain for AAPL nearest to 2026-09-15
2026-08-01 23:51:11,669 - options_risk_engine.pricing.chains - INFO - AAPL chain loaded for 2026-09-18: 93 calls and 74 puts
2026-08-01 23:51:11,669 - options_risk_engine.pricing.chains - INFO - Downloading option chain for MSFT nearest to 2026-09-15
2026-08-01 23:51:11,838 - options_risk_engine.pricing.chains - INFO - MSFT chain loaded for 2026-09-18: 90 calls and 82 puts
2026-08-01 23:51:11,839 - options_risk_engine.pricing.chains - INFO - Downloading option chain for META nearest to 2026-09-15
2026-08-01 23:51:12,046 - options_risk_engine.pricing.chains - INFO - META chain loaded for 2026-09-18: 190 calls and 146 puts
2026-08-01 23:51:12,047 - options_risk_engine.pricing.chains - INFO - Downloading option chain for WMT nearest to 2026-09-15
2026-08-01 23:51:12,190 - options_risk_engine.pricing.chains - INFO - WMT chain loaded for 2026-09-18: 34 calls and 28 puts
2026-08-01 23:51:12,191 - options_risk_engine.pricing.chains - INFO - Downloading option chain for GOOGL nearest to 2026-09-15
2026-08-01 23:51:12,375 - options_risk_engine.pricing.chains - INFO - GOOGL chain loaded for 2026-09-18: 134 calls and 98 puts
2026-08-01 23:51:12,375 - options_risk_engine.pricing.chains - INFO - Downloading option chain for AMZN nearest to 2026-09-15
2026-08-01 23:51:12,568 - options_risk_engine.pricing.chains - INFO - AMZN chain loaded for 2026-09-18: 58 calls and 52 puts
2026-08-01 23:51:12,569 - options_risk_engine.pricing.chains - INFO - Downloading option chain for HCA nearest to 2026-09-15
2026-08-01 23:51:12,730 - options_risk_engine.pricing.chains - INFO - HCA chain loaded for 2026-09-18: 73 calls and 59 puts
2026-08-01 23:51:12,731 - options_risk_engine.pricing.chains - INFO - Option-chain download complete: 7 of 7 tickers loaded
2026-08-01 23:51:12,774 - options_risk_engine.database - INFO - Stored 1211 rows in option_chain_snapshots_full
2026-08-01 23:51:12,791 - options_risk_engine.pricing.chains - INFO - Starting option pricing for 7 ticker objects
2026-08-01 23:51:12,792 - options_risk_engine.pricing.chains - INFO - AAPL beginning option-chain pricing
2026-08-01 23:51:12,796 - options_risk_engine.pricing.chains - INFO - AAPL volatility inputs - RV20: 0.3674, RV60: 0.3201, RV252: 0.2591, forecast: 0.2621
2026-08-01 23:51:13,471 - options_risk_engine.pricing.chains - INFO - AAPL implied volatility calculations complete
2026-08-01 23:51:13,478 - options_risk_engine.pricing.chains - INFO - AAPL put-call parity check: 74 matched strikes, maximum absolute error 0.0000000000
2026-08-01 23:51:13,509 - options_risk_engine.pricing.chains - INFO - AAPL pricing complete — 93 total calls, 74 total puts, 0 highlighted calls and 7 highlighted puts
2026-08-01 23:51:13,509 - options_risk_engine.pricing.chains - INFO - MSFT beginning option-chain pricing
2026-08-01 23:51:13,511 - options_risk_engine.pricing.chains - INFO - MSFT volatility inputs - RV20: 0.6016, RV60: 0.4622, RV252: 0.3193, forecast: 0.2608
2026-08-01 23:51:14,226 - options_risk_engine.pricing.chains - INFO - MSFT implied volatility calculations complete
2026-08-01 23:51:14,231 - options_risk_engine.pricing.chains - INFO - MSFT put-call parity check: 82 matched strikes, maximum absolute error 0.0000000000
2026-08-01 23:51:14,262 - options_risk_engine.pricing.chains - INFO - MSFT pricing complete — 90 total calls, 82 total puts, 0 highlighted calls and 6 highlighted puts
2026-08-01 23:51:14,263 - options_risk_engine.pricing.chains - INFO - META beginning option-chain pricing
2026-08-01 23:51:14,264 - options_risk_engine.pricing.chains - INFO - META volatility inputs - RV20: 0.5162, RV60: 0.4580, RV252: 0.3978, forecast: 0.4125
2026-08-01 23:51:15,550 - options_risk_engine.pricing.chains - INFO - META implied volatility calculations complete
2026-08-01 23:51:15,555 - options_risk_engine.pricing.chains - INFO - META put-call parity check: 130 matched strikes, maximum absolute error 0.0000000000
2026-08-01 23:51:15,586 - options_risk_engine.pricing.chains - INFO - META pricing complete — 190 total calls, 146 total puts, 0 highlighted calls and 19 highlighted puts
2026-08-01 23:51:15,586 - options_risk_engine.pricing.chains - INFO - WMT beginning option-chain pricing
2026-08-01 23:51:15,588 - options_risk_engine.pricing.chains - INFO - WMT volatility inputs - RV20: 0.2209, RV60: 0.2760, RV252: 0.2477, forecast: 0.2063
2026-08-01 23:51:15,825 - options_risk_engine.pricing.chains - INFO - WMT implied volatility calculations complete
2026-08-01 23:51:15,830 - options_risk_engine.pricing.chains - INFO - WMT put-call parity check: 28 matched strikes, maximum absolute error 0.0000000000
2026-08-01 23:51:15,860 - options_risk_engine.pricing.chains - INFO - WMT pricing complete — 34 total calls, 28 total puts, 0 highlighted calls and 2 highlighted puts
2026-08-01 23:51:15,860 - options_risk_engine.pricing.chains - INFO - GOOGL beginning option-chain pricing
2026-08-01 23:51:15,862 - options_risk_engine.pricing.chains - INFO - GOOGL volatility inputs - RV20: 0.4610, RV60: 0.3682, RV252: 0.3212, forecast: 0.3097
2026-08-01 23:51:16,773 - options_risk_engine.pricing.chains - INFO - GOOGL implied volatility calculations complete
2026-08-01 23:51:16,778 - options_risk_engine.pricing.chains - INFO - GOOGL put-call parity check: 96 matched strikes, maximum absolute error 0.0000000000
2026-08-01 23:51:16,808 - options_risk_engine.pricing.chains - INFO - GOOGL pricing complete — 134 total calls, 98 total puts, 0 highlighted calls and 12 highlighted puts
2026-08-01 23:51:16,809 - options_risk_engine.pricing.chains - INFO - AMZN beginning option-chain pricing
2026-08-01 23:51:16,810 - options_risk_engine.pricing.chains - INFO - AMZN volatility inputs - RV20: 0.6195, RV60: 0.4402, RV252: 0.3520, forecast: 0.3410
2026-08-01 23:51:17,423 - options_risk_engine.pricing.chains - INFO - AMZN implied volatility calculations complete
2026-08-01 23:51:17,428 - options_risk_engine.pricing.chains - INFO - AMZN put-call parity check: 52 matched strikes, maximum absolute error 0.0000000000
2026-08-01 23:51:17,458 - options_risk_engine.pricing.chains - INFO - AMZN pricing complete — 58 total calls, 52 total puts, 8 highlighted calls and 2 highlighted puts
2026-08-01 23:51:17,458 - options_risk_engine.pricing.chains - INFO - HCA beginning option-chain pricing
2026-08-01 23:51:17,460 - options_risk_engine.pricing.chains - INFO - HCA volatility inputs - RV20: 0.5051, RV60: 0.3752, RV252: 0.3018, forecast: 0.2785
2026-08-01 23:51:17,857 - options_risk_engine.pricing.chains - INFO - HCA implied volatility calculations complete
2026-08-01 23:51:17,862 - options_risk_engine.pricing.chains - INFO - HCA put-call parity check: 56 matched strikes, maximum absolute error 0.0000000000
2026-08-01 23:51:17,892 - options_risk_engine.pricing.chains - INFO - HCA pricing complete — 73 total calls, 59 total puts, 0 highlighted calls and 0 highlighted puts
2026-08-01 23:51:17,892 - options_risk_engine.pricing.chains - INFO - Option pricing finished — 14 full tables, 14 highlighted tables, 7 parity tables and 0 failed tickers
2026-08-01 23:51:17,905 - options_risk_engine.reporting.tables - INFO - Combined 14 option tables into 1211 rows
2026-08-01 23:51:17,906 - options_risk_engine.validation - INFO - Option-universe validation: {'rows': 1211, 'tickers': 7, 'duplicate_contract_symbols': 0, 'invalid_quotes': 418}
2026-08-01 23:51:18,471 - options_risk_engine.database - INFO - Stored 1211 rows in option_pricing_results
2026-08-01 23:51:18,619 - options_risk_engine.pricing.monte_carlo - INFO - Running 10000 Monte Carlo simulations for AAPL
2026-08-01 23:51:18,620 - options_risk_engine.pricing.monte_carlo - INFO - AAPL starting Monte Carlo simulation
2026-08-01 23:51:18,621 - options_risk_engine.pricing.monte_carlo - INFO - AAPL Monte Carlo inputs - S0: 308.91, sigma: 0.2621, T: 0.1315, steps: 34, simulations: 10000
2026-08-01 23:51:18,640 - options_risk_engine.pricing.monte_carlo - INFO - AAPL Monte Carlo simulation complete
2026-08-01 23:51:18,689 - options_risk_engine.pricing.monte_carlo - INFO - AAPL Monte Carlo profit analysis complete
2026-08-01 23:51:18,690 - options_risk_engine.pricing.monte_carlo - INFO - Running 10000 Monte Carlo simulations for MSFT
2026-08-01 23:51:18,690 - options_risk_engine.pricing.monte_carlo - INFO - MSFT starting Monte Carlo simulation
2026-08-01 23:51:18,691 - options_risk_engine.pricing.monte_carlo - INFO - MSFT Monte Carlo inputs - S0: 464.72, sigma: 0.2608, T: 0.1315, steps: 34, simulations: 10000
2026-08-01 23:51:18,705 - options_risk_engine.pricing.monte_carlo - INFO - MSFT Monte Carlo simulation complete
2026-08-01 23:51:18,756 - options_risk_engine.pricing.monte_carlo - INFO - MSFT Monte Carlo profit analysis complete
2026-08-01 23:51:18,757 - options_risk_engine.pricing.monte_carlo - INFO - Running 10000 Monte Carlo simulations for META
2026-08-01 23:51:18,757 - options_risk_engine.pricing.monte_carlo - INFO - META starting Monte Carlo simulation
2026-08-01 23:51:18,758 - options_risk_engine.pricing.monte_carlo - INFO - META Monte Carlo inputs - S0: 556.71, sigma: 0.4125, T: 0.1315, steps: 34, simulations: 10000
2026-08-01 23:51:18,782 - options_risk_engine.pricing.monte_carlo - INFO - META Monte Carlo simulation complete
2026-08-01 23:51:18,863 - options_risk_engine.pricing.monte_carlo - INFO - META Monte Carlo profit analysis complete
2026-08-01 23:51:18,864 - options_risk_engine.pricing.monte_carlo - INFO - Running 10000 Monte Carlo simulations for WMT
2026-08-01 23:51:18,864 - options_risk_engine.pricing.monte_carlo - INFO - WMT starting Monte Carlo simulation
2026-08-01 23:51:18,865 - options_risk_engine.pricing.monte_carlo - INFO - WMT Monte Carlo inputs - S0: 111.20, sigma: 0.2063, T: 0.1315, steps: 34, simulations: 10000
2026-08-01 23:51:18,877 - options_risk_engine.pricing.monte_carlo - INFO - WMT Monte Carlo simulation complete
2026-08-01 23:51:18,904 - options_risk_engine.pricing.monte_carlo - INFO - WMT Monte Carlo profit analysis complete
2026-08-01 23:51:18,905 - options_risk_engine.pricing.monte_carlo - INFO - Running 10000 Monte Carlo simulations for GOOGL
2026-08-01 23:51:18,905 - options_risk_engine.pricing.monte_carlo - INFO - GOOGL starting Monte Carlo simulation
2026-08-01 23:51:18,906 - options_risk_engine.pricing.monte_carlo - INFO - GOOGL Monte Carlo inputs - S0: 356.13, sigma: 0.3097, T: 0.1315, steps: 34, simulations: 10000
2026-08-01 23:51:18,923 - options_risk_engine.pricing.monte_carlo - INFO - GOOGL Monte Carlo simulation complete
2026-08-01 23:51:18,984 - options_risk_engine.pricing.monte_carlo - INFO - GOOGL Monte Carlo profit analysis complete
2026-08-01 23:51:18,984 - options_risk_engine.pricing.monte_carlo - INFO - Running 10000 Monte Carlo simulations for AMZN
2026-08-01 23:51:18,985 - options_risk_engine.pricing.monte_carlo - INFO - AMZN starting Monte Carlo simulation
2026-08-01 23:51:18,986 - options_risk_engine.pricing.monte_carlo - INFO - AMZN Monte Carlo inputs - S0: 271.58, sigma: 0.3410, T: 0.1315, steps: 34, simulations: 10000
2026-08-01 23:51:19,000 - options_risk_engine.pricing.monte_carlo - INFO - AMZN Monte Carlo simulation complete
2026-08-01 23:51:19,038 - options_risk_engine.pricing.monte_carlo - INFO - AMZN Monte Carlo profit analysis complete
2026-08-01 23:51:19,038 - options_risk_engine.pricing.monte_carlo - INFO - Running 10000 Monte Carlo simulations for HCA
2026-08-01 23:51:19,039 - options_risk_engine.pricing.monte_carlo - INFO - HCA starting Monte Carlo simulation
2026-08-01 23:51:19,040 - options_risk_engine.pricing.monte_carlo - INFO - HCA Monte Carlo inputs - S0: 402.59, sigma: 0.2785, T: 0.1315, steps: 34, simulations: 10000
2026-08-01 23:51:19,054 - options_risk_engine.pricing.monte_carlo - INFO - HCA Monte Carlo simulation complete
2026-08-01 23:51:19,098 - options_risk_engine.pricing.monte_carlo - INFO - HCA Monte Carlo profit analysis complete
2026-08-01 23:51:19,110 - options_risk_engine.reporting.tables - INFO - Combined 14 option tables into 1211 rows
2026-08-01 23:51:19,136 - options_risk_engine.reporting.tables - INFO - Created findings table with 49 groups
2026-08-01 23:51:19,185 - options_risk_engine.risk.portfolio - INFO - Preparing option universe for the portfolio risk engine: 1211 rows
2026-08-01 23:51:19,188 - options_risk_engine.risk.portfolio - INFO - Risk-engine input cleaned: 959 usable option rows; 252 rows removed
2026-08-01 23:51:19,191 - options_risk_engine.risk.portfolio - INFO - Created reproducible test option positions: 471 long and 488 short
2026-08-01 23:51:19,200 - options_risk_engine.risk.portfolio - INFO - Added 7 share positions; combined portfolio now contains 966 rows
2026-08-01 23:51:19,203 - options_risk_engine.risk.portfolio - INFO - Portfolio positions prepared: gross market value 17747056.90; current P&L -64853.89
2026-08-01 23:51:19,204 - options_risk_engine.risk.portfolio - INFO - Building current portfolio risk summary from 966 positions
2026-08-01 23:51:19,210 - options_risk_engine.risk.portfolio - INFO - Ticker-level risk calculated for 7 tickers
2026-08-01 23:51:19,212 - options_risk_engine.risk.portfolio - INFO - Portfolio risk summary complete: net value -695290.30; gross value 17747056.90; delta 1454.57
2026-08-01 23:51:19,996 - options_risk_engine.database - INFO - Stored 966 rows in portfolio_positions
2026-08-01 23:51:20,000 - options_risk_engine.database - INFO - Stored 8 rows in portfolio_risk
2026-08-01 23:51:20,006 - options_risk_engine.risk.scenarios - INFO - Generating 1000 random scenarios with up to 30 days forward; seed=42
2026-08-01 23:51:20,010 - options_risk_engine.risk.scenarios - INFO - Scenario generation complete: 1001 total rows including BASE
2026-08-01 23:51:20,030 - options_risk_engine.risk.scenarios - INFO - Starting scenario engine: 966 positions across 1001 scenarios
2026-08-01 23:51:20,033 - options_risk_engine.risk.scenarios - INFO - Scenario positions classified: 565 calls, 394 puts and 7 shares
2026-08-01 23:51:20,040 - options_risk_engine.risk.scenarios - INFO - Base model prices calculated for 966 positions
2026-08-01 23:51:20,040 - options_risk_engine.risk.scenarios - INFO - Revaluing scenario 1/1001: BASE
2026-08-01 23:51:20,390 - options_risk_engine.risk.scenarios - INFO - Revaluing scenario 100/1001: R0099
2026-08-01 23:51:20,738 - options_risk_engine.risk.scenarios - INFO - Revaluing scenario 200/1001: R0199
2026-08-01 23:51:21,084 - options_risk_engine.risk.scenarios - INFO - Revaluing scenario 300/1001: R0299
2026-08-01 23:51:21,431 - options_risk_engine.risk.scenarios - INFO - Revaluing scenario 400/1001: R0399
2026-08-01 23:51:21,776 - options_risk_engine.risk.scenarios - INFO - Revaluing scenario 500/1001: R0499
2026-08-01 23:51:22,121 - options_risk_engine.risk.scenarios - INFO - Revaluing scenario 600/1001: R0599
2026-08-01 23:51:22,466 - options_risk_engine.risk.scenarios - INFO - Revaluing scenario 700/1001: R0699
2026-08-01 23:51:22,818 - options_risk_engine.risk.scenarios - INFO - Revaluing scenario 800/1001: R0799
2026-08-01 23:51:23,226 - options_risk_engine.risk.scenarios - INFO - Revaluing scenario 900/1001: R0899
2026-08-01 23:51:23,602 - options_risk_engine.risk.scenarios - INFO - Revaluing scenario 1000/1001: R0999
2026-08-01 23:51:23,607 - options_risk_engine.risk.scenarios - INFO - Revaluing scenario 1001/1001: R1000
2026-08-01 23:51:23,784 - options_risk_engine.risk.scenarios - INFO - Position-level scenario results created: 966966 rows
2026-08-01 23:51:24,329 - options_risk_engine.risk.scenarios - INFO - Analysing scenario outputs: 966966 position rows, 7007 ticker rows and 1001 portfolio rows
2026-08-01 23:51:24,469 - options_risk_engine.risk.scenarios - INFO - Base scenario validation passed: portfolio P&L 0.00000000
2026-08-01 23:51:24,472 - options_risk_engine.risk.scenarios - INFO - All scenario positions were repriced successfully
2026-08-01 23:51:24,475 - options_risk_engine.risk.scenarios - INFO - Scenario distribution analysed: worst P&L -256912.92; 5th percentile -63209.61; probability of loss 56.50%
2026-08-01 23:51:24,528 - options_risk_engine.risk.scenarios - WARNING - 11 portfolio scenarios breached the 100000.00 loss limit
2026-08-01 23:51:24,529 - options_risk_engine.risk.scenarios - WARNING - 1482 ticker-scenario rows breached the 25000.00 loss limit
2026-08-01 23:51:24,529 - options_risk_engine.risk.scenarios - INFO - Scenario analysis complete; worst scenario is R0950
2026-08-01 23:51:25,029 - options_risk_engine.risk.attribution - INFO - Starting Greek P&L attribution
2026-08-01 23:51:25,597 - options_risk_engine.risk.attribution - INFO - Greek attribution accounting check passed
2026-08-01 23:51:25,597 - options_risk_engine.risk.attribution - INFO - Greek attribution completed for 966966 position-scenario rows and 1001 scenarios
2026-08-01 23:51:25,598 - options_risk_engine.risk.attribution - INFO - Starting Greek attribution analysis
2026-08-01 23:51:25,764 - options_risk_engine.risk.attribution - INFO - Scenario shocks attached to 1001 attribution rows
2026-08-01 23:51:25,770 - options_risk_engine.risk.attribution - INFO - Greek attribution accounting check passed
2026-08-01 23:51:26,021 - options_risk_engine.risk.attribution - INFO - BASE Greek attribution validation passed
2026-08-01 23:51:26,879 - options_risk_engine.risk.attribution - INFO - Greek attribution analysis completed for 1000 scenarios
2026-08-02 00:03:40,333 - options_risk_engine.database - INFO - SQLite database initialised at /Users/sam/Progressive-Projects/Projects/Option Pricer N Risk Engine/data/options_risk_engine.db
2026-08-02 00:03:40,665 - options_risk_engine.data.market_data - INFO - Downloading historical data for 7 symbols
2026-08-02 00:03:41,195 - options_risk_engine.data.market_data - INFO - Historical data downloaded: 1255 rows
2026-08-02 00:03:43,000 - options_risk_engine.database - INFO - Stored 8785 rows in equity_prices
2026-08-02 00:03:43,046 - options_risk_engine.data.market_data - INFO - Feature dataset created: 1255 rows, 21 engineered features per ticker
2026-08-02 00:03:43,569 - options_risk_engine.database - INFO - Stored 1255 rows in volatility_features
2026-08-02 00:03:45,349 - options_risk_engine.pricing.chains - INFO - Downloading option chains for 7 ticker objects
2026-08-02 00:03:45,349 - options_risk_engine.pricing.chains - INFO - Downloading option chain for AAPL nearest to 2026-09-16
2026-08-02 00:03:45,585 - options_risk_engine.pricing.chains - INFO - AAPL chain loaded for 2026-09-18: 93 calls and 74 puts
2026-08-02 00:03:45,587 - options_risk_engine.pricing.chains - INFO - Downloading option chain for MSFT nearest to 2026-09-16
2026-08-02 00:03:45,749 - options_risk_engine.pricing.chains - INFO - MSFT chain loaded for 2026-09-18: 90 calls and 82 puts
2026-08-02 00:03:45,750 - options_risk_engine.pricing.chains - INFO - Downloading option chain for META nearest to 2026-09-16
2026-08-02 00:03:45,943 - options_risk_engine.pricing.chains - INFO - META chain loaded for 2026-09-18: 190 calls and 146 puts
2026-08-02 00:03:45,943 - options_risk_engine.pricing.chains - INFO - Downloading option chain for WMT nearest to 2026-09-16
2026-08-02 00:03:46,093 - options_risk_engine.pricing.chains - INFO - WMT chain loaded for 2026-09-18: 34 calls and 28 puts
2026-08-02 00:03:46,094 - options_risk_engine.pricing.chains - INFO - Downloading option chain for GOOGL nearest to 2026-09-16
2026-08-02 00:03:46,258 - options_risk_engine.pricing.chains - INFO - GOOGL chain loaded for 2026-09-18: 134 calls and 98 puts
2026-08-02 00:03:46,259 - options_risk_engine.pricing.chains - INFO - Downloading option chain for AMZN nearest to 2026-09-16
2026-08-02 00:03:46,457 - options_risk_engine.pricing.chains - INFO - AMZN chain loaded for 2026-09-18: 58 calls and 52 puts
2026-08-02 00:03:46,458 - options_risk_engine.pricing.chains - INFO - Downloading option chain for HCA nearest to 2026-09-16
2026-08-02 00:03:46,613 - options_risk_engine.pricing.chains - INFO - HCA chain loaded for 2026-09-18: 73 calls and 59 puts
2026-08-02 00:03:46,614 - options_risk_engine.pricing.chains - INFO - Option-chain download complete: 7 of 7 tickers loaded
2026-08-02 00:03:46,656 - options_risk_engine.database - INFO - Stored 1211 rows in option_chain_snapshots_full
2026-08-02 00:03:46,678 - options_risk_engine.pricing.chains - INFO - Starting option pricing for 7 ticker objects
2026-08-02 00:03:46,678 - options_risk_engine.pricing.chains - INFO - AAPL beginning option-chain pricing
2026-08-02 00:03:46,681 - options_risk_engine.pricing.chains - INFO - AAPL volatility inputs - RV20: 0.3674, RV60: 0.3201, RV252: 0.2591, forecast: 0.2623
2026-08-02 00:03:47,371 - options_risk_engine.pricing.chains - INFO - AAPL implied volatility calculations complete
2026-08-02 00:03:47,379 - options_risk_engine.pricing.chains - INFO - AAPL put-call parity check: 74 matched strikes, maximum absolute error 0.0000000000
2026-08-02 00:03:47,410 - options_risk_engine.pricing.chains - INFO - AAPL pricing complete — 93 total calls, 74 total puts, 0 highlighted calls and 7 highlighted puts
2026-08-02 00:03:47,410 - options_risk_engine.pricing.chains - INFO - MSFT beginning option-chain pricing
2026-08-02 00:03:47,412 - options_risk_engine.pricing.chains - INFO - MSFT volatility inputs - RV20: 0.6016, RV60: 0.4622, RV252: 0.3193, forecast: 0.2609
2026-08-02 00:03:48,139 - options_risk_engine.pricing.chains - INFO - MSFT implied volatility calculations complete
2026-08-02 00:03:48,143 - options_risk_engine.pricing.chains - INFO - MSFT put-call parity check: 82 matched strikes, maximum absolute error 0.0000000000
2026-08-02 00:03:48,174 - options_risk_engine.pricing.chains - INFO - MSFT pricing complete — 90 total calls, 82 total puts, 0 highlighted calls and 6 highlighted puts
2026-08-02 00:03:48,174 - options_risk_engine.pricing.chains - INFO - META beginning option-chain pricing
2026-08-02 00:03:48,176 - options_risk_engine.pricing.chains - INFO - META volatility inputs - RV20: 0.5162, RV60: 0.4580, RV252: 0.3978, forecast: 0.4131
2026-08-02 00:03:49,508 - options_risk_engine.pricing.chains - INFO - META implied volatility calculations complete
2026-08-02 00:03:49,513 - options_risk_engine.pricing.chains - INFO - META put-call parity check: 130 matched strikes, maximum absolute error 0.0000000000
2026-08-02 00:03:49,543 - options_risk_engine.pricing.chains - INFO - META pricing complete — 190 total calls, 146 total puts, 0 highlighted calls and 19 highlighted puts
2026-08-02 00:03:49,544 - options_risk_engine.pricing.chains - INFO - WMT beginning option-chain pricing
2026-08-02 00:03:49,545 - options_risk_engine.pricing.chains - INFO - WMT volatility inputs - RV20: 0.2209, RV60: 0.2760, RV252: 0.2477, forecast: 0.2065
2026-08-02 00:03:49,781 - options_risk_engine.pricing.chains - INFO - WMT implied volatility calculations complete
2026-08-02 00:03:49,786 - options_risk_engine.pricing.chains - INFO - WMT put-call parity check: 28 matched strikes, maximum absolute error 0.0000000000
2026-08-02 00:03:49,815 - options_risk_engine.pricing.chains - INFO - WMT pricing complete — 34 total calls, 28 total puts, 0 highlighted calls and 2 highlighted puts
2026-08-02 00:03:49,816 - options_risk_engine.pricing.chains - INFO - GOOGL beginning option-chain pricing
2026-08-02 00:03:49,818 - options_risk_engine.pricing.chains - INFO - GOOGL volatility inputs - RV20: 0.4610, RV60: 0.3682, RV252: 0.3212, forecast: 0.3099
2026-08-02 00:03:50,725 - options_risk_engine.pricing.chains - INFO - GOOGL implied volatility calculations complete
2026-08-02 00:03:50,730 - options_risk_engine.pricing.chains - INFO - GOOGL put-call parity check: 96 matched strikes, maximum absolute error 0.0000000000
2026-08-02 00:03:50,760 - options_risk_engine.pricing.chains - INFO - GOOGL pricing complete — 134 total calls, 98 total puts, 0 highlighted calls and 12 highlighted puts
2026-08-02 00:03:50,761 - options_risk_engine.pricing.chains - INFO - AMZN beginning option-chain pricing
2026-08-02 00:03:50,762 - options_risk_engine.pricing.chains - INFO - AMZN volatility inputs - RV20: 0.6195, RV60: 0.4402, RV252: 0.3520, forecast: 0.3413
2026-08-02 00:03:51,324 - options_risk_engine.pricing.chains - INFO - AMZN implied volatility calculations complete
2026-08-02 00:03:51,328 - options_risk_engine.pricing.chains - INFO - AMZN put-call parity check: 52 matched strikes, maximum absolute error 0.0000000000
2026-08-02 00:03:51,358 - options_risk_engine.pricing.chains - INFO - AMZN pricing complete — 58 total calls, 52 total puts, 7 highlighted calls and 2 highlighted puts
2026-08-02 00:03:51,358 - options_risk_engine.pricing.chains - INFO - HCA beginning option-chain pricing
2026-08-02 00:03:51,360 - options_risk_engine.pricing.chains - INFO - HCA volatility inputs - RV20: 0.5051, RV60: 0.3752, RV252: 0.3018, forecast: 0.2788
2026-08-02 00:03:51,752 - options_risk_engine.pricing.chains - INFO - HCA implied volatility calculations complete
2026-08-02 00:03:51,756 - options_risk_engine.pricing.chains - INFO - HCA put-call parity check: 56 matched strikes, maximum absolute error 0.0000000000
2026-08-02 00:03:51,786 - options_risk_engine.pricing.chains - INFO - HCA pricing complete — 73 total calls, 59 total puts, 0 highlighted calls and 0 highlighted puts
2026-08-02 00:03:51,787 - options_risk_engine.pricing.chains - INFO - Option pricing finished — 14 full tables, 14 highlighted tables, 7 parity tables and 0 failed tickers
2026-08-02 00:03:51,799 - options_risk_engine.reporting.tables - INFO - Combined 14 option tables into 1211 rows
2026-08-02 00:03:51,800 - options_risk_engine.validation - INFO - Option-universe validation: {'rows': 1211, 'tickers': 7, 'duplicate_contract_symbols': 0, 'invalid_quotes': 417}
2026-08-02 00:03:52,419 - options_risk_engine.database - INFO - Stored 1211 rows in option_pricing_results
2026-08-02 00:03:52,524 - options_risk_engine.pricing.monte_carlo - INFO - Running 10000 Monte Carlo simulations for AAPL
2026-08-02 00:03:52,525 - options_risk_engine.pricing.monte_carlo - INFO - AAPL starting Monte Carlo simulation
2026-08-02 00:03:52,525 - options_risk_engine.pricing.monte_carlo - INFO - AAPL Monte Carlo inputs - S0: 308.91, sigma: 0.2623, T: 0.1288, steps: 34, simulations: 10000
2026-08-02 00:03:52,547 - options_risk_engine.pricing.monte_carlo - INFO - AAPL Monte Carlo simulation complete
2026-08-02 00:03:52,598 - options_risk_engine.pricing.monte_carlo - INFO - AAPL Monte Carlo profit analysis complete
2026-08-02 00:03:52,599 - options_risk_engine.pricing.monte_carlo - INFO - Running 10000 Monte Carlo simulations for MSFT
2026-08-02 00:03:52,599 - options_risk_engine.pricing.monte_carlo - INFO - MSFT starting Monte Carlo simulation
2026-08-02 00:03:52,600 - options_risk_engine.pricing.monte_carlo - INFO - MSFT Monte Carlo inputs - S0: 464.72, sigma: 0.2609, T: 0.1288, steps: 34, simulations: 10000
2026-08-02 00:03:52,615 - options_risk_engine.pricing.monte_carlo - INFO - MSFT Monte Carlo simulation complete
2026-08-02 00:03:52,667 - options_risk_engine.pricing.monte_carlo - INFO - MSFT Monte Carlo profit analysis complete
2026-08-02 00:03:52,667 - options_risk_engine.pricing.monte_carlo - INFO - Running 10000 Monte Carlo simulations for META
2026-08-02 00:03:52,668 - options_risk_engine.pricing.monte_carlo - INFO - META starting Monte Carlo simulation
2026-08-02 00:03:52,669 - options_risk_engine.pricing.monte_carlo - INFO - META Monte Carlo inputs - S0: 556.71, sigma: 0.4131, T: 0.1288, steps: 34, simulations: 10000
2026-08-02 00:03:52,697 - options_risk_engine.pricing.monte_carlo - INFO - META Monte Carlo simulation complete
2026-08-02 00:03:52,780 - options_risk_engine.pricing.monte_carlo - INFO - META Monte Carlo profit analysis complete
2026-08-02 00:03:52,781 - options_risk_engine.pricing.monte_carlo - INFO - Running 10000 Monte Carlo simulations for WMT
2026-08-02 00:03:52,781 - options_risk_engine.pricing.monte_carlo - INFO - WMT starting Monte Carlo simulation
2026-08-02 00:03:52,782 - options_risk_engine.pricing.monte_carlo - INFO - WMT Monte Carlo inputs - S0: 111.20, sigma: 0.2065, T: 0.1288, steps: 34, simulations: 10000
2026-08-02 00:03:52,794 - options_risk_engine.pricing.monte_carlo - INFO - WMT Monte Carlo simulation complete
2026-08-02 00:03:52,821 - options_risk_engine.pricing.monte_carlo - INFO - WMT Monte Carlo profit analysis complete
2026-08-02 00:03:52,822 - options_risk_engine.pricing.monte_carlo - INFO - Running 10000 Monte Carlo simulations for GOOGL
2026-08-02 00:03:52,822 - options_risk_engine.pricing.monte_carlo - INFO - GOOGL starting Monte Carlo simulation
2026-08-02 00:03:52,823 - options_risk_engine.pricing.monte_carlo - INFO - GOOGL Monte Carlo inputs - S0: 356.13, sigma: 0.3099, T: 0.1288, steps: 34, simulations: 10000
2026-08-02 00:03:52,840 - options_risk_engine.pricing.monte_carlo - INFO - GOOGL Monte Carlo simulation complete
2026-08-02 00:03:52,902 - options_risk_engine.pricing.monte_carlo - INFO - GOOGL Monte Carlo profit analysis complete
2026-08-02 00:03:52,902 - options_risk_engine.pricing.monte_carlo - INFO - Running 10000 Monte Carlo simulations for AMZN
2026-08-02 00:03:52,903 - options_risk_engine.pricing.monte_carlo - INFO - AMZN starting Monte Carlo simulation
2026-08-02 00:03:52,904 - options_risk_engine.pricing.monte_carlo - INFO - AMZN Monte Carlo inputs - S0: 271.58, sigma: 0.3413, T: 0.1288, steps: 34, simulations: 10000
2026-08-02 00:03:52,917 - options_risk_engine.pricing.monte_carlo - INFO - AMZN Monte Carlo simulation complete
2026-08-02 00:03:52,954 - options_risk_engine.pricing.monte_carlo - INFO - AMZN Monte Carlo profit analysis complete
2026-08-02 00:03:52,954 - options_risk_engine.pricing.monte_carlo - INFO - Running 10000 Monte Carlo simulations for HCA
2026-08-02 00:03:52,955 - options_risk_engine.pricing.monte_carlo - INFO - HCA starting Monte Carlo simulation
2026-08-02 00:03:52,956 - options_risk_engine.pricing.monte_carlo - INFO - HCA Monte Carlo inputs - S0: 402.59, sigma: 0.2788, T: 0.1288, steps: 34, simulations: 10000
2026-08-02 00:03:52,969 - options_risk_engine.pricing.monte_carlo - INFO - HCA Monte Carlo simulation complete
2026-08-02 00:03:53,011 - options_risk_engine.pricing.monte_carlo - INFO - HCA Monte Carlo profit analysis complete
2026-08-02 00:03:53,022 - options_risk_engine.reporting.tables - INFO - Combined 14 option tables into 1211 rows
2026-08-02 00:03:53,047 - options_risk_engine.reporting.tables - INFO - Created findings table with 52 groups
2026-08-02 00:03:53,095 - options_risk_engine.risk.portfolio - INFO - Preparing option universe for the portfolio risk engine: 1211 rows
2026-08-02 00:03:53,099 - options_risk_engine.risk.portfolio - INFO - Risk-engine input cleaned: 959 usable option rows; 252 rows removed
2026-08-02 00:03:53,104 - options_risk_engine.risk.portfolio - INFO - Created reproducible test option positions: 471 long and 488 short
2026-08-02 00:03:53,116 - options_risk_engine.risk.portfolio - INFO - Added 7 share positions; combined portfolio now contains 966 rows
2026-08-02 00:03:53,119 - options_risk_engine.risk.portfolio - INFO - Portfolio positions prepared: gross market value 17747056.90; current P&L -64853.89
2026-08-02 00:03:53,120 - options_risk_engine.risk.portfolio - INFO - Building current portfolio risk summary from 966 positions
2026-08-02 00:03:53,127 - options_risk_engine.risk.portfolio - INFO - Ticker-level risk calculated for 7 tickers
2026-08-02 00:03:53,128 - options_risk_engine.risk.portfolio - INFO - Portfolio risk summary complete: net value -695290.30; gross value 17747056.90; delta 1591.70
2026-08-02 00:03:53,923 - options_risk_engine.database - INFO - Stored 966 rows in portfolio_positions
2026-08-02 00:03:53,927 - options_risk_engine.database - INFO - Stored 8 rows in portfolio_risk
2026-08-02 00:03:53,933 - options_risk_engine.risk.scenarios - INFO - Generating 1000 random scenarios with up to 30 days forward; seed=42
2026-08-02 00:03:53,937 - options_risk_engine.risk.scenarios - INFO - Scenario generation complete: 1001 total rows including BASE
2026-08-02 00:03:53,964 - options_risk_engine.risk.scenarios - INFO - Starting scenario engine: 966 positions across 1001 scenarios
2026-08-02 00:03:53,973 - options_risk_engine.risk.scenarios - INFO - Scenario positions classified: 565 calls, 394 puts and 7 shares
2026-08-02 00:03:53,986 - options_risk_engine.risk.scenarios - INFO - Base model prices calculated for 966 positions
2026-08-02 00:03:53,990 - options_risk_engine.risk.scenarios - INFO - Revaluing scenario 1/1001: BASE
2026-08-02 00:03:54,378 - options_risk_engine.risk.scenarios - INFO - Revaluing scenario 100/1001: R0099
2026-08-02 00:03:54,725 - options_risk_engine.risk.scenarios - INFO - Revaluing scenario 200/1001: R0199
2026-08-02 00:03:55,071 - options_risk_engine.risk.scenarios - INFO - Revaluing scenario 300/1001: R0299
2026-08-02 00:03:55,415 - options_risk_engine.risk.scenarios - INFO - Revaluing scenario 400/1001: R0399
2026-08-02 00:03:55,760 - options_risk_engine.risk.scenarios - INFO - Revaluing scenario 500/1001: R0499
2026-08-02 00:03:56,106 - options_risk_engine.risk.scenarios - INFO - Revaluing scenario 600/1001: R0599
2026-08-02 00:03:56,451 - options_risk_engine.risk.scenarios - INFO - Revaluing scenario 700/1001: R0699
2026-08-02 00:03:56,794 - options_risk_engine.risk.scenarios - INFO - Revaluing scenario 800/1001: R0799
2026-08-02 00:03:57,137 - options_risk_engine.risk.scenarios - INFO - Revaluing scenario 900/1001: R0899
2026-08-02 00:03:57,480 - options_risk_engine.risk.scenarios - INFO - Revaluing scenario 1000/1001: R0999
2026-08-02 00:03:57,485 - options_risk_engine.risk.scenarios - INFO - Revaluing scenario 1001/1001: R1000
2026-08-02 00:03:57,566 - options_risk_engine.risk.scenarios - INFO - Position-level scenario results created: 966966 rows
2026-08-02 00:03:58,080 - options_risk_engine.risk.scenarios - INFO - Analysing scenario outputs: 966966 position rows, 7007 ticker rows and 1001 portfolio rows
2026-08-02 00:03:58,191 - options_risk_engine.risk.scenarios - INFO - Base scenario validation passed: portfolio P&L 0.00000000
2026-08-02 00:03:58,195 - options_risk_engine.risk.scenarios - INFO - All scenario positions were repriced successfully
2026-08-02 00:03:58,198 - options_risk_engine.risk.scenarios - INFO - Scenario distribution analysed: worst P&L -258559.97; 5th percentile -62580.64; probability of loss 56.00%
2026-08-02 00:03:58,250 - options_risk_engine.risk.scenarios - WARNING - 11 portfolio scenarios breached the 100000.00 loss limit
2026-08-02 00:03:58,251 - options_risk_engine.risk.scenarios - WARNING - 1474 ticker-scenario rows breached the 25000.00 loss limit
2026-08-02 00:03:58,251 - options_risk_engine.risk.scenarios - INFO - Scenario analysis complete; worst scenario is R0950
2026-08-02 00:03:58,764 - options_risk_engine.risk.attribution - INFO - Starting Greek P&L attribution
2026-08-02 00:03:59,236 - options_risk_engine.risk.attribution - INFO - Greek attribution accounting check passed
2026-08-02 00:03:59,237 - options_risk_engine.risk.attribution - INFO - Greek attribution completed for 966966 position-scenario rows and 1001 scenarios
2026-08-02 00:03:59,238 - options_risk_engine.risk.attribution - INFO - Starting Greek attribution analysis
2026-08-02 00:03:59,376 - options_risk_engine.risk.attribution - INFO - Scenario shocks attached to 1001 attribution rows
2026-08-02 00:03:59,377 - options_risk_engine.risk.attribution - INFO - Greek attribution accounting check passed
2026-08-02 00:03:59,520 - options_risk_engine.risk.attribution - INFO - BASE Greek attribution validation passed
2026-08-02 00:04:00,268 - options_risk_engine.risk.attribution - INFO - Greek attribution analysis completed for 1000 scenarios
2026-08-02 00:04:01,375 - options_risk_engine.validation - INFO - All risk-engine validation checks passed
2026-08-02 00:04:01,406 - options_risk_engine.database - INFO - Stored 1001 rows in scenario_definitions
2026-08-02 00:04:05,071 - options_risk_engine.database - INFO - Stored 966966 rows in scenario_position_results
2026-08-02 00:04:18,630 - options_risk_engine.database - INFO - Stored 7007 rows in scenario_ticker_results
2026-08-02 00:04:18,657 - options_risk_engine.database - INFO - Stored 1001 rows in scenario_portfolio_results
2026-08-02 00:04:23,535 - options_risk_engine.database - INFO - Stored 966966 rows in attribution_position_results
2026-08-02 00:04:43,721 - options_risk_engine.database - INFO - Stored 1001 rows in scenario_attribution
2026-08-02 00:13:37,222 - options_risk_engine.database - INFO - SQLite database initialised at /Users/sam/Progressive-Projects/Projects/Option Pricer N Risk Engine/data/options_risk_engine.db
2026-08-02 00:13:37,354 - options_risk_engine.data.market_data - INFO - Downloading historical data for 7 symbols
2026-08-02 00:13:37,795 - options_risk_engine.data.market_data - INFO - Historical data downloaded: 1255 rows
2026-08-02 00:13:39,540 - options_risk_engine.database - INFO - Stored 8785 rows in equity_prices
2026-08-02 00:13:39,601 - options_risk_engine.data.market_data - INFO - Feature dataset created: 1255 rows, 21 engineered features per ticker
2026-08-02 00:13:40,227 - options_risk_engine.database - INFO - Stored 1255 rows in volatility_features
2026-08-02 00:13:40,257 - options_risk_engine.forecasting.volatility - INFO - AAPL starting model evaluation
2026-08-02 00:13:40,261 - options_risk_engine.forecasting.volatility - INFO - AAPL has 971 usable rows and 21 features
2026-08-02 00:13:40,261 - options_risk_engine.forecasting.volatility - INFO - Creating model specifications
2026-08-02 00:13:40,264 - options_risk_engine.forecasting.volatility - INFO - Created 34 model configurations
2026-08-02 00:13:40,264 - options_risk_engine.forecasting.volatility - INFO - AAPL walk-forward starts at row 284 with window=30, step=30, purge=32
2026-08-02 00:13:58,701 - options_risk_engine.forecasting.volatility - INFO - AAPL completed 22 walk-forward folds
2026-08-02 00:13:58,702 - options_risk_engine.forecasting.volatility - INFO - AAPL calculating model comparison metrics
2026-08-02 00:13:58,705 - options_risk_engine.forecasting.volatility - INFO - AAPL Train Mean           alpha=None RMSE=0.10960 NRMSE=1.04761 R2=-0.09748 IC=-0.48458
2026-08-02 00:13:58,707 - options_risk_engine.forecasting.volatility - INFO - AAPL RV20 Baseline        alpha=None RMSE=0.13733 NRMSE=1.31268 R2=-0.72312 IC=0.22482
2026-08-02 00:13:58,709 - options_risk_engine.forecasting.volatility - INFO - AAPL OLS                  alpha=None RMSE=0.14282 NRMSE=1.36521 R2=-0.86379 IC=-0.02723
2026-08-02 00:13:58,710 - options_risk_engine.forecasting.volatility - INFO - AAPL OLS PCA              alpha=None RMSE=0.12644 NRMSE=1.20862 R2=-0.46075 IC=0.00080
2026-08-02 00:13:58,712 - options_risk_engine.forecasting.volatility - INFO - AAPL Ridge                alpha=0.0001 RMSE=0.14282 NRMSE=1.36520 R2=-0.86376 IC=-0.02723
2026-08-02 00:13:58,714 - options_risk_engine.forecasting.volatility - INFO - AAPL Ridge                alpha=0.001 RMSE=0.14281 NRMSE=1.36512 R2=-0.86355 IC=-0.02721
2026-08-02 00:13:58,716 - options_risk_engine.forecasting.volatility - INFO - AAPL Ridge                alpha=0.01 RMSE=0.14273 NRMSE=1.36436 R2=-0.86147 IC=-0.02704
2026-08-02 00:13:58,718 - options_risk_engine.forecasting.volatility - INFO - AAPL Ridge                alpha=0.1 RMSE=0.14201 NRMSE=1.35748 R2=-0.84274 IC=-0.02493
2026-08-02 00:13:58,720 - options_risk_engine.forecasting.volatility - INFO - AAPL Ridge                alpha=1 RMSE=0.13805 NRMSE=1.31959 R2=-0.74132 IC=-0.00726
2026-08-02 00:13:58,722 - options_risk_engine.forecasting.volatility - INFO - AAPL Ridge                alpha=10 RMSE=0.12879 NRMSE=1.23109 R2=-0.51558 IC=0.03284
2026-08-02 00:13:58,725 - options_risk_engine.forecasting.volatility - INFO - AAPL Ridge                alpha=100 RMSE=0.11727 NRMSE=1.12098 R2=-0.25659 IC=0.08764
2026-08-02 00:13:58,727 - options_risk_engine.forecasting.volatility - INFO - AAPL Ridge                alpha=1000 RMSE=0.10993 NRMSE=1.05079 R2=-0.10416 IC=0.14536
2026-08-02 00:13:58,729 - options_risk_engine.forecasting.volatility - INFO - AAPL Ridge PCA            alpha=0.0001 RMSE=0.12644 NRMSE=1.20862 R2=-0.46075 IC=0.00080
2026-08-02 00:13:58,731 - options_risk_engine.forecasting.volatility - INFO - AAPL Ridge PCA            alpha=0.001 RMSE=0.12644 NRMSE=1.20861 R2=-0.46075 IC=0.00080
2026-08-02 00:13:58,733 - options_risk_engine.forecasting.volatility - INFO - AAPL Ridge PCA            alpha=0.01 RMSE=0.12644 NRMSE=1.20860 R2=-0.46072 IC=0.00081
2026-08-02 00:13:58,737 - options_risk_engine.forecasting.volatility - INFO - AAPL Ridge PCA            alpha=0.1 RMSE=0.12643 NRMSE=1.20846 R2=-0.46039 IC=0.00091
2026-08-02 00:13:58,751 - options_risk_engine.forecasting.volatility - INFO - AAPL Ridge PCA            alpha=1 RMSE=0.12628 NRMSE=1.20711 R2=-0.45711 IC=0.00188
2026-08-02 00:13:58,754 - options_risk_engine.forecasting.volatility - INFO - AAPL Ridge PCA            alpha=10 RMSE=0.12498 NRMSE=1.19461 R2=-0.42710 IC=0.01113
2026-08-02 00:13:58,756 - options_risk_engine.forecasting.volatility - INFO - AAPL Ridge PCA            alpha=100 RMSE=0.11804 NRMSE=1.12834 R2=-0.27315 IC=0.07141
2026-08-02 00:13:58,758 - options_risk_engine.forecasting.volatility - INFO - AAPL Ridge PCA            alpha=1000 RMSE=0.11031 NRMSE=1.05443 R2=-0.11183 IC=0.14089
2026-08-02 00:13:58,760 - options_risk_engine.forecasting.volatility - INFO - AAPL Lasso                alpha=0.0001 RMSE=0.14003 NRMSE=1.33849 R2=-0.79156 IC=-0.01808
2026-08-02 00:13:58,761 - options_risk_engine.forecasting.volatility - INFO - AAPL Lasso                alpha=0.001 RMSE=0.12662 NRMSE=1.21037 R2=-0.46498 IC=0.01207
2026-08-02 00:13:58,763 - options_risk_engine.forecasting.volatility - INFO - AAPL Lasso                alpha=0.01 RMSE=0.11395 NRMSE=1.08924 R2=-0.18645 IC=0.04100
2026-08-02 00:13:58,767 - options_risk_engine.forecasting.volatility - INFO - AAPL Lasso                alpha=0.1 RMSE=0.10960 NRMSE=1.04761 R2=-0.09748 IC=-0.48458
2026-08-02 00:13:58,769 - options_risk_engine.forecasting.volatility - INFO - AAPL Lasso                alpha=1 RMSE=0.10960 NRMSE=1.04761 R2=-0.09748 IC=-0.48458
2026-08-02 00:13:58,770 - options_risk_engine.forecasting.volatility - INFO - AAPL Lasso PCA            alpha=0.0001 RMSE=0.12637 NRMSE=1.20793 R2=-0.45910 IC=0.00095
2026-08-02 00:13:58,773 - options_risk_engine.forecasting.volatility - INFO - AAPL Lasso PCA            alpha=0.001 RMSE=0.12570 NRMSE=1.20156 R2=-0.44375 IC=0.00222
2026-08-02 00:13:58,775 - options_risk_engine.forecasting.volatility - INFO - AAPL Lasso PCA            alpha=0.01 RMSE=0.11686 NRMSE=1.11705 R2=-0.24780 IC=0.06681
2026-08-02 00:13:58,776 - options_risk_engine.forecasting.volatility - INFO - AAPL Lasso PCA            alpha=0.1 RMSE=0.10562 NRMSE=1.00955 R2=-0.01919 IC=0.05694
2026-08-02 00:13:58,778 - options_risk_engine.forecasting.volatility - INFO - AAPL Lasso PCA            alpha=1 RMSE=0.10960 NRMSE=1.04761 R2=-0.09748 IC=-0.48458
2026-08-02 00:13:58,780 - options_risk_engine.forecasting.volatility - INFO - AAPL Random Forest        alpha=None RMSE=0.13702 NRMSE=1.30974 R2=-0.71541 IC=-0.04701
2026-08-02 00:13:58,783 - options_risk_engine.forecasting.volatility - INFO - AAPL Gradient Boosting    alpha=None RMSE=0.12818 NRMSE=1.22525 R2=-0.50124 IC=-0.03088
2026-08-02 00:13:58,785 - options_risk_engine.forecasting.volatility - INFO - AAPL HAR-RV               alpha=None RMSE=0.12635 NRMSE=1.20779 R2=-0.45875 IC=-0.01064
2026-08-02 00:13:58,787 - options_risk_engine.forecasting.volatility - INFO - AAPL GARCH                alpha=None RMSE=0.11599 NRMSE=1.10875 R2=-0.22933 IC=0.14354
2026-08-02 00:13:58,789 - options_risk_engine.forecasting.volatility - INFO - AAPL evaluation complete - best model=Lasso PCA, alpha=0.1, RMSE=0.10562, NRMSE=1.00955
2026-08-02 00:13:58,794 - options_risk_engine.forecasting.volatility - INFO - MSFT starting model evaluation
2026-08-02 00:13:58,796 - options_risk_engine.forecasting.volatility - INFO - MSFT has 971 usable rows and 21 features
2026-08-02 00:13:58,796 - options_risk_engine.forecasting.volatility - INFO - Creating model specifications
2026-08-02 00:13:58,797 - options_risk_engine.forecasting.volatility - INFO - Created 34 model configurations
2026-08-02 00:13:58,798 - options_risk_engine.forecasting.volatility - INFO - MSFT walk-forward starts at row 284 with window=30, step=30, purge=32
2026-08-02 00:14:15,251 - options_risk_engine.forecasting.volatility - INFO - MSFT completed 22 walk-forward folds
2026-08-02 00:14:15,253 - options_risk_engine.forecasting.volatility - INFO - MSFT calculating model comparison metrics
2026-08-02 00:14:15,255 - options_risk_engine.forecasting.volatility - INFO - MSFT Train Mean           alpha=None RMSE=0.08842 NRMSE=1.18225 R2=-0.39772 IC=-0.35506
2026-08-02 00:14:15,257 - options_risk_engine.forecasting.volatility - INFO - MSFT RV20 Baseline        alpha=None RMSE=0.10463 NRMSE=1.39906 R2=-0.95737 IC=0.12329
2026-08-02 00:14:15,259 - options_risk_engine.forecasting.volatility - INFO - MSFT OLS                  alpha=None RMSE=0.09843 NRMSE=1.31606 R2=-0.73202 IC=-0.01404
2026-08-02 00:14:15,260 - options_risk_engine.forecasting.volatility - INFO - MSFT OLS PCA              alpha=None RMSE=0.09562 NRMSE=1.27859 R2=-0.63480 IC=-0.07146
2026-08-02 00:14:15,262 - options_risk_engine.forecasting.volatility - INFO - MSFT Ridge                alpha=0.0001 RMSE=0.09843 NRMSE=1.31606 R2=-0.73202 IC=-0.01406
2026-08-02 00:14:15,264 - options_risk_engine.forecasting.volatility - INFO - MSFT Ridge                alpha=0.001 RMSE=0.09843 NRMSE=1.31606 R2=-0.73201 IC=-0.01430
2026-08-02 00:14:15,266 - options_risk_engine.forecasting.volatility - INFO - MSFT Ridge                alpha=0.01 RMSE=0.09842 NRMSE=1.31602 R2=-0.73190 IC=-0.01655
2026-08-02 00:14:15,268 - options_risk_engine.forecasting.volatility - INFO - MSFT Ridge                alpha=0.1 RMSE=0.09836 NRMSE=1.31518 R2=-0.72970 IC=-0.03094
2026-08-02 00:14:15,270 - options_risk_engine.forecasting.volatility - INFO - MSFT Ridge                alpha=1 RMSE=0.09780 NRMSE=1.30775 R2=-0.71020 IC=-0.05072
2026-08-02 00:14:15,272 - options_risk_engine.forecasting.volatility - INFO - MSFT Ridge                alpha=10 RMSE=0.09637 NRMSE=1.28861 R2=-0.66052 IC=-0.05241
2026-08-02 00:14:15,274 - options_risk_engine.forecasting.volatility - INFO - MSFT Ridge                alpha=100 RMSE=0.09140 NRMSE=1.22216 R2=-0.49368 IC=-0.03740
2026-08-02 00:14:15,277 - options_risk_engine.forecasting.volatility - INFO - MSFT Ridge                alpha=1000 RMSE=0.08417 NRMSE=1.12539 R2=-0.26651 IC=-0.03361
2026-08-02 00:14:15,278 - options_risk_engine.forecasting.volatility - INFO - MSFT Ridge PCA            alpha=0.0001 RMSE=0.09562 NRMSE=1.27859 R2=-0.63480 IC=-0.07146
2026-08-02 00:14:15,280 - options_risk_engine.forecasting.volatility - INFO - MSFT Ridge PCA            alpha=0.001 RMSE=0.09562 NRMSE=1.27859 R2=-0.63480 IC=-0.07146
2026-08-02 00:14:15,283 - options_risk_engine.forecasting.volatility - INFO - MSFT Ridge PCA            alpha=0.01 RMSE=0.09562 NRMSE=1.27858 R2=-0.63478 IC=-0.07145
2026-08-02 00:14:15,285 - options_risk_engine.forecasting.volatility - INFO - MSFT Ridge PCA            alpha=0.1 RMSE=0.09562 NRMSE=1.27850 R2=-0.63455 IC=-0.07142
2026-08-02 00:14:15,286 - options_risk_engine.forecasting.volatility - INFO - MSFT Ridge PCA            alpha=1 RMSE=0.09555 NRMSE=1.27761 R2=-0.63228 IC=-0.07109
2026-08-02 00:14:15,288 - options_risk_engine.forecasting.volatility - INFO - MSFT Ridge PCA            alpha=10 RMSE=0.09492 NRMSE=1.26923 R2=-0.61096 IC=-0.06792
2026-08-02 00:14:15,290 - options_risk_engine.forecasting.volatility - INFO - MSFT Ridge PCA            alpha=100 RMSE=0.09097 NRMSE=1.21631 R2=-0.47942 IC=-0.04782
2026-08-02 00:14:15,292 - options_risk_engine.forecasting.volatility - INFO - MSFT Ridge PCA            alpha=1000 RMSE=0.08422 NRMSE=1.12610 R2=-0.26809 IC=-0.03965
2026-08-02 00:14:15,294 - options_risk_engine.forecasting.volatility - INFO - MSFT Lasso                alpha=0.0001 RMSE=0.09819 NRMSE=1.31288 R2=-0.72366 IC=-0.03737
2026-08-02 00:14:15,296 - options_risk_engine.forecasting.volatility - INFO - MSFT Lasso                alpha=0.001 RMSE=0.09536 NRMSE=1.27508 R2=-0.62582 IC=-0.08360
2026-08-02 00:14:15,297 - options_risk_engine.forecasting.volatility - INFO - MSFT Lasso                alpha=0.01 RMSE=0.08695 NRMSE=1.16263 R2=-0.35170 IC=-0.11584
2026-08-02 00:14:15,299 - options_risk_engine.forecasting.volatility - INFO - MSFT Lasso                alpha=0.1 RMSE=0.08842 NRMSE=1.18225 R2=-0.39772 IC=-0.35506
2026-08-02 00:14:15,301 - options_risk_engine.forecasting.volatility - INFO - MSFT Lasso                alpha=1 RMSE=0.08842 NRMSE=1.18225 R2=-0.39772 IC=-0.35506
2026-08-02 00:14:15,302 - options_risk_engine.forecasting.volatility - INFO - MSFT Lasso PCA            alpha=0.0001 RMSE=0.09551 NRMSE=1.27701 R2=-0.63076 IC=-0.07138
2026-08-02 00:14:15,304 - options_risk_engine.forecasting.volatility - INFO - MSFT Lasso PCA            alpha=0.001 RMSE=0.09455 NRMSE=1.26416 R2=-0.59811 IC=-0.07083
2026-08-02 00:14:15,307 - options_risk_engine.forecasting.volatility - INFO - MSFT Lasso PCA            alpha=0.01 RMSE=0.08802 NRMSE=1.17691 R2=-0.38513 IC=-0.07801
2026-08-02 00:14:15,309 - options_risk_engine.forecasting.volatility - INFO - MSFT Lasso PCA            alpha=0.1 RMSE=0.08625 NRMSE=1.15323 R2=-0.32994 IC=-0.29033
2026-08-02 00:14:15,310 - options_risk_engine.forecasting.volatility - INFO - MSFT Lasso PCA            alpha=1 RMSE=0.08842 NRMSE=1.18225 R2=-0.39772 IC=-0.35506
2026-08-02 00:14:15,312 - options_risk_engine.forecasting.volatility - INFO - MSFT Random Forest        alpha=None RMSE=0.10444 NRMSE=1.39653 R2=-0.95029 IC=-0.06790
2026-08-02 00:14:15,314 - options_risk_engine.forecasting.volatility - INFO - MSFT Gradient Boosting    alpha=None RMSE=0.10102 NRMSE=1.35068 R2=-0.82432 IC=-0.06634
2026-08-02 00:14:15,316 - options_risk_engine.forecasting.volatility - INFO - MSFT HAR-RV               alpha=None RMSE=0.09716 NRMSE=1.29912 R2=-0.68771 IC=-0.13337
2026-08-02 00:14:15,318 - options_risk_engine.forecasting.volatility - INFO - MSFT GARCH                alpha=None RMSE=0.08325 NRMSE=1.11312 R2=-0.23903 IC=0.04316
2026-08-02 00:14:15,319 - options_risk_engine.forecasting.volatility - INFO - MSFT evaluation complete - best model=GARCH, alpha=nan, RMSE=0.08325, NRMSE=1.11312
2026-08-02 00:14:15,323 - options_risk_engine.forecasting.volatility - INFO - META starting model evaluation
2026-08-02 00:14:15,325 - options_risk_engine.forecasting.volatility - INFO - META has 971 usable rows and 21 features
2026-08-02 00:14:15,326 - options_risk_engine.forecasting.volatility - INFO - Creating model specifications
2026-08-02 00:14:15,326 - options_risk_engine.forecasting.volatility - INFO - Created 34 model configurations
2026-08-02 00:14:15,327 - options_risk_engine.forecasting.volatility - INFO - META walk-forward starts at row 284 with window=30, step=30, purge=32
2026-08-02 00:14:32,135 - options_risk_engine.forecasting.volatility - INFO - META completed 22 walk-forward folds
2026-08-02 00:14:32,136 - options_risk_engine.forecasting.volatility - INFO - META calculating model comparison metrics
2026-08-02 00:14:32,138 - options_risk_engine.forecasting.volatility - INFO - META Train Mean           alpha=None RMSE=0.14507 NRMSE=1.19096 R2=-0.41839 IC=-0.12845
2026-08-02 00:14:32,140 - options_risk_engine.forecasting.volatility - INFO - META RV20 Baseline        alpha=None RMSE=0.20570 NRMSE=1.68873 R2=-1.85181 IC=-0.17340
2026-08-02 00:14:32,142 - options_risk_engine.forecasting.volatility - INFO - META OLS                  alpha=None RMSE=0.20237 NRMSE=1.66144 R2=-1.76039 IC=-0.12234
2026-08-02 00:14:32,144 - options_risk_engine.forecasting.volatility - INFO - META OLS PCA              alpha=None RMSE=0.15624 NRMSE=1.28268 R2=-0.64527 IC=0.02020
2026-08-02 00:14:32,145 - options_risk_engine.forecasting.volatility - INFO - META Ridge                alpha=0.0001 RMSE=0.20235 NRMSE=1.66123 R2=-1.75970 IC=-0.12233
2026-08-02 00:14:32,147 - options_risk_engine.forecasting.volatility - INFO - META Ridge                alpha=0.001 RMSE=0.20212 NRMSE=1.65936 R2=-1.75349 IC=-0.12216
2026-08-02 00:14:32,149 - options_risk_engine.forecasting.volatility - INFO - META Ridge                alpha=0.01 RMSE=0.19996 NRMSE=1.64164 R2=-1.69500 IC=-0.12046
2026-08-02 00:14:32,152 - options_risk_engine.forecasting.volatility - INFO - META Ridge                alpha=0.1 RMSE=0.18614 NRMSE=1.52814 R2=-1.33522 IC=-0.10331
2026-08-02 00:14:32,154 - options_risk_engine.forecasting.volatility - INFO - META Ridge                alpha=1 RMSE=0.16780 NRMSE=1.37760 R2=-0.89779 IC=-0.04000
2026-08-02 00:14:32,156 - options_risk_engine.forecasting.volatility - INFO - META Ridge                alpha=10 RMSE=0.16220 NRMSE=1.33163 R2=-0.77324 IC=0.00200
2026-08-02 00:14:32,158 - options_risk_engine.forecasting.volatility - INFO - META Ridge                alpha=100 RMSE=0.14859 NRMSE=1.21988 R2=-0.48810 IC=-0.00626
2026-08-02 00:14:32,160 - options_risk_engine.forecasting.volatility - INFO - META Ridge                alpha=1000 RMSE=0.13927 NRMSE=1.14336 R2=-0.30727 IC=-0.13577
2026-08-02 00:14:32,162 - options_risk_engine.forecasting.volatility - INFO - META Ridge PCA            alpha=0.0001 RMSE=0.15624 NRMSE=1.28268 R2=-0.64527 IC=0.02020
2026-08-02 00:14:32,164 - options_risk_engine.forecasting.volatility - INFO - META Ridge PCA            alpha=0.001 RMSE=0.15624 NRMSE=1.28268 R2=-0.64527 IC=0.02020
2026-08-02 00:14:32,166 - options_risk_engine.forecasting.volatility - INFO - META Ridge PCA            alpha=0.01 RMSE=0.15624 NRMSE=1.28267 R2=-0.64524 IC=0.02020
2026-08-02 00:14:32,168 - options_risk_engine.forecasting.volatility - INFO - META Ridge PCA            alpha=0.1 RMSE=0.15622 NRMSE=1.28257 R2=-0.64498 IC=0.02017
2026-08-02 00:14:32,170 - options_risk_engine.forecasting.volatility - INFO - META Ridge PCA            alpha=1 RMSE=0.15610 NRMSE=1.28154 R2=-0.64235 IC=0.01986
2026-08-02 00:14:32,172 - options_risk_engine.forecasting.volatility - INFO - META Ridge PCA            alpha=10 RMSE=0.15492 NRMSE=1.27188 R2=-0.61768 IC=0.01678
2026-08-02 00:14:32,174 - options_risk_engine.forecasting.volatility - INFO - META Ridge PCA            alpha=100 RMSE=0.14773 NRMSE=1.21280 R2=-0.47090 IC=-0.01070
2026-08-02 00:14:32,176 - options_risk_engine.forecasting.volatility - INFO - META Ridge PCA            alpha=1000 RMSE=0.13981 NRMSE=1.14781 R2=-0.31746 IC=-0.13662
2026-08-02 00:14:32,178 - options_risk_engine.forecasting.volatility - INFO - META Lasso                alpha=0.0001 RMSE=0.18685 NRMSE=1.53400 R2=-1.35316 IC=-0.12708
2026-08-02 00:14:32,179 - options_risk_engine.forecasting.volatility - INFO - META Lasso                alpha=0.001 RMSE=0.16370 NRMSE=1.34396 R2=-0.80623 IC=0.00980
2026-08-02 00:14:32,181 - options_risk_engine.forecasting.volatility - INFO - META Lasso                alpha=0.01 RMSE=0.15531 NRMSE=1.27504 R2=-0.62573 IC=0.01041
2026-08-02 00:14:32,183 - options_risk_engine.forecasting.volatility - INFO - META Lasso                alpha=0.1 RMSE=0.14562 NRMSE=1.19552 R2=-0.42928 IC=-0.13743
2026-08-02 00:14:32,185 - options_risk_engine.forecasting.volatility - INFO - META Lasso                alpha=1 RMSE=0.14507 NRMSE=1.19096 R2=-0.41839 IC=-0.12845
2026-08-02 00:14:32,186 - options_risk_engine.forecasting.volatility - INFO - META Lasso PCA            alpha=0.0001 RMSE=0.15614 NRMSE=1.28192 R2=-0.64331 IC=0.01987
2026-08-02 00:14:32,188 - options_risk_engine.forecasting.volatility - INFO - META Lasso PCA            alpha=0.001 RMSE=0.15532 NRMSE=1.27517 R2=-0.62606 IC=0.01679
2026-08-02 00:14:32,190 - options_risk_engine.forecasting.volatility - INFO - META Lasso PCA            alpha=0.01 RMSE=0.14884 NRMSE=1.22192 R2=-0.49308 IC=-0.02273
2026-08-02 00:14:32,192 - options_risk_engine.forecasting.volatility - INFO - META Lasso PCA            alpha=0.1 RMSE=0.14774 NRMSE=1.21292 R2=-0.47117 IC=-0.26553
2026-08-02 00:14:32,195 - options_risk_engine.forecasting.volatility - INFO - META Lasso PCA            alpha=1 RMSE=0.14507 NRMSE=1.19096 R2=-0.41839 IC=-0.12845
2026-08-02 00:14:32,196 - options_risk_engine.forecasting.volatility - INFO - META Random Forest        alpha=None RMSE=0.16794 NRMSE=1.37878 R2=-0.90104 IC=-0.09358
2026-08-02 00:14:32,198 - options_risk_engine.forecasting.volatility - INFO - META Gradient Boosting    alpha=None RMSE=0.15253 NRMSE=1.25224 R2=-0.56811 IC=0.02300
2026-08-02 00:14:32,200 - options_risk_engine.forecasting.volatility - INFO - META HAR-RV               alpha=None RMSE=0.16757 NRMSE=1.37573 R2=-0.89262 IC=0.01569
2026-08-02 00:14:32,201 - options_risk_engine.forecasting.volatility - INFO - META GARCH                alpha=None RMSE=0.21776 NRMSE=1.78777 R2=-2.19611 IC=-0.01975
2026-08-02 00:14:32,203 - options_risk_engine.forecasting.volatility - INFO - META evaluation complete - best model=Ridge, alpha=1000.0, RMSE=0.13927, NRMSE=1.14336
2026-08-02 00:14:32,225 - options_risk_engine.forecasting.volatility - INFO - WMT starting model evaluation
2026-08-02 00:14:32,258 - options_risk_engine.forecasting.volatility - INFO - WMT has 971 usable rows and 21 features
2026-08-02 00:14:32,259 - options_risk_engine.forecasting.volatility - INFO - Creating model specifications
2026-08-02 00:14:32,259 - options_risk_engine.forecasting.volatility - INFO - Created 34 model configurations
2026-08-02 00:14:32,260 - options_risk_engine.forecasting.volatility - INFO - WMT walk-forward starts at row 284 with window=30, step=30, purge=32
2026-08-02 00:14:49,085 - options_risk_engine.forecasting.volatility - INFO - WMT completed 22 walk-forward folds
2026-08-02 00:14:49,086 - options_risk_engine.forecasting.volatility - INFO - WMT calculating model comparison metrics
2026-08-02 00:14:49,088 - options_risk_engine.forecasting.volatility - INFO - WMT Train Mean           alpha=None RMSE=0.07943 NRMSE=1.12322 R2=-0.26161 IC=0.23053
2026-08-02 00:14:49,090 - options_risk_engine.forecasting.volatility - INFO - WMT RV20 Baseline        alpha=None RMSE=0.09972 NRMSE=1.41001 R2=-0.98812 IC=0.16391
2026-08-02 00:14:49,092 - options_risk_engine.forecasting.volatility - INFO - WMT OLS                  alpha=None RMSE=0.10481 NRMSE=1.48210 R2=-1.19661 IC=-0.01524
2026-08-02 00:14:49,094 - options_risk_engine.forecasting.volatility - INFO - WMT OLS PCA              alpha=None RMSE=0.08305 NRMSE=1.17429 R2=-0.37896 IC=0.03277
2026-08-02 00:14:49,095 - options_risk_engine.forecasting.volatility - INFO - WMT Ridge                alpha=0.0001 RMSE=0.10481 NRMSE=1.48199 R2=-1.19631 IC=-0.01525
2026-08-02 00:14:49,097 - options_risk_engine.forecasting.volatility - INFO - WMT Ridge                alpha=0.001 RMSE=0.10474 NRMSE=1.48108 R2=-1.19359 IC=-0.01530
2026-08-02 00:14:49,099 - options_risk_engine.forecasting.volatility - INFO - WMT Ridge                alpha=0.01 RMSE=0.10413 NRMSE=1.47245 R2=-1.16811 IC=-0.01578
2026-08-02 00:14:49,101 - options_risk_engine.forecasting.volatility - INFO - WMT Ridge                alpha=0.1 RMSE=0.10027 NRMSE=1.41782 R2=-1.01022 IC=-0.01894
2026-08-02 00:14:49,103 - options_risk_engine.forecasting.volatility - INFO - WMT Ridge                alpha=1 RMSE=0.09354 NRMSE=1.32271 R2=-0.74956 IC=-0.01860
2026-08-02 00:14:49,105 - options_risk_engine.forecasting.volatility - INFO - WMT Ridge                alpha=10 RMSE=0.08761 NRMSE=1.23883 R2=-0.53469 IC=0.02083
2026-08-02 00:14:49,108 - options_risk_engine.forecasting.volatility - INFO - WMT Ridge                alpha=100 RMSE=0.08149 NRMSE=1.15225 R2=-0.32768 IC=0.07524
2026-08-02 00:14:49,110 - options_risk_engine.forecasting.volatility - INFO - WMT Ridge                alpha=1000 RMSE=0.07914 NRMSE=1.11904 R2=-0.25225 IC=0.11965
2026-08-02 00:14:49,112 - options_risk_engine.forecasting.volatility - INFO - WMT Ridge PCA            alpha=0.0001 RMSE=0.08305 NRMSE=1.17429 R2=-0.37896 IC=0.03277
2026-08-02 00:14:49,114 - options_risk_engine.forecasting.volatility - INFO - WMT Ridge PCA            alpha=0.001 RMSE=0.08305 NRMSE=1.17429 R2=-0.37896 IC=0.03277
2026-08-02 00:14:49,116 - options_risk_engine.forecasting.volatility - INFO - WMT Ridge PCA            alpha=0.01 RMSE=0.08305 NRMSE=1.17429 R2=-0.37895 IC=0.03277
2026-08-02 00:14:49,118 - options_risk_engine.forecasting.volatility - INFO - WMT Ridge PCA            alpha=0.1 RMSE=0.08304 NRMSE=1.17425 R2=-0.37887 IC=0.03281
2026-08-02 00:14:49,120 - options_risk_engine.forecasting.volatility - INFO - WMT Ridge PCA            alpha=1 RMSE=0.08302 NRMSE=1.17389 R2=-0.37801 IC=0.03316
2026-08-02 00:14:49,122 - options_risk_engine.forecasting.volatility - INFO - WMT Ridge PCA            alpha=10 RMSE=0.08278 NRMSE=1.17049 R2=-0.37005 IC=0.03654
2026-08-02 00:14:49,125 - options_risk_engine.forecasting.volatility - INFO - WMT Ridge PCA            alpha=100 RMSE=0.08141 NRMSE=1.15112 R2=-0.32509 IC=0.06005
2026-08-02 00:14:49,127 - options_risk_engine.forecasting.volatility - INFO - WMT Ridge PCA            alpha=1000 RMSE=0.07945 NRMSE=1.12342 R2=-0.26208 IC=0.11297
2026-08-02 00:14:49,128 - options_risk_engine.forecasting.volatility - INFO - WMT Lasso                alpha=0.0001 RMSE=0.09299 NRMSE=1.31489 R2=-0.72895 IC=-0.00161
2026-08-02 00:14:49,130 - options_risk_engine.forecasting.volatility - INFO - WMT Lasso                alpha=0.001 RMSE=0.08682 NRMSE=1.22763 R2=-0.50708 IC=0.01923
2026-08-02 00:14:49,132 - options_risk_engine.forecasting.volatility - INFO - WMT Lasso                alpha=0.01 RMSE=0.08319 NRMSE=1.17635 R2=-0.38381 IC=-0.06812
2026-08-02 00:14:49,134 - options_risk_engine.forecasting.volatility - INFO - WMT Lasso                alpha=0.1 RMSE=0.07943 NRMSE=1.12322 R2=-0.26161 IC=0.23053
2026-08-02 00:14:49,136 - options_risk_engine.forecasting.volatility - INFO - WMT Lasso                alpha=1 RMSE=0.07943 NRMSE=1.12322 R2=-0.26161 IC=0.23053
2026-08-02 00:14:49,138 - options_risk_engine.forecasting.volatility - INFO - WMT Lasso PCA            alpha=0.0001 RMSE=0.08296 NRMSE=1.17314 R2=-0.37626 IC=0.03383
2026-08-02 00:14:49,141 - options_risk_engine.forecasting.volatility - INFO - WMT Lasso PCA            alpha=0.001 RMSE=0.08229 NRMSE=1.16364 R2=-0.35405 IC=0.04331
2026-08-02 00:14:49,143 - options_risk_engine.forecasting.volatility - INFO - WMT Lasso PCA            alpha=0.01 RMSE=0.08131 NRMSE=1.14975 R2=-0.32193 IC=0.08996
2026-08-02 00:14:49,145 - options_risk_engine.forecasting.volatility - INFO - WMT Lasso PCA            alpha=0.1 RMSE=0.07997 NRMSE=1.13082 R2=-0.27875 IC=0.18300
2026-08-02 00:14:49,148 - options_risk_engine.forecasting.volatility - INFO - WMT Lasso PCA            alpha=1 RMSE=0.07943 NRMSE=1.12322 R2=-0.26161 IC=0.23053
2026-08-02 00:14:49,150 - options_risk_engine.forecasting.volatility - INFO - WMT Random Forest        alpha=None RMSE=0.08544 NRMSE=1.20817 R2=-0.45967 IC=-0.06587
2026-08-02 00:14:49,152 - options_risk_engine.forecasting.volatility - INFO - WMT Gradient Boosting    alpha=None RMSE=0.08808 NRMSE=1.24541 R2=-0.55105 IC=-0.07817
2026-08-02 00:14:49,154 - options_risk_engine.forecasting.volatility - INFO - WMT HAR-RV               alpha=None RMSE=0.08569 NRMSE=1.21167 R2=-0.46814 IC=-0.19011
2026-08-02 00:14:49,188 - options_risk_engine.forecasting.volatility - INFO - WMT GARCH                alpha=None RMSE=0.08412 NRMSE=1.18944 R2=-0.41477 IC=0.12353
2026-08-02 00:14:49,197 - options_risk_engine.forecasting.volatility - INFO - WMT evaluation complete - best model=Ridge, alpha=1000.0, RMSE=0.07914, NRMSE=1.11904
2026-08-02 00:14:49,212 - options_risk_engine.forecasting.volatility - INFO - GOOGL starting model evaluation
2026-08-02 00:14:49,221 - options_risk_engine.forecasting.volatility - INFO - GOOGL has 971 usable rows and 21 features
2026-08-02 00:14:49,222 - options_risk_engine.forecasting.volatility - INFO - Creating model specifications
2026-08-02 00:14:49,222 - options_risk_engine.forecasting.volatility - INFO - Created 34 model configurations
2026-08-02 00:14:49,223 - options_risk_engine.forecasting.volatility - INFO - GOOGL walk-forward starts at row 284 with window=30, step=30, purge=32
2026-08-02 00:15:05,930 - options_risk_engine.forecasting.volatility - INFO - GOOGL completed 22 walk-forward folds
2026-08-02 00:15:05,930 - options_risk_engine.forecasting.volatility - INFO - GOOGL calculating model comparison metrics
2026-08-02 00:15:05,932 - options_risk_engine.forecasting.volatility - INFO - GOOGL Train Mean           alpha=None RMSE=0.07436 NRMSE=1.07006 R2=-0.14504 IC=-0.20185
2026-08-02 00:15:05,934 - options_risk_engine.forecasting.volatility - INFO - GOOGL RV20 Baseline        alpha=None RMSE=0.11222 NRMSE=1.61476 R2=-1.60746 IC=-0.03534
2026-08-02 00:15:05,936 - options_risk_engine.forecasting.volatility - INFO - GOOGL OLS                  alpha=None RMSE=0.09815 NRMSE=1.41226 R2=-0.99448 IC=0.12447
2026-08-02 00:15:05,938 - options_risk_engine.forecasting.volatility - INFO - GOOGL OLS PCA              alpha=None RMSE=0.08116 NRMSE=1.16786 R2=-0.36389 IC=-0.01548
2026-08-02 00:15:05,940 - options_risk_engine.forecasting.volatility - INFO - GOOGL Ridge                alpha=0.0001 RMSE=0.09813 NRMSE=1.41207 R2=-0.99396 IC=0.12444
2026-08-02 00:15:05,941 - options_risk_engine.forecasting.volatility - INFO - GOOGL Ridge                alpha=0.001 RMSE=0.09802 NRMSE=1.41043 R2=-0.98930 IC=0.12419
2026-08-02 00:15:05,943 - options_risk_engine.forecasting.volatility - INFO - GOOGL Ridge                alpha=0.01 RMSE=0.09697 NRMSE=1.39539 R2=-0.94712 IC=0.12174
2026-08-02 00:15:05,945 - options_risk_engine.forecasting.volatility - INFO - GOOGL Ridge                alpha=0.1 RMSE=0.09173 NRMSE=1.31991 R2=-0.74216 IC=0.10369
2026-08-02 00:15:05,947 - options_risk_engine.forecasting.volatility - INFO - GOOGL Ridge                alpha=1 RMSE=0.08597 NRMSE=1.23709 R2=-0.53038 IC=0.07439
2026-08-02 00:15:05,950 - options_risk_engine.forecasting.volatility - INFO - GOOGL Ridge                alpha=10 RMSE=0.08158 NRMSE=1.17389 R2=-0.37801 IC=0.07840
2026-08-02 00:15:05,952 - options_risk_engine.forecasting.volatility - INFO - GOOGL Ridge                alpha=100 RMSE=0.07810 NRMSE=1.12383 R2=-0.26299 IC=0.02447
2026-08-02 00:15:05,955 - options_risk_engine.forecasting.volatility - INFO - GOOGL Ridge                alpha=1000 RMSE=0.07485 NRMSE=1.07697 R2=-0.15987 IC=-0.12187
2026-08-02 00:15:05,957 - options_risk_engine.forecasting.volatility - INFO - GOOGL Ridge PCA            alpha=0.0001 RMSE=0.08116 NRMSE=1.16786 R2=-0.36389 IC=-0.01548
2026-08-02 00:15:05,960 - options_risk_engine.forecasting.volatility - INFO - GOOGL Ridge PCA            alpha=0.001 RMSE=0.08116 NRMSE=1.16786 R2=-0.36389 IC=-0.01548
2026-08-02 00:15:05,961 - options_risk_engine.forecasting.volatility - INFO - GOOGL Ridge PCA            alpha=0.01 RMSE=0.08116 NRMSE=1.16786 R2=-0.36389 IC=-0.01548
2026-08-02 00:15:05,963 - options_risk_engine.forecasting.volatility - INFO - GOOGL Ridge PCA            alpha=0.1 RMSE=0.08116 NRMSE=1.16782 R2=-0.36381 IC=-0.01552
2026-08-02 00:15:05,965 - options_risk_engine.forecasting.volatility - INFO - GOOGL Ridge PCA            alpha=1 RMSE=0.08114 NRMSE=1.16750 R2=-0.36305 IC=-0.01589
2026-08-02 00:15:06,006 - options_risk_engine.forecasting.volatility - INFO - GOOGL Ridge PCA            alpha=10 RMSE=0.08092 NRMSE=1.16436 R2=-0.35574 IC=-0.01951
2026-08-02 00:15:06,010 - options_risk_engine.forecasting.volatility - INFO - GOOGL Ridge PCA            alpha=100 RMSE=0.07930 NRMSE=1.14106 R2=-0.30202 IC=-0.04677
2026-08-02 00:15:06,027 - options_risk_engine.forecasting.volatility - INFO - GOOGL Ridge PCA            alpha=1000 RMSE=0.07532 NRMSE=1.08377 R2=-0.17455 IC=-0.14719
2026-08-02 00:15:06,029 - options_risk_engine.forecasting.volatility - INFO - GOOGL Lasso                alpha=0.0001 RMSE=0.09202 NRMSE=1.32408 R2=-0.75318 IC=0.12169
2026-08-02 00:15:06,031 - options_risk_engine.forecasting.volatility - INFO - GOOGL Lasso                alpha=0.001 RMSE=0.08162 NRMSE=1.17443 R2=-0.37928 IC=0.07169
2026-08-02 00:15:06,033 - options_risk_engine.forecasting.volatility - INFO - GOOGL Lasso                alpha=0.01 RMSE=0.07513 NRMSE=1.08103 R2=-0.16863 IC=-0.12171
2026-08-02 00:15:06,036 - options_risk_engine.forecasting.volatility - INFO - GOOGL Lasso                alpha=0.1 RMSE=0.07436 NRMSE=1.07006 R2=-0.14504 IC=-0.20185
2026-08-02 00:15:06,038 - options_risk_engine.forecasting.volatility - INFO - GOOGL Lasso                alpha=1 RMSE=0.07436 NRMSE=1.07006 R2=-0.14504 IC=-0.20185
2026-08-02 00:15:06,042 - options_risk_engine.forecasting.volatility - INFO - GOOGL Lasso PCA            alpha=0.0001 RMSE=0.08110 NRMSE=1.16696 R2=-0.36179 IC=-0.01576
2026-08-02 00:15:06,057 - options_risk_engine.forecasting.volatility - INFO - GOOGL Lasso PCA            alpha=0.001 RMSE=0.08058 NRMSE=1.15949 R2=-0.34442 IC=-0.01884
2026-08-02 00:15:06,066 - options_risk_engine.forecasting.volatility - INFO - GOOGL Lasso PCA            alpha=0.01 RMSE=0.07663 NRMSE=1.10263 R2=-0.21579 IC=-0.06975
2026-08-02 00:15:06,068 - options_risk_engine.forecasting.volatility - INFO - GOOGL Lasso PCA            alpha=0.1 RMSE=0.07436 NRMSE=1.07006 R2=-0.14504 IC=-0.20185
2026-08-02 00:15:06,070 - options_risk_engine.forecasting.volatility - INFO - GOOGL Lasso PCA            alpha=1 RMSE=0.07436 NRMSE=1.07006 R2=-0.14504 IC=-0.20185
2026-08-02 00:15:06,073 - options_risk_engine.forecasting.volatility - INFO - GOOGL Random Forest        alpha=None RMSE=0.09466 NRMSE=1.36217 R2=-0.85550 IC=-0.18297
2026-08-02 00:15:06,075 - options_risk_engine.forecasting.volatility - INFO - GOOGL Gradient Boosting    alpha=None RMSE=0.09162 NRMSE=1.31837 R2=-0.73809 IC=-0.11846
2026-08-02 00:15:06,077 - options_risk_engine.forecasting.volatility - INFO - GOOGL HAR-RV               alpha=None RMSE=0.08313 NRMSE=1.19621 R2=-0.43092 IC=-0.17770
2026-08-02 00:15:06,080 - options_risk_engine.forecasting.volatility - INFO - GOOGL GARCH                alpha=None RMSE=0.07616 NRMSE=1.09596 R2=-0.20113 IC=-0.29409
2026-08-02 00:15:06,081 - options_risk_engine.forecasting.volatility - INFO - GOOGL evaluation complete - best model=Train Mean, alpha=nan, RMSE=0.07436, NRMSE=1.07006
2026-08-02 00:15:06,084 - options_risk_engine.forecasting.volatility - INFO - AMZN starting model evaluation
2026-08-02 00:15:06,086 - options_risk_engine.forecasting.volatility - INFO - AMZN has 971 usable rows and 21 features
2026-08-02 00:15:06,087 - options_risk_engine.forecasting.volatility - INFO - Creating model specifications
2026-08-02 00:15:06,087 - options_risk_engine.forecasting.volatility - INFO - Created 34 model configurations
2026-08-02 00:15:06,088 - options_risk_engine.forecasting.volatility - INFO - AMZN walk-forward starts at row 284 with window=30, step=30, purge=32
2026-08-02 00:15:22,556 - options_risk_engine.forecasting.volatility - INFO - AMZN completed 22 walk-forward folds
2026-08-02 00:15:22,558 - options_risk_engine.forecasting.volatility - INFO - AMZN calculating model comparison metrics
2026-08-02 00:15:22,560 - options_risk_engine.forecasting.volatility - INFO - AMZN Train Mean           alpha=None RMSE=0.09926 NRMSE=1.16814 R2=-0.36456 IC=-0.25176
2026-08-02 00:15:22,562 - options_risk_engine.forecasting.volatility - INFO - AMZN RV20 Baseline        alpha=None RMSE=0.13576 NRMSE=1.59759 R2=-1.55229 IC=-0.07732
2026-08-02 00:15:22,563 - options_risk_engine.forecasting.volatility - INFO - AMZN OLS                  alpha=None RMSE=0.11565 NRMSE=1.36093 R2=-0.85212 IC=0.09202
2026-08-02 00:15:22,565 - options_risk_engine.forecasting.volatility - INFO - AMZN OLS PCA              alpha=None RMSE=0.09816 NRMSE=1.15513 R2=-0.33432 IC=0.08226
2026-08-02 00:15:22,567 - options_risk_engine.forecasting.volatility - INFO - AMZN Ridge                alpha=0.0001 RMSE=0.11564 NRMSE=1.36089 R2=-0.85202 IC=0.09200
2026-08-02 00:15:22,569 - options_risk_engine.forecasting.volatility - INFO - AMZN Ridge                alpha=0.001 RMSE=0.11562 NRMSE=1.36057 R2=-0.85115 IC=0.09182
2026-08-02 00:15:22,570 - options_risk_engine.forecasting.volatility - INFO - AMZN Ridge                alpha=0.01 RMSE=0.11536 NRMSE=1.35750 R2=-0.84281 IC=0.09007
2026-08-02 00:15:22,572 - options_risk_engine.forecasting.volatility - INFO - AMZN Ridge                alpha=0.1 RMSE=0.11345 NRMSE=1.33510 R2=-0.78250 IC=0.07910
2026-08-02 00:15:22,574 - options_risk_engine.forecasting.volatility - INFO - AMZN Ridge                alpha=1 RMSE=0.10721 NRMSE=1.26166 R2=-0.59177 IC=0.06181
2026-08-02 00:15:22,576 - options_risk_engine.forecasting.volatility - INFO - AMZN Ridge                alpha=10 RMSE=0.10173 NRMSE=1.19716 R2=-0.43320 IC=0.05639
2026-08-02 00:15:22,578 - options_risk_engine.forecasting.volatility - INFO - AMZN Ridge                alpha=100 RMSE=0.09569 NRMSE=1.12611 R2=-0.26812 IC=0.05235
2026-08-02 00:15:22,580 - options_risk_engine.forecasting.volatility - INFO - AMZN Ridge                alpha=1000 RMSE=0.09323 NRMSE=1.09712 R2=-0.20367 IC=-0.10137
2026-08-02 00:15:22,582 - options_risk_engine.forecasting.volatility - INFO - AMZN Ridge PCA            alpha=0.0001 RMSE=0.09816 NRMSE=1.15513 R2=-0.33432 IC=0.08226
2026-08-02 00:15:22,584 - options_risk_engine.forecasting.volatility - INFO - AMZN Ridge PCA            alpha=0.001 RMSE=0.09816 NRMSE=1.15513 R2=-0.33432 IC=0.08226
2026-08-02 00:15:22,585 - options_risk_engine.forecasting.volatility - INFO - AMZN Ridge PCA            alpha=0.01 RMSE=0.09816 NRMSE=1.15512 R2=-0.33431 IC=0.08226
2026-08-02 00:15:22,587 - options_risk_engine.forecasting.volatility - INFO - AMZN Ridge PCA            alpha=0.1 RMSE=0.09815 NRMSE=1.15507 R2=-0.33418 IC=0.08224
2026-08-02 00:15:22,589 - options_risk_engine.forecasting.volatility - INFO - AMZN Ridge PCA            alpha=1 RMSE=0.09811 NRMSE=1.15453 R2=-0.33294 IC=0.08207
2026-08-02 00:15:22,591 - options_risk_engine.forecasting.volatility - INFO - AMZN Ridge PCA            alpha=10 RMSE=0.09768 NRMSE=1.14946 R2=-0.32125 IC=0.08027
2026-08-02 00:15:22,593 - options_risk_engine.forecasting.volatility - INFO - AMZN Ridge PCA            alpha=100 RMSE=0.09501 NRMSE=1.11810 R2=-0.25014 IC=0.05842
2026-08-02 00:15:22,595 - options_risk_engine.forecasting.volatility - INFO - AMZN Ridge PCA            alpha=1000 RMSE=0.09321 NRMSE=1.09690 R2=-0.20319 IC=-0.10037
2026-08-02 00:15:22,597 - options_risk_engine.forecasting.volatility - INFO - AMZN Lasso                alpha=0.0001 RMSE=0.11287 NRMSE=1.32821 R2=-0.76413 IC=0.06921
2026-08-02 00:15:22,598 - options_risk_engine.forecasting.volatility - INFO - AMZN Lasso                alpha=0.001 RMSE=0.10223 NRMSE=1.20299 R2=-0.44717 IC=0.03921
2026-08-02 00:15:22,600 - options_risk_engine.forecasting.volatility - INFO - AMZN Lasso                alpha=0.01 RMSE=0.10038 NRMSE=1.18125 R2=-0.39535 IC=-0.10457
2026-08-02 00:15:22,602 - options_risk_engine.forecasting.volatility - INFO - AMZN Lasso                alpha=0.1 RMSE=0.09926 NRMSE=1.16814 R2=-0.36456 IC=-0.25176
2026-08-02 00:15:22,604 - options_risk_engine.forecasting.volatility - INFO - AMZN Lasso                alpha=1 RMSE=0.09926 NRMSE=1.16814 R2=-0.36456 IC=-0.25176
2026-08-02 00:15:22,606 - options_risk_engine.forecasting.volatility - INFO - AMZN Lasso PCA            alpha=0.0001 RMSE=0.09812 NRMSE=1.15463 R2=-0.33317 IC=0.08120
2026-08-02 00:15:22,609 - options_risk_engine.forecasting.volatility - INFO - AMZN Lasso PCA            alpha=0.001 RMSE=0.09774 NRMSE=1.15024 R2=-0.32306 IC=0.07164
2026-08-02 00:15:22,610 - options_risk_engine.forecasting.volatility - INFO - AMZN Lasso PCA            alpha=0.01 RMSE=0.09568 NRMSE=1.12597 R2=-0.26780 IC=-0.02421
2026-08-02 00:15:22,612 - options_risk_engine.forecasting.volatility - INFO - AMZN Lasso PCA            alpha=0.1 RMSE=0.09897 NRMSE=1.16473 R2=-0.35660 IC=-0.26160
2026-08-02 00:15:22,614 - options_risk_engine.forecasting.volatility - INFO - AMZN Lasso PCA            alpha=1 RMSE=0.09926 NRMSE=1.16814 R2=-0.36456 IC=-0.25176
2026-08-02 00:15:22,616 - options_risk_engine.forecasting.volatility - INFO - AMZN Random Forest        alpha=None RMSE=0.13022 NRMSE=1.53237 R2=-1.34816 IC=-0.21254
2026-08-02 00:15:22,617 - options_risk_engine.forecasting.volatility - INFO - AMZN Gradient Boosting    alpha=None RMSE=0.13195 NRMSE=1.55276 R2=-1.41107 IC=-0.20027
2026-08-02 00:15:22,619 - options_risk_engine.forecasting.volatility - INFO - AMZN HAR-RV               alpha=None RMSE=0.10573 NRMSE=1.24425 R2=-0.54816 IC=-0.11051
2026-08-02 00:15:22,622 - options_risk_engine.forecasting.volatility - INFO - AMZN GARCH                alpha=None RMSE=0.10847 NRMSE=1.27649 R2=-0.62942 IC=-0.22516
2026-08-02 00:15:22,624 - options_risk_engine.forecasting.volatility - INFO - AMZN evaluation complete - best model=Ridge PCA, alpha=1000.0, RMSE=0.09321, NRMSE=1.09690
2026-08-02 00:15:22,628 - options_risk_engine.forecasting.volatility - INFO - HCA starting model evaluation
2026-08-02 00:15:22,630 - options_risk_engine.forecasting.volatility - INFO - HCA has 971 usable rows and 21 features
2026-08-02 00:15:22,630 - options_risk_engine.forecasting.volatility - INFO - Creating model specifications
2026-08-02 00:15:22,631 - options_risk_engine.forecasting.volatility - INFO - Created 34 model configurations
2026-08-02 00:15:22,631 - options_risk_engine.forecasting.volatility - INFO - HCA walk-forward starts at row 284 with window=30, step=30, purge=32
2026-08-02 00:15:39,580 - options_risk_engine.forecasting.volatility - INFO - HCA completed 22 walk-forward folds
2026-08-02 00:15:39,582 - options_risk_engine.forecasting.volatility - INFO - HCA calculating model comparison metrics
2026-08-02 00:15:39,584 - options_risk_engine.forecasting.volatility - INFO - HCA Train Mean           alpha=None RMSE=0.06185 NRMSE=1.02731 R2=-0.05536 IC=-0.00940
2026-08-02 00:15:39,585 - options_risk_engine.forecasting.volatility - INFO - HCA RV20 Baseline        alpha=None RMSE=0.10173 NRMSE=1.68971 R2=-1.85512 IC=-0.14081
2026-08-02 00:15:39,587 - options_risk_engine.forecasting.volatility - INFO - HCA OLS                  alpha=None RMSE=0.21718 NRMSE=3.60716 R2=-12.01159 IC=-0.12364
2026-08-02 00:15:39,589 - options_risk_engine.forecasting.volatility - INFO - HCA OLS PCA              alpha=None RMSE=0.06819 NRMSE=1.13266 R2=-0.28292 IC=-0.01170
2026-08-02 00:15:39,591 - options_risk_engine.forecasting.volatility - INFO - HCA Ridge                alpha=0.0001 RMSE=0.21700 NRMSE=3.60413 R2=-11.98973 IC=-0.12361
2026-08-02 00:15:39,592 - options_risk_engine.forecasting.volatility - INFO - HCA Ridge                alpha=0.001 RMSE=0.21537 NRMSE=3.57713 R2=-11.79586 IC=-0.12328
2026-08-02 00:15:39,594 - options_risk_engine.forecasting.volatility - INFO - HCA Ridge                alpha=0.01 RMSE=0.20064 NRMSE=3.33245 R2=-10.10524 IC=-0.12001
2026-08-02 00:15:39,597 - options_risk_engine.forecasting.volatility - INFO - HCA Ridge                alpha=0.1 RMSE=0.12889 NRMSE=2.14081 R2=-3.58308 IC=-0.08870
2026-08-02 00:15:39,599 - options_risk_engine.forecasting.volatility - INFO - HCA Ridge                alpha=1 RMSE=0.07162 NRMSE=1.18952 R2=-0.41496 IC=0.04605
2026-08-02 00:15:39,601 - options_risk_engine.forecasting.volatility - INFO - HCA Ridge                alpha=10 RMSE=0.06615 NRMSE=1.09873 R2=-0.20722 IC=0.05241
2026-08-02 00:15:39,602 - options_risk_engine.forecasting.volatility - INFO - HCA Ridge                alpha=100 RMSE=0.06632 NRMSE=1.10160 R2=-0.21353 IC=0.00062
2026-08-02 00:15:39,604 - options_risk_engine.forecasting.volatility - INFO - HCA Ridge                alpha=1000 RMSE=0.06539 NRMSE=1.08608 R2=-0.17958 IC=-0.05587
2026-08-02 00:15:39,606 - options_risk_engine.forecasting.volatility - INFO - HCA Ridge PCA            alpha=0.0001 RMSE=0.06819 NRMSE=1.13266 R2=-0.28292 IC=-0.01170
2026-08-02 00:15:39,608 - options_risk_engine.forecasting.volatility - INFO - HCA Ridge PCA            alpha=0.001 RMSE=0.06819 NRMSE=1.13266 R2=-0.28292 IC=-0.01170
2026-08-02 00:15:39,610 - options_risk_engine.forecasting.volatility - INFO - HCA Ridge PCA            alpha=0.01 RMSE=0.06819 NRMSE=1.13266 R2=-0.28291 IC=-0.01170
2026-08-02 00:15:39,612 - options_risk_engine.forecasting.volatility - INFO - HCA Ridge PCA            alpha=0.1 RMSE=0.06819 NRMSE=1.13263 R2=-0.28284 IC=-0.01170
2026-08-02 00:15:39,613 - options_risk_engine.forecasting.volatility - INFO - HCA Ridge PCA            alpha=1 RMSE=0.06817 NRMSE=1.13233 R2=-0.28216 IC=-0.01170
2026-08-02 00:15:39,615 - options_risk_engine.forecasting.volatility - INFO - HCA Ridge PCA            alpha=10 RMSE=0.06801 NRMSE=1.12953 R2=-0.27584 IC=-0.01180
2026-08-02 00:15:39,617 - options_risk_engine.forecasting.volatility - INFO - HCA Ridge PCA            alpha=100 RMSE=0.06702 NRMSE=1.11310 R2=-0.23900 IC=-0.01562
2026-08-02 00:15:39,619 - options_risk_engine.forecasting.volatility - INFO - HCA Ridge PCA            alpha=1000 RMSE=0.06548 NRMSE=1.08756 R2=-0.18278 IC=-0.05877
2026-08-02 00:15:39,621 - options_risk_engine.forecasting.volatility - INFO - HCA Lasso                alpha=0.0001 RMSE=0.15974 NRMSE=2.65316 R2=-6.03925 IC=-0.10930
2026-08-02 00:15:39,623 - options_risk_engine.forecasting.volatility - INFO - HCA Lasso                alpha=0.001 RMSE=0.06882 NRMSE=1.14311 R2=-0.30669 IC=-0.03642
2026-08-02 00:15:39,625 - options_risk_engine.forecasting.volatility - INFO - HCA Lasso                alpha=0.01 RMSE=0.06821 NRMSE=1.13295 R2=-0.28358 IC=-0.13721
2026-08-02 00:15:39,627 - options_risk_engine.forecasting.volatility - INFO - HCA Lasso                alpha=0.1 RMSE=0.06185 NRMSE=1.02731 R2=-0.05536 IC=-0.00940
2026-08-02 00:15:39,629 - options_risk_engine.forecasting.volatility - INFO - HCA Lasso                alpha=1 RMSE=0.06185 NRMSE=1.02731 R2=-0.05536 IC=-0.00940
2026-08-02 00:15:39,630 - options_risk_engine.forecasting.volatility - INFO - HCA Lasso PCA            alpha=0.0001 RMSE=0.06815 NRMSE=1.13189 R2=-0.28118 IC=-0.01299
2026-08-02 00:15:39,632 - options_risk_engine.forecasting.volatility - INFO - HCA Lasso PCA            alpha=0.001 RMSE=0.06776 NRMSE=1.12540 R2=-0.26653 IC=-0.02438
2026-08-02 00:15:39,633 - options_risk_engine.forecasting.volatility - INFO - HCA Lasso PCA            alpha=0.01 RMSE=0.06825 NRMSE=1.13353 R2=-0.28489 IC=-0.14368
2026-08-02 00:15:39,635 - options_risk_engine.forecasting.volatility - INFO - HCA Lasso PCA            alpha=0.1 RMSE=0.06269 NRMSE=1.04120 R2=-0.08409 IC=-0.03019
2026-08-02 00:15:39,637 - options_risk_engine.forecasting.volatility - INFO - HCA Lasso PCA            alpha=1 RMSE=0.06185 NRMSE=1.02731 R2=-0.05536 IC=-0.00940
2026-08-02 00:15:39,638 - options_risk_engine.forecasting.volatility - INFO - HCA Random Forest        alpha=None RMSE=0.08075 NRMSE=1.34122 R2=-0.79888 IC=-0.03794
2026-08-02 00:15:39,640 - options_risk_engine.forecasting.volatility - INFO - HCA Gradient Boosting    alpha=None RMSE=0.08191 NRMSE=1.36038 R2=-0.85063 IC=-0.06727
2026-08-02 00:15:39,643 - options_risk_engine.forecasting.volatility - INFO - HCA HAR-RV               alpha=None RMSE=0.06672 NRMSE=1.10811 R2=-0.22790 IC=-0.04266
2026-08-02 00:15:39,645 - options_risk_engine.forecasting.volatility - INFO - HCA GARCH                alpha=None RMSE=0.06575 NRMSE=1.09207 R2=-0.19261 IC=-0.08205
2026-08-02 00:15:39,646 - options_risk_engine.forecasting.volatility - INFO - HCA evaluation complete - best model=Train Mean, alpha=nan, RMSE=0.06185, NRMSE=1.02731
2026-08-02 00:15:39,656 - options_risk_engine.database - INFO - Stored 238 rows in model_evaluations
2026-08-02 00:15:39,681 - options_risk_engine.forecasting.volatility - INFO - Creating model specifications
2026-08-02 00:15:39,684 - options_risk_engine.forecasting.volatility - INFO - Created 34 model configurations
2026-08-02 00:15:39,744 - options_risk_engine.forecasting.volatility - INFO - AAPL starting model evaluation
2026-08-02 00:15:39,767 - options_risk_engine.forecasting.volatility - INFO - AAPL has 971 usable rows and 21 features
2026-08-02 00:15:39,768 - options_risk_engine.forecasting.volatility - INFO - Creating model specifications
2026-08-02 00:15:39,768 - options_risk_engine.forecasting.volatility - INFO - Created 34 model configurations
2026-08-02 00:15:39,768 - options_risk_engine.forecasting.volatility - INFO - AAPL walk-forward starts at row 284 with window=30, step=30, purge=32
2026-08-02 00:15:56,666 - options_risk_engine.forecasting.volatility - INFO - AAPL completed 22 walk-forward folds
2026-08-02 00:15:56,669 - options_risk_engine.forecasting.volatility - INFO - AAPL calculating model comparison metrics
2026-08-02 00:15:56,672 - options_risk_engine.forecasting.volatility - INFO - AAPL Train Mean           alpha=None RMSE=0.10960 NRMSE=1.04761 R2=-0.09748 IC=-0.48458
2026-08-02 00:15:56,675 - options_risk_engine.forecasting.volatility - INFO - AAPL RV20 Baseline        alpha=None RMSE=0.13733 NRMSE=1.31268 R2=-0.72312 IC=0.22482
2026-08-02 00:15:56,678 - options_risk_engine.forecasting.volatility - INFO - AAPL OLS                  alpha=None RMSE=0.14282 NRMSE=1.36521 R2=-0.86379 IC=-0.02723
2026-08-02 00:15:56,680 - options_risk_engine.forecasting.volatility - INFO - AAPL OLS PCA              alpha=None RMSE=0.12644 NRMSE=1.20862 R2=-0.46075 IC=0.00080
2026-08-02 00:15:56,682 - options_risk_engine.forecasting.volatility - INFO - AAPL Ridge                alpha=0.0001 RMSE=0.14282 NRMSE=1.36520 R2=-0.86376 IC=-0.02723
2026-08-02 00:15:56,683 - options_risk_engine.forecasting.volatility - INFO - AAPL Ridge                alpha=0.001 RMSE=0.14281 NRMSE=1.36512 R2=-0.86355 IC=-0.02721
2026-08-02 00:15:56,685 - options_risk_engine.forecasting.volatility - INFO - AAPL Ridge                alpha=0.01 RMSE=0.14273 NRMSE=1.36436 R2=-0.86147 IC=-0.02704
2026-08-02 00:15:56,687 - options_risk_engine.forecasting.volatility - INFO - AAPL Ridge                alpha=0.1 RMSE=0.14201 NRMSE=1.35748 R2=-0.84274 IC=-0.02493
2026-08-02 00:15:56,688 - options_risk_engine.forecasting.volatility - INFO - AAPL Ridge                alpha=1 RMSE=0.13805 NRMSE=1.31959 R2=-0.74132 IC=-0.00726
2026-08-02 00:15:56,691 - options_risk_engine.forecasting.volatility - INFO - AAPL Ridge                alpha=10 RMSE=0.12879 NRMSE=1.23109 R2=-0.51558 IC=0.03284
2026-08-02 00:15:56,692 - options_risk_engine.forecasting.volatility - INFO - AAPL Ridge                alpha=100 RMSE=0.11727 NRMSE=1.12098 R2=-0.25659 IC=0.08764
2026-08-02 00:15:56,694 - options_risk_engine.forecasting.volatility - INFO - AAPL Ridge                alpha=1000 RMSE=0.10993 NRMSE=1.05079 R2=-0.10416 IC=0.14536
2026-08-02 00:15:56,696 - options_risk_engine.forecasting.volatility - INFO - AAPL Ridge PCA            alpha=0.0001 RMSE=0.12644 NRMSE=1.20862 R2=-0.46075 IC=0.00080
2026-08-02 00:15:56,698 - options_risk_engine.forecasting.volatility - INFO - AAPL Ridge PCA            alpha=0.001 RMSE=0.12644 NRMSE=1.20861 R2=-0.46075 IC=0.00080
2026-08-02 00:15:56,700 - options_risk_engine.forecasting.volatility - INFO - AAPL Ridge PCA            alpha=0.01 RMSE=0.12644 NRMSE=1.20860 R2=-0.46072 IC=0.00081
2026-08-02 00:15:56,703 - options_risk_engine.forecasting.volatility - INFO - AAPL Ridge PCA            alpha=0.1 RMSE=0.12643 NRMSE=1.20846 R2=-0.46039 IC=0.00091
2026-08-02 00:15:56,705 - options_risk_engine.forecasting.volatility - INFO - AAPL Ridge PCA            alpha=1 RMSE=0.12628 NRMSE=1.20711 R2=-0.45711 IC=0.00188
2026-08-02 00:15:56,707 - options_risk_engine.forecasting.volatility - INFO - AAPL Ridge PCA            alpha=10 RMSE=0.12498 NRMSE=1.19461 R2=-0.42710 IC=0.01113
2026-08-02 00:15:56,709 - options_risk_engine.forecasting.volatility - INFO - AAPL Ridge PCA            alpha=100 RMSE=0.11804 NRMSE=1.12834 R2=-0.27315 IC=0.07141
2026-08-02 00:15:56,711 - options_risk_engine.forecasting.volatility - INFO - AAPL Ridge PCA            alpha=1000 RMSE=0.11031 NRMSE=1.05443 R2=-0.11183 IC=0.14089
2026-08-02 00:15:56,713 - options_risk_engine.forecasting.volatility - INFO - AAPL Lasso                alpha=0.0001 RMSE=0.14003 NRMSE=1.33849 R2=-0.79156 IC=-0.01808
2026-08-02 00:15:56,715 - options_risk_engine.forecasting.volatility - INFO - AAPL Lasso                alpha=0.001 RMSE=0.12662 NRMSE=1.21037 R2=-0.46498 IC=0.01207
2026-08-02 00:15:56,717 - options_risk_engine.forecasting.volatility - INFO - AAPL Lasso                alpha=0.01 RMSE=0.11395 NRMSE=1.08924 R2=-0.18645 IC=0.04100
2026-08-02 00:15:56,719 - options_risk_engine.forecasting.volatility - INFO - AAPL Lasso                alpha=0.1 RMSE=0.10960 NRMSE=1.04761 R2=-0.09748 IC=-0.48458
2026-08-02 00:15:56,721 - options_risk_engine.forecasting.volatility - INFO - AAPL Lasso                alpha=1 RMSE=0.10960 NRMSE=1.04761 R2=-0.09748 IC=-0.48458
2026-08-02 00:15:56,723 - options_risk_engine.forecasting.volatility - INFO - AAPL Lasso PCA            alpha=0.0001 RMSE=0.12637 NRMSE=1.20793 R2=-0.45910 IC=0.00095
2026-08-02 00:15:56,725 - options_risk_engine.forecasting.volatility - INFO - AAPL Lasso PCA            alpha=0.001 RMSE=0.12570 NRMSE=1.20156 R2=-0.44375 IC=0.00222
2026-08-02 00:15:56,727 - options_risk_engine.forecasting.volatility - INFO - AAPL Lasso PCA            alpha=0.01 RMSE=0.11686 NRMSE=1.11705 R2=-0.24780 IC=0.06681
2026-08-02 00:15:56,729 - options_risk_engine.forecasting.volatility - INFO - AAPL Lasso PCA            alpha=0.1 RMSE=0.10562 NRMSE=1.00955 R2=-0.01919 IC=0.05694
2026-08-02 00:15:56,731 - options_risk_engine.forecasting.volatility - INFO - AAPL Lasso PCA            alpha=1 RMSE=0.10960 NRMSE=1.04761 R2=-0.09748 IC=-0.48458
2026-08-02 00:15:56,737 - options_risk_engine.forecasting.volatility - INFO - AAPL Random Forest        alpha=None RMSE=0.13702 NRMSE=1.30974 R2=-0.71541 IC=-0.04701
2026-08-02 00:15:56,738 - options_risk_engine.forecasting.volatility - INFO - AAPL Gradient Boosting    alpha=None RMSE=0.12818 NRMSE=1.22525 R2=-0.50124 IC=-0.03088
2026-08-02 00:15:56,741 - options_risk_engine.forecasting.volatility - INFO - AAPL HAR-RV               alpha=None RMSE=0.12635 NRMSE=1.20779 R2=-0.45875 IC=-0.01064
2026-08-02 00:15:56,742 - options_risk_engine.forecasting.volatility - INFO - AAPL GARCH                alpha=None RMSE=0.11599 NRMSE=1.10875 R2=-0.22933 IC=0.14354
2026-08-02 00:15:56,745 - options_risk_engine.forecasting.volatility - INFO - AAPL evaluation complete - best model=Lasso PCA, alpha=0.1, RMSE=0.10562, NRMSE=1.00955
2026-08-02 00:15:56,753 - options_risk_engine.forecasting.volatility - INFO - MSFT starting model evaluation
2026-08-02 00:15:56,789 - options_risk_engine.forecasting.volatility - INFO - MSFT has 971 usable rows and 21 features
2026-08-02 00:15:56,793 - options_risk_engine.forecasting.volatility - INFO - Creating model specifications
2026-08-02 00:15:56,796 - options_risk_engine.forecasting.volatility - INFO - Created 34 model configurations
2026-08-02 00:15:56,797 - options_risk_engine.forecasting.volatility - INFO - MSFT walk-forward starts at row 284 with window=30, step=30, purge=32
2026-08-02 00:16:14,159 - options_risk_engine.forecasting.volatility - INFO - MSFT completed 22 walk-forward folds
2026-08-02 00:16:14,161 - options_risk_engine.forecasting.volatility - INFO - MSFT calculating model comparison metrics
2026-08-02 00:16:14,164 - options_risk_engine.forecasting.volatility - INFO - MSFT Train Mean           alpha=None RMSE=0.08842 NRMSE=1.18225 R2=-0.39772 IC=-0.35506
2026-08-02 00:16:14,166 - options_risk_engine.forecasting.volatility - INFO - MSFT RV20 Baseline        alpha=None RMSE=0.10463 NRMSE=1.39906 R2=-0.95737 IC=0.12329
2026-08-02 00:16:14,167 - options_risk_engine.forecasting.volatility - INFO - MSFT OLS                  alpha=None RMSE=0.09843 NRMSE=1.31606 R2=-0.73202 IC=-0.01404
2026-08-02 00:16:14,169 - options_risk_engine.forecasting.volatility - INFO - MSFT OLS PCA              alpha=None RMSE=0.09562 NRMSE=1.27859 R2=-0.63480 IC=-0.07146
2026-08-02 00:16:14,171 - options_risk_engine.forecasting.volatility - INFO - MSFT Ridge                alpha=0.0001 RMSE=0.09843 NRMSE=1.31606 R2=-0.73202 IC=-0.01406
2026-08-02 00:16:14,172 - options_risk_engine.forecasting.volatility - INFO - MSFT Ridge                alpha=0.001 RMSE=0.09843 NRMSE=1.31606 R2=-0.73201 IC=-0.01430
2026-08-02 00:16:14,174 - options_risk_engine.forecasting.volatility - INFO - MSFT Ridge                alpha=0.01 RMSE=0.09842 NRMSE=1.31602 R2=-0.73190 IC=-0.01655
2026-08-02 00:16:14,177 - options_risk_engine.forecasting.volatility - INFO - MSFT Ridge                alpha=0.1 RMSE=0.09836 NRMSE=1.31518 R2=-0.72970 IC=-0.03094
2026-08-02 00:16:14,180 - options_risk_engine.forecasting.volatility - INFO - MSFT Ridge                alpha=1 RMSE=0.09780 NRMSE=1.30775 R2=-0.71020 IC=-0.05072
2026-08-02 00:16:14,183 - options_risk_engine.forecasting.volatility - INFO - MSFT Ridge                alpha=10 RMSE=0.09637 NRMSE=1.28861 R2=-0.66052 IC=-0.05241
2026-08-02 00:16:14,185 - options_risk_engine.forecasting.volatility - INFO - MSFT Ridge                alpha=100 RMSE=0.09140 NRMSE=1.22216 R2=-0.49368 IC=-0.03740
2026-08-02 00:16:14,187 - options_risk_engine.forecasting.volatility - INFO - MSFT Ridge                alpha=1000 RMSE=0.08417 NRMSE=1.12539 R2=-0.26651 IC=-0.03361
2026-08-02 00:16:14,188 - options_risk_engine.forecasting.volatility - INFO - MSFT Ridge PCA            alpha=0.0001 RMSE=0.09562 NRMSE=1.27859 R2=-0.63480 IC=-0.07146
2026-08-02 00:16:14,190 - options_risk_engine.forecasting.volatility - INFO - MSFT Ridge PCA            alpha=0.001 RMSE=0.09562 NRMSE=1.27859 R2=-0.63480 IC=-0.07146
2026-08-02 00:16:14,192 - options_risk_engine.forecasting.volatility - INFO - MSFT Ridge PCA            alpha=0.01 RMSE=0.09562 NRMSE=1.27858 R2=-0.63478 IC=-0.07145
2026-08-02 00:16:14,194 - options_risk_engine.forecasting.volatility - INFO - MSFT Ridge PCA            alpha=0.1 RMSE=0.09562 NRMSE=1.27850 R2=-0.63455 IC=-0.07142
2026-08-02 00:16:14,196 - options_risk_engine.forecasting.volatility - INFO - MSFT Ridge PCA            alpha=1 RMSE=0.09555 NRMSE=1.27761 R2=-0.63228 IC=-0.07109
2026-08-02 00:16:14,198 - options_risk_engine.forecasting.volatility - INFO - MSFT Ridge PCA            alpha=10 RMSE=0.09492 NRMSE=1.26923 R2=-0.61096 IC=-0.06792
2026-08-02 00:16:14,200 - options_risk_engine.forecasting.volatility - INFO - MSFT Ridge PCA            alpha=100 RMSE=0.09097 NRMSE=1.21631 R2=-0.47942 IC=-0.04782
2026-08-02 00:16:14,202 - options_risk_engine.forecasting.volatility - INFO - MSFT Ridge PCA            alpha=1000 RMSE=0.08422 NRMSE=1.12610 R2=-0.26809 IC=-0.03965
2026-08-02 00:16:14,204 - options_risk_engine.forecasting.volatility - INFO - MSFT Lasso                alpha=0.0001 RMSE=0.09819 NRMSE=1.31288 R2=-0.72366 IC=-0.03737
2026-08-02 00:16:14,206 - options_risk_engine.forecasting.volatility - INFO - MSFT Lasso                alpha=0.001 RMSE=0.09536 NRMSE=1.27508 R2=-0.62582 IC=-0.08360
2026-08-02 00:16:14,208 - options_risk_engine.forecasting.volatility - INFO - MSFT Lasso                alpha=0.01 RMSE=0.08695 NRMSE=1.16263 R2=-0.35170 IC=-0.11584
2026-08-02 00:16:14,210 - options_risk_engine.forecasting.volatility - INFO - MSFT Lasso                alpha=0.1 RMSE=0.08842 NRMSE=1.18225 R2=-0.39772 IC=-0.35506
2026-08-02 00:16:14,211 - options_risk_engine.forecasting.volatility - INFO - MSFT Lasso                alpha=1 RMSE=0.08842 NRMSE=1.18225 R2=-0.39772 IC=-0.35506
2026-08-02 00:16:14,213 - options_risk_engine.forecasting.volatility - INFO - MSFT Lasso PCA            alpha=0.0001 RMSE=0.09551 NRMSE=1.27701 R2=-0.63076 IC=-0.07138
2026-08-02 00:16:14,214 - options_risk_engine.forecasting.volatility - INFO - MSFT Lasso PCA            alpha=0.001 RMSE=0.09455 NRMSE=1.26416 R2=-0.59811 IC=-0.07083
2026-08-02 00:16:14,217 - options_risk_engine.forecasting.volatility - INFO - MSFT Lasso PCA            alpha=0.01 RMSE=0.08802 NRMSE=1.17691 R2=-0.38513 IC=-0.07801
2026-08-02 00:16:14,219 - options_risk_engine.forecasting.volatility - INFO - MSFT Lasso PCA            alpha=0.1 RMSE=0.08625 NRMSE=1.15323 R2=-0.32994 IC=-0.29033
2026-08-02 00:16:14,221 - options_risk_engine.forecasting.volatility - INFO - MSFT Lasso PCA            alpha=1 RMSE=0.08842 NRMSE=1.18225 R2=-0.39772 IC=-0.35506
2026-08-02 00:16:14,224 - options_risk_engine.forecasting.volatility - INFO - MSFT Random Forest        alpha=None RMSE=0.10444 NRMSE=1.39653 R2=-0.95029 IC=-0.06790
2026-08-02 00:16:14,226 - options_risk_engine.forecasting.volatility - INFO - MSFT Gradient Boosting    alpha=None RMSE=0.10102 NRMSE=1.35068 R2=-0.82432 IC=-0.06634
2026-08-02 00:16:14,228 - options_risk_engine.forecasting.volatility - INFO - MSFT HAR-RV               alpha=None RMSE=0.09716 NRMSE=1.29912 R2=-0.68771 IC=-0.13337
2026-08-02 00:16:14,230 - options_risk_engine.forecasting.volatility - INFO - MSFT GARCH                alpha=None RMSE=0.08325 NRMSE=1.11312 R2=-0.23903 IC=0.04316
2026-08-02 00:16:14,232 - options_risk_engine.forecasting.volatility - INFO - MSFT evaluation complete - best model=GARCH, alpha=nan, RMSE=0.08325, NRMSE=1.11312
2026-08-02 00:16:14,238 - options_risk_engine.forecasting.volatility - INFO - META starting model evaluation
2026-08-02 00:16:14,241 - options_risk_engine.forecasting.volatility - INFO - META has 971 usable rows and 21 features
2026-08-02 00:16:14,241 - options_risk_engine.forecasting.volatility - INFO - Creating model specifications
2026-08-02 00:16:14,242 - options_risk_engine.forecasting.volatility - INFO - Created 34 model configurations
2026-08-02 00:16:14,242 - options_risk_engine.forecasting.volatility - INFO - META walk-forward starts at row 284 with window=30, step=30, purge=32
2026-08-02 00:16:31,612 - options_risk_engine.forecasting.volatility - INFO - META completed 22 walk-forward folds
2026-08-02 00:16:31,614 - options_risk_engine.forecasting.volatility - INFO - META calculating model comparison metrics
2026-08-02 00:16:31,616 - options_risk_engine.forecasting.volatility - INFO - META Train Mean           alpha=None RMSE=0.14507 NRMSE=1.19096 R2=-0.41839 IC=-0.12845
2026-08-02 00:16:31,618 - options_risk_engine.forecasting.volatility - INFO - META RV20 Baseline        alpha=None RMSE=0.20570 NRMSE=1.68873 R2=-1.85181 IC=-0.17340
2026-08-02 00:16:31,620 - options_risk_engine.forecasting.volatility - INFO - META OLS                  alpha=None RMSE=0.20237 NRMSE=1.66144 R2=-1.76039 IC=-0.12234
2026-08-02 00:16:31,622 - options_risk_engine.forecasting.volatility - INFO - META OLS PCA              alpha=None RMSE=0.15624 NRMSE=1.28268 R2=-0.64527 IC=0.02020
2026-08-02 00:16:31,624 - options_risk_engine.forecasting.volatility - INFO - META Ridge                alpha=0.0001 RMSE=0.20235 NRMSE=1.66123 R2=-1.75970 IC=-0.12233
2026-08-02 00:16:31,626 - options_risk_engine.forecasting.volatility - INFO - META Ridge                alpha=0.001 RMSE=0.20212 NRMSE=1.65936 R2=-1.75349 IC=-0.12216
2026-08-02 00:16:31,628 - options_risk_engine.forecasting.volatility - INFO - META Ridge                alpha=0.01 RMSE=0.19996 NRMSE=1.64164 R2=-1.69500 IC=-0.12046
2026-08-02 00:16:31,630 - options_risk_engine.forecasting.volatility - INFO - META Ridge                alpha=0.1 RMSE=0.18614 NRMSE=1.52814 R2=-1.33522 IC=-0.10331
2026-08-02 00:16:31,631 - options_risk_engine.forecasting.volatility - INFO - META Ridge                alpha=1 RMSE=0.16780 NRMSE=1.37760 R2=-0.89779 IC=-0.04000
2026-08-02 00:16:31,633 - options_risk_engine.forecasting.volatility - INFO - META Ridge                alpha=10 RMSE=0.16220 NRMSE=1.33163 R2=-0.77324 IC=0.00200
2026-08-02 00:16:31,635 - options_risk_engine.forecasting.volatility - INFO - META Ridge                alpha=100 RMSE=0.14859 NRMSE=1.21988 R2=-0.48810 IC=-0.00626
2026-08-02 00:16:31,637 - options_risk_engine.forecasting.volatility - INFO - META Ridge                alpha=1000 RMSE=0.13927 NRMSE=1.14336 R2=-0.30727 IC=-0.13577
2026-08-02 00:16:31,638 - options_risk_engine.forecasting.volatility - INFO - META Ridge PCA            alpha=0.0001 RMSE=0.15624 NRMSE=1.28268 R2=-0.64527 IC=0.02020
2026-08-02 00:16:31,641 - options_risk_engine.forecasting.volatility - INFO - META Ridge PCA            alpha=0.001 RMSE=0.15624 NRMSE=1.28268 R2=-0.64527 IC=0.02020
2026-08-02 00:16:31,643 - options_risk_engine.forecasting.volatility - INFO - META Ridge PCA            alpha=0.01 RMSE=0.15624 NRMSE=1.28267 R2=-0.64524 IC=0.02020
2026-08-02 00:16:31,644 - options_risk_engine.forecasting.volatility - INFO - META Ridge PCA            alpha=0.1 RMSE=0.15622 NRMSE=1.28257 R2=-0.64498 IC=0.02017
2026-08-02 00:16:31,646 - options_risk_engine.forecasting.volatility - INFO - META Ridge PCA            alpha=1 RMSE=0.15610 NRMSE=1.28154 R2=-0.64235 IC=0.01986
2026-08-02 00:16:31,648 - options_risk_engine.forecasting.volatility - INFO - META Ridge PCA            alpha=10 RMSE=0.15492 NRMSE=1.27188 R2=-0.61768 IC=0.01678
2026-08-02 00:16:31,649 - options_risk_engine.forecasting.volatility - INFO - META Ridge PCA            alpha=100 RMSE=0.14773 NRMSE=1.21280 R2=-0.47090 IC=-0.01070
2026-08-02 00:16:31,651 - options_risk_engine.forecasting.volatility - INFO - META Ridge PCA            alpha=1000 RMSE=0.13981 NRMSE=1.14781 R2=-0.31746 IC=-0.13662
2026-08-02 00:16:31,653 - options_risk_engine.forecasting.volatility - INFO - META Lasso                alpha=0.0001 RMSE=0.18685 NRMSE=1.53400 R2=-1.35316 IC=-0.12708
2026-08-02 00:16:31,654 - options_risk_engine.forecasting.volatility - INFO - META Lasso                alpha=0.001 RMSE=0.16370 NRMSE=1.34396 R2=-0.80623 IC=0.00980
2026-08-02 00:16:31,656 - options_risk_engine.forecasting.volatility - INFO - META Lasso                alpha=0.01 RMSE=0.15531 NRMSE=1.27504 R2=-0.62573 IC=0.01041
2026-08-02 00:16:31,658 - options_risk_engine.forecasting.volatility - INFO - META Lasso                alpha=0.1 RMSE=0.14562 NRMSE=1.19552 R2=-0.42928 IC=-0.13743
2026-08-02 00:16:31,660 - options_risk_engine.forecasting.volatility - INFO - META Lasso                alpha=1 RMSE=0.14507 NRMSE=1.19096 R2=-0.41839 IC=-0.12845
2026-08-02 00:16:31,662 - options_risk_engine.forecasting.volatility - INFO - META Lasso PCA            alpha=0.0001 RMSE=0.15614 NRMSE=1.28192 R2=-0.64331 IC=0.01987
2026-08-02 00:16:31,663 - options_risk_engine.forecasting.volatility - INFO - META Lasso PCA            alpha=0.001 RMSE=0.15532 NRMSE=1.27517 R2=-0.62606 IC=0.01679
2026-08-02 00:16:31,665 - options_risk_engine.forecasting.volatility - INFO - META Lasso PCA            alpha=0.01 RMSE=0.14884 NRMSE=1.22192 R2=-0.49308 IC=-0.02273
2026-08-02 00:16:31,667 - options_risk_engine.forecasting.volatility - INFO - META Lasso PCA            alpha=0.1 RMSE=0.14774 NRMSE=1.21292 R2=-0.47117 IC=-0.26553
2026-08-02 00:16:31,669 - options_risk_engine.forecasting.volatility - INFO - META Lasso PCA            alpha=1 RMSE=0.14507 NRMSE=1.19096 R2=-0.41839 IC=-0.12845
2026-08-02 00:16:31,670 - options_risk_engine.forecasting.volatility - INFO - META Random Forest        alpha=None RMSE=0.16794 NRMSE=1.37878 R2=-0.90104 IC=-0.09358
2026-08-02 00:16:31,672 - options_risk_engine.forecasting.volatility - INFO - META Gradient Boosting    alpha=None RMSE=0.15253 NRMSE=1.25224 R2=-0.56811 IC=0.02300
2026-08-02 00:16:31,674 - options_risk_engine.forecasting.volatility - INFO - META HAR-RV               alpha=None RMSE=0.16757 NRMSE=1.37573 R2=-0.89262 IC=0.01569
2026-08-02 00:16:31,676 - options_risk_engine.forecasting.volatility - INFO - META GARCH                alpha=None RMSE=0.21776 NRMSE=1.78777 R2=-2.19611 IC=-0.01975
2026-08-02 00:16:31,678 - options_risk_engine.forecasting.volatility - INFO - META evaluation complete - best model=Ridge, alpha=1000.0, RMSE=0.13927, NRMSE=1.14336
2026-08-02 00:16:31,682 - options_risk_engine.forecasting.volatility - INFO - WMT starting model evaluation
2026-08-02 00:16:31,683 - options_risk_engine.forecasting.volatility - INFO - WMT has 971 usable rows and 21 features
2026-08-02 00:16:31,684 - options_risk_engine.forecasting.volatility - INFO - Creating model specifications
2026-08-02 00:16:31,684 - options_risk_engine.forecasting.volatility - INFO - Created 34 model configurations
2026-08-02 00:16:31,685 - options_risk_engine.forecasting.volatility - INFO - WMT walk-forward starts at row 284 with window=30, step=30, purge=32
2026-08-02 00:16:48,366 - options_risk_engine.forecasting.volatility - INFO - WMT completed 22 walk-forward folds
2026-08-02 00:16:48,367 - options_risk_engine.forecasting.volatility - INFO - WMT calculating model comparison metrics
2026-08-02 00:16:48,369 - options_risk_engine.forecasting.volatility - INFO - WMT Train Mean           alpha=None RMSE=0.07943 NRMSE=1.12322 R2=-0.26161 IC=0.23053
2026-08-02 00:16:48,371 - options_risk_engine.forecasting.volatility - INFO - WMT RV20 Baseline        alpha=None RMSE=0.09972 NRMSE=1.41001 R2=-0.98812 IC=0.16391
2026-08-02 00:16:48,372 - options_risk_engine.forecasting.volatility - INFO - WMT OLS                  alpha=None RMSE=0.10481 NRMSE=1.48210 R2=-1.19661 IC=-0.01524
2026-08-02 00:16:48,374 - options_risk_engine.forecasting.volatility - INFO - WMT OLS PCA              alpha=None RMSE=0.08305 NRMSE=1.17429 R2=-0.37896 IC=0.03277
2026-08-02 00:16:48,376 - options_risk_engine.forecasting.volatility - INFO - WMT Ridge                alpha=0.0001 RMSE=0.10481 NRMSE=1.48199 R2=-1.19631 IC=-0.01525
2026-08-02 00:16:48,377 - options_risk_engine.forecasting.volatility - INFO - WMT Ridge                alpha=0.001 RMSE=0.10474 NRMSE=1.48108 R2=-1.19359 IC=-0.01530
2026-08-02 00:16:48,379 - options_risk_engine.forecasting.volatility - INFO - WMT Ridge                alpha=0.01 RMSE=0.10413 NRMSE=1.47245 R2=-1.16811 IC=-0.01578
2026-08-02 00:16:48,382 - options_risk_engine.forecasting.volatility - INFO - WMT Ridge                alpha=0.1 RMSE=0.10027 NRMSE=1.41782 R2=-1.01022 IC=-0.01894
2026-08-02 00:16:48,384 - options_risk_engine.forecasting.volatility - INFO - WMT Ridge                alpha=1 RMSE=0.09354 NRMSE=1.32271 R2=-0.74956 IC=-0.01860
2026-08-02 00:16:48,386 - options_risk_engine.forecasting.volatility - INFO - WMT Ridge                alpha=10 RMSE=0.08761 NRMSE=1.23883 R2=-0.53469 IC=0.02083
2026-08-02 00:16:48,388 - options_risk_engine.forecasting.volatility - INFO - WMT Ridge                alpha=100 RMSE=0.08149 NRMSE=1.15225 R2=-0.32768 IC=0.07524
2026-08-02 00:16:48,390 - options_risk_engine.forecasting.volatility - INFO - WMT Ridge                alpha=1000 RMSE=0.07914 NRMSE=1.11904 R2=-0.25225 IC=0.11965
2026-08-02 00:16:48,392 - options_risk_engine.forecasting.volatility - INFO - WMT Ridge PCA            alpha=0.0001 RMSE=0.08305 NRMSE=1.17429 R2=-0.37896 IC=0.03277
2026-08-02 00:16:48,393 - options_risk_engine.forecasting.volatility - INFO - WMT Ridge PCA            alpha=0.001 RMSE=0.08305 NRMSE=1.17429 R2=-0.37896 IC=0.03277
2026-08-02 00:16:48,395 - options_risk_engine.forecasting.volatility - INFO - WMT Ridge PCA            alpha=0.01 RMSE=0.08305 NRMSE=1.17429 R2=-0.37895 IC=0.03277
2026-08-02 00:16:48,397 - options_risk_engine.forecasting.volatility - INFO - WMT Ridge PCA            alpha=0.1 RMSE=0.08304 NRMSE=1.17425 R2=-0.37887 IC=0.03281
2026-08-02 00:16:48,399 - options_risk_engine.forecasting.volatility - INFO - WMT Ridge PCA            alpha=1 RMSE=0.08302 NRMSE=1.17389 R2=-0.37801 IC=0.03316
2026-08-02 00:16:48,400 - options_risk_engine.forecasting.volatility - INFO - WMT Ridge PCA            alpha=10 RMSE=0.08278 NRMSE=1.17049 R2=-0.37005 IC=0.03654
2026-08-02 00:16:48,403 - options_risk_engine.forecasting.volatility - INFO - WMT Ridge PCA            alpha=100 RMSE=0.08141 NRMSE=1.15112 R2=-0.32509 IC=0.06005
2026-08-02 00:16:48,405 - options_risk_engine.forecasting.volatility - INFO - WMT Ridge PCA            alpha=1000 RMSE=0.07945 NRMSE=1.12342 R2=-0.26208 IC=0.11297
2026-08-02 00:16:48,407 - options_risk_engine.forecasting.volatility - INFO - WMT Lasso                alpha=0.0001 RMSE=0.09299 NRMSE=1.31489 R2=-0.72895 IC=-0.00161
2026-08-02 00:16:48,409 - options_risk_engine.forecasting.volatility - INFO - WMT Lasso                alpha=0.001 RMSE=0.08682 NRMSE=1.22763 R2=-0.50708 IC=0.01923
2026-08-02 00:16:48,412 - options_risk_engine.forecasting.volatility - INFO - WMT Lasso                alpha=0.01 RMSE=0.08319 NRMSE=1.17635 R2=-0.38381 IC=-0.06812
2026-08-02 00:16:48,414 - options_risk_engine.forecasting.volatility - INFO - WMT Lasso                alpha=0.1 RMSE=0.07943 NRMSE=1.12322 R2=-0.26161 IC=0.23053
2026-08-02 00:16:48,415 - options_risk_engine.forecasting.volatility - INFO - WMT Lasso                alpha=1 RMSE=0.07943 NRMSE=1.12322 R2=-0.26161 IC=0.23053
2026-08-02 00:16:48,417 - options_risk_engine.forecasting.volatility - INFO - WMT Lasso PCA            alpha=0.0001 RMSE=0.08296 NRMSE=1.17314 R2=-0.37626 IC=0.03383
2026-08-02 00:16:48,419 - options_risk_engine.forecasting.volatility - INFO - WMT Lasso PCA            alpha=0.001 RMSE=0.08229 NRMSE=1.16364 R2=-0.35405 IC=0.04331
2026-08-02 00:16:48,420 - options_risk_engine.forecasting.volatility - INFO - WMT Lasso PCA            alpha=0.01 RMSE=0.08131 NRMSE=1.14975 R2=-0.32193 IC=0.08996
2026-08-02 00:16:48,422 - options_risk_engine.forecasting.volatility - INFO - WMT Lasso PCA            alpha=0.1 RMSE=0.07997 NRMSE=1.13082 R2=-0.27875 IC=0.18300
2026-08-02 00:16:48,424 - options_risk_engine.forecasting.volatility - INFO - WMT Lasso PCA            alpha=1 RMSE=0.07943 NRMSE=1.12322 R2=-0.26161 IC=0.23053
2026-08-02 00:16:48,426 - options_risk_engine.forecasting.volatility - INFO - WMT Random Forest        alpha=None RMSE=0.08544 NRMSE=1.20817 R2=-0.45967 IC=-0.06587
2026-08-02 00:16:48,427 - options_risk_engine.forecasting.volatility - INFO - WMT Gradient Boosting    alpha=None RMSE=0.08808 NRMSE=1.24541 R2=-0.55105 IC=-0.07817
2026-08-02 00:16:48,429 - options_risk_engine.forecasting.volatility - INFO - WMT HAR-RV               alpha=None RMSE=0.08569 NRMSE=1.21167 R2=-0.46814 IC=-0.19011
2026-08-02 00:16:48,432 - options_risk_engine.forecasting.volatility - INFO - WMT GARCH                alpha=None RMSE=0.08412 NRMSE=1.18944 R2=-0.41477 IC=0.12353
2026-08-02 00:16:48,433 - options_risk_engine.forecasting.volatility - INFO - WMT evaluation complete - best model=Ridge, alpha=1000.0, RMSE=0.07914, NRMSE=1.11904
2026-08-02 00:16:48,438 - options_risk_engine.forecasting.volatility - INFO - GOOGL starting model evaluation
2026-08-02 00:16:48,440 - options_risk_engine.forecasting.volatility - INFO - GOOGL has 971 usable rows and 21 features
2026-08-02 00:16:48,440 - options_risk_engine.forecasting.volatility - INFO - Creating model specifications
2026-08-02 00:16:48,441 - options_risk_engine.forecasting.volatility - INFO - Created 34 model configurations
2026-08-02 00:16:48,441 - options_risk_engine.forecasting.volatility - INFO - GOOGL walk-forward starts at row 284 with window=30, step=30, purge=32
2026-08-02 00:17:05,200 - options_risk_engine.forecasting.volatility - INFO - GOOGL completed 22 walk-forward folds
2026-08-02 00:17:05,201 - options_risk_engine.forecasting.volatility - INFO - GOOGL calculating model comparison metrics
2026-08-02 00:17:05,203 - options_risk_engine.forecasting.volatility - INFO - GOOGL Train Mean           alpha=None RMSE=0.07436 NRMSE=1.07006 R2=-0.14504 IC=-0.20185
2026-08-02 00:17:05,205 - options_risk_engine.forecasting.volatility - INFO - GOOGL RV20 Baseline        alpha=None RMSE=0.11222 NRMSE=1.61476 R2=-1.60746 IC=-0.03534
2026-08-02 00:17:05,207 - options_risk_engine.forecasting.volatility - INFO - GOOGL OLS                  alpha=None RMSE=0.09815 NRMSE=1.41226 R2=-0.99448 IC=0.12447
2026-08-02 00:17:05,208 - options_risk_engine.forecasting.volatility - INFO - GOOGL OLS PCA              alpha=None RMSE=0.08116 NRMSE=1.16786 R2=-0.36389 IC=-0.01548
2026-08-02 00:17:05,210 - options_risk_engine.forecasting.volatility - INFO - GOOGL Ridge                alpha=0.0001 RMSE=0.09813 NRMSE=1.41207 R2=-0.99396 IC=0.12444
2026-08-02 00:17:05,212 - options_risk_engine.forecasting.volatility - INFO - GOOGL Ridge                alpha=0.001 RMSE=0.09802 NRMSE=1.41043 R2=-0.98930 IC=0.12419
2026-08-02 00:17:05,214 - options_risk_engine.forecasting.volatility - INFO - GOOGL Ridge                alpha=0.01 RMSE=0.09697 NRMSE=1.39539 R2=-0.94712 IC=0.12174
2026-08-02 00:17:05,217 - options_risk_engine.forecasting.volatility - INFO - GOOGL Ridge                alpha=0.1 RMSE=0.09173 NRMSE=1.31991 R2=-0.74216 IC=0.10369
2026-08-02 00:17:05,219 - options_risk_engine.forecasting.volatility - INFO - GOOGL Ridge                alpha=1 RMSE=0.08597 NRMSE=1.23709 R2=-0.53038 IC=0.07439
2026-08-02 00:17:05,221 - options_risk_engine.forecasting.volatility - INFO - GOOGL Ridge                alpha=10 RMSE=0.08158 NRMSE=1.17389 R2=-0.37801 IC=0.07840
2026-08-02 00:17:05,223 - options_risk_engine.forecasting.volatility - INFO - GOOGL Ridge                alpha=100 RMSE=0.07810 NRMSE=1.12383 R2=-0.26299 IC=0.02447
2026-08-02 00:17:05,225 - options_risk_engine.forecasting.volatility - INFO - GOOGL Ridge                alpha=1000 RMSE=0.07485 NRMSE=1.07697 R2=-0.15987 IC=-0.12187
2026-08-02 00:17:05,227 - options_risk_engine.forecasting.volatility - INFO - GOOGL Ridge PCA            alpha=0.0001 RMSE=0.08116 NRMSE=1.16786 R2=-0.36389 IC=-0.01548
2026-08-02 00:17:05,229 - options_risk_engine.forecasting.volatility - INFO - GOOGL Ridge PCA            alpha=0.001 RMSE=0.08116 NRMSE=1.16786 R2=-0.36389 IC=-0.01548
2026-08-02 00:17:05,231 - options_risk_engine.forecasting.volatility - INFO - GOOGL Ridge PCA            alpha=0.01 RMSE=0.08116 NRMSE=1.16786 R2=-0.36389 IC=-0.01548
2026-08-02 00:17:05,233 - options_risk_engine.forecasting.volatility - INFO - GOOGL Ridge PCA            alpha=0.1 RMSE=0.08116 NRMSE=1.16782 R2=-0.36381 IC=-0.01552
2026-08-02 00:17:05,235 - options_risk_engine.forecasting.volatility - INFO - GOOGL Ridge PCA            alpha=1 RMSE=0.08114 NRMSE=1.16750 R2=-0.36305 IC=-0.01589
2026-08-02 00:17:05,237 - options_risk_engine.forecasting.volatility - INFO - GOOGL Ridge PCA            alpha=10 RMSE=0.08092 NRMSE=1.16436 R2=-0.35574 IC=-0.01951
2026-08-02 00:17:05,239 - options_risk_engine.forecasting.volatility - INFO - GOOGL Ridge PCA            alpha=100 RMSE=0.07930 NRMSE=1.14106 R2=-0.30202 IC=-0.04677
2026-08-02 00:17:05,240 - options_risk_engine.forecasting.volatility - INFO - GOOGL Ridge PCA            alpha=1000 RMSE=0.07532 NRMSE=1.08377 R2=-0.17455 IC=-0.14719
2026-08-02 00:17:05,242 - options_risk_engine.forecasting.volatility - INFO - GOOGL Lasso                alpha=0.0001 RMSE=0.09202 NRMSE=1.32408 R2=-0.75318 IC=0.12169
2026-08-02 00:17:05,243 - options_risk_engine.forecasting.volatility - INFO - GOOGL Lasso                alpha=0.001 RMSE=0.08162 NRMSE=1.17443 R2=-0.37928 IC=0.07169
2026-08-02 00:17:05,245 - options_risk_engine.forecasting.volatility - INFO - GOOGL Lasso                alpha=0.01 RMSE=0.07513 NRMSE=1.08103 R2=-0.16863 IC=-0.12171
2026-08-02 00:17:05,247 - options_risk_engine.forecasting.volatility - INFO - GOOGL Lasso                alpha=0.1 RMSE=0.07436 NRMSE=1.07006 R2=-0.14504 IC=-0.20185
2026-08-02 00:17:05,249 - options_risk_engine.forecasting.volatility - INFO - GOOGL Lasso                alpha=1 RMSE=0.07436 NRMSE=1.07006 R2=-0.14504 IC=-0.20185
2026-08-02 00:17:05,250 - options_risk_engine.forecasting.volatility - INFO - GOOGL Lasso PCA            alpha=0.0001 RMSE=0.08110 NRMSE=1.16696 R2=-0.36179 IC=-0.01576
2026-08-02 00:17:05,253 - options_risk_engine.forecasting.volatility - INFO - GOOGL Lasso PCA            alpha=0.001 RMSE=0.08058 NRMSE=1.15949 R2=-0.34442 IC=-0.01884
2026-08-02 00:17:05,256 - options_risk_engine.forecasting.volatility - INFO - GOOGL Lasso PCA            alpha=0.01 RMSE=0.07663 NRMSE=1.10263 R2=-0.21579 IC=-0.06975
2026-08-02 00:17:05,258 - options_risk_engine.forecasting.volatility - INFO - GOOGL Lasso PCA            alpha=0.1 RMSE=0.07436 NRMSE=1.07006 R2=-0.14504 IC=-0.20185
2026-08-02 00:17:05,260 - options_risk_engine.forecasting.volatility - INFO - GOOGL Lasso PCA            alpha=1 RMSE=0.07436 NRMSE=1.07006 R2=-0.14504 IC=-0.20185
2026-08-02 00:17:05,261 - options_risk_engine.forecasting.volatility - INFO - GOOGL Random Forest        alpha=None RMSE=0.09466 NRMSE=1.36217 R2=-0.85550 IC=-0.18297
2026-08-02 00:17:05,263 - options_risk_engine.forecasting.volatility - INFO - GOOGL Gradient Boosting    alpha=None RMSE=0.09162 NRMSE=1.31837 R2=-0.73809 IC=-0.11846
2026-08-02 00:17:05,266 - options_risk_engine.forecasting.volatility - INFO - GOOGL HAR-RV               alpha=None RMSE=0.08313 NRMSE=1.19621 R2=-0.43092 IC=-0.17770
2026-08-02 00:17:05,268 - options_risk_engine.forecasting.volatility - INFO - GOOGL GARCH                alpha=None RMSE=0.07616 NRMSE=1.09596 R2=-0.20113 IC=-0.29409
2026-08-02 00:17:05,270 - options_risk_engine.forecasting.volatility - INFO - GOOGL evaluation complete - best model=Train Mean, alpha=nan, RMSE=0.07436, NRMSE=1.07006
2026-08-02 00:17:05,275 - options_risk_engine.forecasting.volatility - INFO - AMZN starting model evaluation
2026-08-02 00:17:05,277 - options_risk_engine.forecasting.volatility - INFO - AMZN has 971 usable rows and 21 features
2026-08-02 00:17:05,277 - options_risk_engine.forecasting.volatility - INFO - Creating model specifications
2026-08-02 00:17:05,277 - options_risk_engine.forecasting.volatility - INFO - Created 34 model configurations
2026-08-02 00:17:05,278 - options_risk_engine.forecasting.volatility - INFO - AMZN walk-forward starts at row 284 with window=30, step=30, purge=32
2026-08-02 00:18:16,703 - options_risk_engine.database - INFO - Stored 238 rows in model_evaluations
2026-08-02 01:08:40,291 - options_risk_engine.database - INFO - SQLite database initialised at /Users/sam/Progressive-Projects/Projects/Option Pricer N Risk Engine/data/options_risk_engine.db
2026-08-02 01:08:40,408 - options_risk_engine.data.market_data - INFO - Downloading historical data for 7 symbols
2026-08-02 01:08:41,285 - options_risk_engine.data.market_data - INFO - Historical data downloaded: 1255 rows
2026-08-02 01:08:43,727 - options_risk_engine.database - INFO - Stored 8785 rows in equity_prices
2026-08-02 01:08:43,840 - options_risk_engine.data.market_data - INFO - Feature dataset created: 1255 rows, 21 engineered features per ticker
2026-08-02 01:08:56,263 - options_risk_engine.database - INFO - SQLite database initialised at /Users/sam/Progressive-Projects/Projects/Option Pricer N Risk Engine/data/options_risk_engine.db
2026-08-02 01:08:56,691 - options_risk_engine.data.market_data - INFO - Downloading historical data for 7 symbols
2026-08-02 01:08:57,266 - options_risk_engine.data.market_data - INFO - Historical data downloaded: 1255 rows
2026-08-02 01:08:59,325 - options_risk_engine.database - INFO - Stored 8785 rows in equity_prices
2026-08-02 01:08:59,373 - options_risk_engine.data.market_data - INFO - Feature dataset created: 1255 rows, 21 engineered features per ticker
2026-08-02 10:06:54,183 - options_risk_engine.database - INFO - SQLite database initialised at /Users/sam/Progressive-Projects/Projects/Option Pricer N Risk Engine/data/options_risk_engine.db
2026-08-02 10:06:54,542 - options_risk_engine.data.market_data - INFO - Downloading historical data for 7 symbols
2026-08-02 10:06:55,147 - options_risk_engine.data.market_data - INFO - Historical data downloaded: 1255 rows
2026-08-02 10:06:56,812 - options_risk_engine.database - INFO - Stored 8785 rows in equity_prices
2026-08-02 10:06:56,862 - options_risk_engine.data.market_data - INFO - Feature dataset created: 1255 rows, 21 engineered features per ticker
2026-08-02 10:08:01,354 - options_risk_engine.database - INFO - SQLite database initialised at /Users/sam/Progressive-Projects/Projects/Option Pricer N Risk Engine/data/options_risk_engine.db
2026-08-02 10:08:01,387 - options_risk_engine.data.market_data - INFO - Downloading historical data for 7 symbols
2026-08-02 10:08:01,784 - options_risk_engine.data.market_data - INFO - Historical data downloaded: 1255 rows
2026-08-02 10:08:03,355 - options_risk_engine.database - INFO - Stored 8785 rows in equity_prices
2026-08-02 10:08:03,405 - options_risk_engine.data.market_data - INFO - Feature dataset created: 1255 rows, 21 engineered features per ticker
2026-08-02 10:08:23,375 - options_risk_engine.database - INFO - SQLite database initialised at /Users/sam/Progressive-Projects/Projects/Option Pricer N Risk Engine/data/options_risk_engine.db
2026-08-02 10:08:23,407 - options_risk_engine.data.market_data - INFO - Downloading historical data for 7 symbols
2026-08-02 10:08:23,788 - options_risk_engine.data.market_data - INFO - Historical data downloaded: 1255 rows
2026-08-02 10:08:25,345 - options_risk_engine.database - INFO - Stored 8785 rows in equity_prices
2026-08-02 10:08:25,394 - options_risk_engine.data.market_data - INFO - Feature dataset created: 1255 rows, 21 engineered features per ticker
2026-08-02 10:08:25,936 - options_risk_engine.database - INFO - Stored 1255 rows in volatility_features
2026-08-02 10:08:27,906 - options_risk_engine.forecasting.volatility - INFO - Creating model specifications
2026-08-02 10:08:27,907 - options_risk_engine.forecasting.volatility - INFO - Created 34 model configurations
2026-08-02 10:08:27,931 - options_risk_engine.forecasting.volatility - INFO - AAPL starting model evaluation
2026-08-02 10:08:27,934 - options_risk_engine.forecasting.volatility - INFO - AAPL has 971 usable rows and 21 features
2026-08-02 10:08:27,935 - options_risk_engine.forecasting.volatility - INFO - Creating model specifications
2026-08-02 10:08:27,936 - options_risk_engine.forecasting.volatility - INFO - Created 34 model configurations
2026-08-02 10:08:27,937 - options_risk_engine.forecasting.volatility - INFO - AAPL walk-forward starts at row 284 with window=30, step=30, purge=32
2026-08-02 10:08:46,368 - options_risk_engine.forecasting.volatility - INFO - AAPL completed 22 walk-forward folds
2026-08-02 10:08:46,373 - options_risk_engine.forecasting.volatility - INFO - AAPL calculating model comparison metrics
2026-08-02 10:08:46,376 - options_risk_engine.forecasting.volatility - INFO - AAPL Train Mean           alpha=None RMSE=0.10960 NRMSE=1.04761 R2=-0.09748 IC=-0.48458
2026-08-02 10:08:46,379 - options_risk_engine.forecasting.volatility - INFO - AAPL RV20 Baseline        alpha=None RMSE=0.13733 NRMSE=1.31268 R2=-0.72312 IC=0.22482
2026-08-02 10:08:46,382 - options_risk_engine.forecasting.volatility - INFO - AAPL OLS                  alpha=None RMSE=0.14282 NRMSE=1.36520 R2=-0.86378 IC=-0.02723
2026-08-02 10:08:46,385 - options_risk_engine.forecasting.volatility - INFO - AAPL OLS PCA              alpha=None RMSE=0.12644 NRMSE=1.20862 R2=-0.46075 IC=0.00080
2026-08-02 10:08:46,388 - options_risk_engine.forecasting.volatility - INFO - AAPL Ridge                alpha=0.0001 RMSE=0.14282 NRMSE=1.36520 R2=-0.86376 IC=-0.02723
2026-08-02 10:08:46,390 - options_risk_engine.forecasting.volatility - INFO - AAPL Ridge                alpha=0.001 RMSE=0.14281 NRMSE=1.36512 R2=-0.86355 IC=-0.02721
2026-08-02 10:08:46,392 - options_risk_engine.forecasting.volatility - INFO - AAPL Ridge                alpha=0.01 RMSE=0.14273 NRMSE=1.36436 R2=-0.86147 IC=-0.02704
2026-08-02 10:08:46,394 - options_risk_engine.forecasting.volatility - INFO - AAPL Ridge                alpha=0.1 RMSE=0.14201 NRMSE=1.35747 R2=-0.84274 IC=-0.02493
2026-08-02 10:08:46,396 - options_risk_engine.forecasting.volatility - INFO - AAPL Ridge                alpha=1 RMSE=0.13805 NRMSE=1.31959 R2=-0.74132 IC=-0.00726
2026-08-02 10:08:46,400 - options_risk_engine.forecasting.volatility - INFO - AAPL Ridge                alpha=10 RMSE=0.12879 NRMSE=1.23109 R2=-0.51558 IC=0.03284
2026-08-02 10:08:46,402 - options_risk_engine.forecasting.volatility - INFO - AAPL Ridge                alpha=100 RMSE=0.11727 NRMSE=1.12097 R2=-0.25658 IC=0.08764
2026-08-02 10:08:46,405 - options_risk_engine.forecasting.volatility - INFO - AAPL Ridge                alpha=1000 RMSE=0.10993 NRMSE=1.05079 R2=-0.10416 IC=0.14536
2026-08-02 10:08:46,408 - options_risk_engine.forecasting.volatility - INFO - AAPL Ridge PCA            alpha=0.0001 RMSE=0.12644 NRMSE=1.20862 R2=-0.46075 IC=0.00080
2026-08-02 10:08:46,410 - options_risk_engine.forecasting.volatility - INFO - AAPL Ridge PCA            alpha=0.001 RMSE=0.12644 NRMSE=1.20862 R2=-0.46075 IC=0.00080
2026-08-02 10:08:46,412 - options_risk_engine.forecasting.volatility - INFO - AAPL Ridge PCA            alpha=0.01 RMSE=0.12644 NRMSE=1.20860 R2=-0.46072 IC=0.00081
2026-08-02 10:08:46,414 - options_risk_engine.forecasting.volatility - INFO - AAPL Ridge PCA            alpha=0.1 RMSE=0.12643 NRMSE=1.20846 R2=-0.46039 IC=0.00091
2026-08-02 10:08:46,416 - options_risk_engine.forecasting.volatility - INFO - AAPL Ridge PCA            alpha=1 RMSE=0.12628 NRMSE=1.20711 R2=-0.45711 IC=0.00188
2026-08-02 10:08:46,419 - options_risk_engine.forecasting.volatility - INFO - AAPL Ridge PCA            alpha=10 RMSE=0.12498 NRMSE=1.19461 R2=-0.42710 IC=0.01113
2026-08-02 10:08:46,422 - options_risk_engine.forecasting.volatility - INFO - AAPL Ridge PCA            alpha=100 RMSE=0.11804 NRMSE=1.12834 R2=-0.27315 IC=0.07141
2026-08-02 10:08:46,424 - options_risk_engine.forecasting.volatility - INFO - AAPL Ridge PCA            alpha=1000 RMSE=0.11031 NRMSE=1.05443 R2=-0.11183 IC=0.14089
2026-08-02 10:08:46,426 - options_risk_engine.forecasting.volatility - INFO - AAPL Lasso                alpha=0.0001 RMSE=0.14003 NRMSE=1.33849 R2=-0.79156 IC=-0.01808
2026-08-02 10:08:46,428 - options_risk_engine.forecasting.volatility - INFO - AAPL Lasso                alpha=0.001 RMSE=0.12662 NRMSE=1.21037 R2=-0.46499 IC=0.01207
2026-08-02 10:08:46,430 - options_risk_engine.forecasting.volatility - INFO - AAPL Lasso                alpha=0.01 RMSE=0.11395 NRMSE=1.08925 R2=-0.18646 IC=0.04100
2026-08-02 10:08:46,433 - options_risk_engine.forecasting.volatility - INFO - AAPL Lasso                alpha=0.1 RMSE=0.10960 NRMSE=1.04761 R2=-0.09748 IC=-0.48458
2026-08-02 10:08:46,435 - options_risk_engine.forecasting.volatility - INFO - AAPL Lasso                alpha=1 RMSE=0.10960 NRMSE=1.04761 R2=-0.09748 IC=-0.48458
2026-08-02 10:08:46,438 - options_risk_engine.forecasting.volatility - INFO - AAPL Lasso PCA            alpha=0.0001 RMSE=0.12637 NRMSE=1.20793 R2=-0.45911 IC=0.00095
2026-08-02 10:08:46,440 - options_risk_engine.forecasting.volatility - INFO - AAPL Lasso PCA            alpha=0.001 RMSE=0.12570 NRMSE=1.20156 R2=-0.44375 IC=0.00222
2026-08-02 10:08:46,442 - options_risk_engine.forecasting.volatility - INFO - AAPL Lasso PCA            alpha=0.01 RMSE=0.11686 NRMSE=1.11705 R2=-0.24780 IC=0.06681
2026-08-02 10:08:46,444 - options_risk_engine.forecasting.volatility - INFO - AAPL Lasso PCA            alpha=0.1 RMSE=0.10562 NRMSE=1.00955 R2=-0.01919 IC=0.05694
2026-08-02 10:08:46,446 - options_risk_engine.forecasting.volatility - INFO - AAPL Lasso PCA            alpha=1 RMSE=0.10960 NRMSE=1.04761 R2=-0.09748 IC=-0.48458
2026-08-02 10:08:46,449 - options_risk_engine.forecasting.volatility - INFO - AAPL Random Forest        alpha=None RMSE=0.13800 NRMSE=1.31913 R2=-0.74011 IC=-0.04586
2026-08-02 10:08:46,451 - options_risk_engine.forecasting.volatility - INFO - AAPL Gradient Boosting    alpha=None RMSE=0.12819 NRMSE=1.22531 R2=-0.50139 IC=-0.02862
2026-08-02 10:08:46,454 - options_risk_engine.forecasting.volatility - INFO - AAPL HAR-RV               alpha=None RMSE=0.12635 NRMSE=1.20779 R2=-0.45875 IC=-0.01064
2026-08-02 10:08:46,456 - options_risk_engine.forecasting.volatility - INFO - AAPL GARCH                alpha=None RMSE=0.11599 NRMSE=1.10875 R2=-0.22932 IC=0.14355
2026-08-02 10:08:46,459 - options_risk_engine.forecasting.volatility - INFO - AAPL evaluation complete - best model=Lasso PCA, alpha=0.1, RMSE=0.10562, NRMSE=1.00955
2026-08-02 10:08:46,466 - options_risk_engine.forecasting.volatility - INFO - MSFT starting model evaluation
2026-08-02 10:08:46,469 - options_risk_engine.forecasting.volatility - INFO - MSFT has 971 usable rows and 21 features
2026-08-02 10:08:46,469 - options_risk_engine.forecasting.volatility - INFO - Creating model specifications
2026-08-02 10:08:46,470 - options_risk_engine.forecasting.volatility - INFO - Created 34 model configurations
2026-08-02 10:08:46,471 - options_risk_engine.forecasting.volatility - INFO - MSFT walk-forward starts at row 284 with window=30, step=30, purge=32
2026-08-02 10:09:05,064 - options_risk_engine.forecasting.volatility - INFO - MSFT completed 22 walk-forward folds
2026-08-02 10:09:05,066 - options_risk_engine.forecasting.volatility - INFO - MSFT calculating model comparison metrics
2026-08-02 10:09:05,068 - options_risk_engine.forecasting.volatility - INFO - MSFT Train Mean           alpha=None RMSE=0.08842 NRMSE=1.18225 R2=-0.39772 IC=-0.35506
2026-08-02 10:09:05,070 - options_risk_engine.forecasting.volatility - INFO - MSFT RV20 Baseline        alpha=None RMSE=0.10463 NRMSE=1.39906 R2=-0.95737 IC=0.12329
2026-08-02 10:09:05,073 - options_risk_engine.forecasting.volatility - INFO - MSFT OLS                  alpha=None RMSE=0.09843 NRMSE=1.31606 R2=-0.73201 IC=-0.01403
2026-08-02 10:09:05,075 - options_risk_engine.forecasting.volatility - INFO - MSFT OLS PCA              alpha=None RMSE=0.09562 NRMSE=1.27859 R2=-0.63480 IC=-0.07145
2026-08-02 10:09:05,076 - options_risk_engine.forecasting.volatility - INFO - MSFT Ridge                alpha=0.0001 RMSE=0.09843 NRMSE=1.31606 R2=-0.73201 IC=-0.01406
2026-08-02 10:09:05,078 - options_risk_engine.forecasting.volatility - INFO - MSFT Ridge                alpha=0.001 RMSE=0.09843 NRMSE=1.31605 R2=-0.73200 IC=-0.01430
2026-08-02 10:09:05,080 - options_risk_engine.forecasting.volatility - INFO - MSFT Ridge                alpha=0.01 RMSE=0.09842 NRMSE=1.31601 R2=-0.73189 IC=-0.01655
2026-08-02 10:09:05,082 - options_risk_engine.forecasting.volatility - INFO - MSFT Ridge                alpha=0.1 RMSE=0.09836 NRMSE=1.31518 R2=-0.72969 IC=-0.03093
2026-08-02 10:09:05,083 - options_risk_engine.forecasting.volatility - INFO - MSFT Ridge                alpha=1 RMSE=0.09780 NRMSE=1.30774 R2=-0.71019 IC=-0.05072
2026-08-02 10:09:05,085 - options_risk_engine.forecasting.volatility - INFO - MSFT Ridge                alpha=10 RMSE=0.09637 NRMSE=1.28861 R2=-0.66052 IC=-0.05240
2026-08-02 10:09:05,087 - options_risk_engine.forecasting.volatility - INFO - MSFT Ridge                alpha=100 RMSE=0.09140 NRMSE=1.22216 R2=-0.49368 IC=-0.03740
2026-08-02 10:09:05,088 - options_risk_engine.forecasting.volatility - INFO - MSFT Ridge                alpha=1000 RMSE=0.08417 NRMSE=1.12539 R2=-0.26651 IC=-0.03361
2026-08-02 10:09:05,090 - options_risk_engine.forecasting.volatility - INFO - MSFT Ridge PCA            alpha=0.0001 RMSE=0.09562 NRMSE=1.27859 R2=-0.63480 IC=-0.07145
2026-08-02 10:09:05,092 - options_risk_engine.forecasting.volatility - INFO - MSFT Ridge PCA            alpha=0.001 RMSE=0.09562 NRMSE=1.27859 R2=-0.63480 IC=-0.07145
2026-08-02 10:09:05,094 - options_risk_engine.forecasting.volatility - INFO - MSFT Ridge PCA            alpha=0.01 RMSE=0.09562 NRMSE=1.27858 R2=-0.63477 IC=-0.07145
2026-08-02 10:09:05,095 - options_risk_engine.forecasting.volatility - INFO - MSFT Ridge PCA            alpha=0.1 RMSE=0.09562 NRMSE=1.27849 R2=-0.63455 IC=-0.07142
2026-08-02 10:09:05,098 - options_risk_engine.forecasting.volatility - INFO - MSFT Ridge PCA            alpha=1 RMSE=0.09555 NRMSE=1.27761 R2=-0.63228 IC=-0.07108
2026-08-02 10:09:05,100 - options_risk_engine.forecasting.volatility - INFO - MSFT Ridge PCA            alpha=10 RMSE=0.09492 NRMSE=1.26923 R2=-0.61095 IC=-0.06792
2026-08-02 10:09:05,101 - options_risk_engine.forecasting.volatility - INFO - MSFT Ridge PCA            alpha=100 RMSE=0.09097 NRMSE=1.21631 R2=-0.47942 IC=-0.04782
2026-08-02 10:09:05,103 - options_risk_engine.forecasting.volatility - INFO - MSFT Ridge PCA            alpha=1000 RMSE=0.08422 NRMSE=1.12610 R2=-0.26809 IC=-0.03965
2026-08-02 10:09:05,105 - options_risk_engine.forecasting.volatility - INFO - MSFT Lasso                alpha=0.0001 RMSE=0.09819 NRMSE=1.31288 R2=-0.72366 IC=-0.03737
2026-08-02 10:09:05,107 - options_risk_engine.forecasting.volatility - INFO - MSFT Lasso                alpha=0.001 RMSE=0.09536 NRMSE=1.27507 R2=-0.62581 IC=-0.08360
2026-08-02 10:09:05,108 - options_risk_engine.forecasting.volatility - INFO - MSFT Lasso                alpha=0.01 RMSE=0.08695 NRMSE=1.16262 R2=-0.35170 IC=-0.11584
2026-08-02 10:09:05,110 - options_risk_engine.forecasting.volatility - INFO - MSFT Lasso                alpha=0.1 RMSE=0.08842 NRMSE=1.18225 R2=-0.39772 IC=-0.35506
2026-08-02 10:09:05,112 - options_risk_engine.forecasting.volatility - INFO - MSFT Lasso                alpha=1 RMSE=0.08842 NRMSE=1.18225 R2=-0.39772 IC=-0.35506
2026-08-02 10:09:05,114 - options_risk_engine.forecasting.volatility - INFO - MSFT Lasso PCA            alpha=0.0001 RMSE=0.09551 NRMSE=1.27701 R2=-0.63075 IC=-0.07138
2026-08-02 10:09:05,115 - options_risk_engine.forecasting.volatility - INFO - MSFT Lasso PCA            alpha=0.001 RMSE=0.09455 NRMSE=1.26416 R2=-0.59810 IC=-0.07083
2026-08-02 10:09:05,117 - options_risk_engine.forecasting.volatility - INFO - MSFT Lasso PCA            alpha=0.01 RMSE=0.08802 NRMSE=1.17691 R2=-0.38512 IC=-0.07801
2026-08-02 10:09:05,118 - options_risk_engine.forecasting.volatility - INFO - MSFT Lasso PCA            alpha=0.1 RMSE=0.08625 NRMSE=1.15323 R2=-0.32994 IC=-0.29032
2026-08-02 10:09:05,120 - options_risk_engine.forecasting.volatility - INFO - MSFT Lasso PCA            alpha=1 RMSE=0.08842 NRMSE=1.18225 R2=-0.39772 IC=-0.35506
2026-08-02 10:09:05,122 - options_risk_engine.forecasting.volatility - INFO - MSFT Random Forest        alpha=None RMSE=0.10516 NRMSE=1.40606 R2=-0.97700 IC=-0.06983
2026-08-02 10:09:05,123 - options_risk_engine.forecasting.volatility - INFO - MSFT Gradient Boosting    alpha=None RMSE=0.10123 NRMSE=1.35352 R2=-0.83202 IC=-0.06561
2026-08-02 10:09:05,125 - options_risk_engine.forecasting.volatility - INFO - MSFT HAR-RV               alpha=None RMSE=0.09716 NRMSE=1.29912 R2=-0.68770 IC=-0.13337
2026-08-02 10:09:05,127 - options_risk_engine.forecasting.volatility - INFO - MSFT GARCH                alpha=None RMSE=0.08325 NRMSE=1.11312 R2=-0.23903 IC=0.04316
2026-08-02 10:09:05,128 - options_risk_engine.forecasting.volatility - INFO - MSFT evaluation complete - best model=GARCH, alpha=nan, RMSE=0.08325, NRMSE=1.11312
2026-08-02 10:09:05,133 - options_risk_engine.forecasting.volatility - INFO - META starting model evaluation
2026-08-02 10:09:05,135 - options_risk_engine.forecasting.volatility - INFO - META has 971 usable rows and 21 features
2026-08-02 10:09:05,135 - options_risk_engine.forecasting.volatility - INFO - Creating model specifications
2026-08-02 10:09:05,136 - options_risk_engine.forecasting.volatility - INFO - Created 34 model configurations
2026-08-02 10:09:05,136 - options_risk_engine.forecasting.volatility - INFO - META walk-forward starts at row 284 with window=30, step=30, purge=32
2026-08-02 10:09:22,531 - options_risk_engine.forecasting.volatility - INFO - META completed 22 walk-forward folds
2026-08-02 10:09:22,534 - options_risk_engine.forecasting.volatility - INFO - META calculating model comparison metrics
2026-08-02 10:09:22,536 - options_risk_engine.forecasting.volatility - INFO - META Train Mean           alpha=None RMSE=0.14507 NRMSE=1.19096 R2=-0.41839 IC=-0.12845
2026-08-02 10:09:22,538 - options_risk_engine.forecasting.volatility - INFO - META RV20 Baseline        alpha=None RMSE=0.20570 NRMSE=1.68873 R2=-1.85181 IC=-0.17340
2026-08-02 10:09:22,540 - options_risk_engine.forecasting.volatility - INFO - META OLS                  alpha=None RMSE=0.20237 NRMSE=1.66144 R2=-1.76038 IC=-0.12235
2026-08-02 10:09:22,541 - options_risk_engine.forecasting.volatility - INFO - META OLS PCA              alpha=None RMSE=0.15624 NRMSE=1.28268 R2=-0.64527 IC=0.02020
2026-08-02 10:09:22,543 - options_risk_engine.forecasting.volatility - INFO - META Ridge                alpha=0.0001 RMSE=0.20235 NRMSE=1.66123 R2=-1.75968 IC=-0.12233
2026-08-02 10:09:22,545 - options_risk_engine.forecasting.volatility - INFO - META Ridge                alpha=0.001 RMSE=0.20212 NRMSE=1.65936 R2=-1.75347 IC=-0.12216
2026-08-02 10:09:22,546 - options_risk_engine.forecasting.volatility - INFO - META Ridge                alpha=0.01 RMSE=0.19996 NRMSE=1.64164 R2=-1.69498 IC=-0.12047
2026-08-02 10:09:22,548 - options_risk_engine.forecasting.volatility - INFO - META Ridge                alpha=0.1 RMSE=0.18614 NRMSE=1.52814 R2=-1.33521 IC=-0.10331
2026-08-02 10:09:22,550 - options_risk_engine.forecasting.volatility - INFO - META Ridge                alpha=1 RMSE=0.16780 NRMSE=1.37760 R2=-0.89779 IC=-0.04000
2026-08-02 10:09:22,551 - options_risk_engine.forecasting.volatility - INFO - META Ridge                alpha=10 RMSE=0.16220 NRMSE=1.33163 R2=-0.77325 IC=0.00200
2026-08-02 10:09:22,553 - options_risk_engine.forecasting.volatility - INFO - META Ridge                alpha=100 RMSE=0.14859 NRMSE=1.21988 R2=-0.48810 IC=-0.00626
2026-08-02 10:09:22,555 - options_risk_engine.forecasting.volatility - INFO - META Ridge                alpha=1000 RMSE=0.13927 NRMSE=1.14336 R2=-0.30727 IC=-0.13577
2026-08-02 10:09:22,556 - options_risk_engine.forecasting.volatility - INFO - META Ridge PCA            alpha=0.0001 RMSE=0.15624 NRMSE=1.28268 R2=-0.64527 IC=0.02020
2026-08-02 10:09:22,558 - options_risk_engine.forecasting.volatility - INFO - META Ridge PCA            alpha=0.001 RMSE=0.15624 NRMSE=1.28268 R2=-0.64527 IC=0.02020
2026-08-02 10:09:22,561 - options_risk_engine.forecasting.volatility - INFO - META Ridge PCA            alpha=0.01 RMSE=0.15624 NRMSE=1.28267 R2=-0.64524 IC=0.02020
2026-08-02 10:09:22,566 - options_risk_engine.forecasting.volatility - INFO - META Ridge PCA            alpha=0.1 RMSE=0.15622 NRMSE=1.28257 R2=-0.64498 IC=0.02017
2026-08-02 10:09:22,574 - options_risk_engine.forecasting.volatility - INFO - META Ridge PCA            alpha=1 RMSE=0.15610 NRMSE=1.28154 R2=-0.64235 IC=0.01986
2026-08-02 10:09:22,593 - options_risk_engine.forecasting.volatility - INFO - META Ridge PCA            alpha=10 RMSE=0.15492 NRMSE=1.27188 R2=-0.61769 IC=0.01678
2026-08-02 10:09:22,614 - options_risk_engine.forecasting.volatility - INFO - META Ridge PCA            alpha=100 RMSE=0.14773 NRMSE=1.21281 R2=-0.47090 IC=-0.01070
2026-08-02 10:09:22,656 - options_risk_engine.forecasting.volatility - INFO - META Ridge PCA            alpha=1000 RMSE=0.13981 NRMSE=1.14781 R2=-0.31746 IC=-0.13662
2026-08-02 10:09:22,666 - options_risk_engine.forecasting.volatility - INFO - META Lasso                alpha=0.0001 RMSE=0.18685 NRMSE=1.53400 R2=-1.35315 IC=-0.12709
2026-08-02 10:09:22,672 - options_risk_engine.forecasting.volatility - INFO - META Lasso                alpha=0.001 RMSE=0.16370 NRMSE=1.34396 R2=-0.80623 IC=0.00980
2026-08-02 10:09:22,674 - options_risk_engine.forecasting.volatility - INFO - META Lasso                alpha=0.01 RMSE=0.15531 NRMSE=1.27504 R2=-0.62573 IC=0.01041
2026-08-02 10:09:22,676 - options_risk_engine.forecasting.volatility - INFO - META Lasso                alpha=0.1 RMSE=0.14562 NRMSE=1.19553 R2=-0.42928 IC=-0.13743
2026-08-02 10:09:22,678 - options_risk_engine.forecasting.volatility - INFO - META Lasso                alpha=1 RMSE=0.14507 NRMSE=1.19096 R2=-0.41839 IC=-0.12845
2026-08-02 10:09:22,680 - options_risk_engine.forecasting.volatility - INFO - META Lasso PCA            alpha=0.0001 RMSE=0.15614 NRMSE=1.28192 R2=-0.64332 IC=0.01987
2026-08-02 10:09:22,685 - options_risk_engine.forecasting.volatility - INFO - META Lasso PCA            alpha=0.001 RMSE=0.15532 NRMSE=1.27517 R2=-0.62606 IC=0.01679
2026-08-02 10:09:22,692 - options_risk_engine.forecasting.volatility - INFO - META Lasso PCA            alpha=0.01 RMSE=0.14884 NRMSE=1.22192 R2=-0.49308 IC=-0.02273
2026-08-02 10:09:22,694 - options_risk_engine.forecasting.volatility - INFO - META Lasso PCA            alpha=0.1 RMSE=0.14774 NRMSE=1.21292 R2=-0.47117 IC=-0.26553
2026-08-02 10:09:22,696 - options_risk_engine.forecasting.volatility - INFO - META Lasso PCA            alpha=1 RMSE=0.14507 NRMSE=1.19096 R2=-0.41839 IC=-0.12845
2026-08-02 10:09:22,698 - options_risk_engine.forecasting.volatility - INFO - META Random Forest        alpha=None RMSE=0.16784 NRMSE=1.37790 R2=-0.89861 IC=-0.09491
2026-08-02 10:09:22,699 - options_risk_engine.forecasting.volatility - INFO - META Gradient Boosting    alpha=None RMSE=0.15152 NRMSE=1.24393 R2=-0.54735 IC=0.02408
2026-08-02 10:09:22,701 - options_risk_engine.forecasting.volatility - INFO - META HAR-RV               alpha=None RMSE=0.16757 NRMSE=1.37573 R2=-0.89262 IC=0.01569
2026-08-02 10:09:22,703 - options_risk_engine.forecasting.volatility - INFO - META GARCH                alpha=None RMSE=0.21776 NRMSE=1.78777 R2=-2.19612 IC=-0.01975
2026-08-02 10:09:22,705 - options_risk_engine.forecasting.volatility - INFO - META evaluation complete - best model=Ridge, alpha=1000.0, RMSE=0.13927, NRMSE=1.14336
2026-08-02 10:09:22,709 - options_risk_engine.forecasting.volatility - INFO - WMT starting model evaluation
2026-08-02 10:09:22,711 - options_risk_engine.forecasting.volatility - INFO - WMT has 971 usable rows and 21 features
2026-08-02 10:09:22,711 - options_risk_engine.forecasting.volatility - INFO - Creating model specifications
2026-08-02 10:09:22,712 - options_risk_engine.forecasting.volatility - INFO - Created 34 model configurations
2026-08-02 10:09:22,712 - options_risk_engine.forecasting.volatility - INFO - WMT walk-forward starts at row 284 with window=30, step=30, purge=32
2026-08-02 10:09:38,744 - options_risk_engine.forecasting.volatility - INFO - WMT completed 22 walk-forward folds
2026-08-02 10:09:38,746 - options_risk_engine.forecasting.volatility - INFO - WMT calculating model comparison metrics
2026-08-02 10:09:38,748 - options_risk_engine.forecasting.volatility - INFO - WMT Train Mean           alpha=None RMSE=0.07943 NRMSE=1.12322 R2=-0.26161 IC=0.23053
2026-08-02 10:09:38,749 - options_risk_engine.forecasting.volatility - INFO - WMT RV20 Baseline        alpha=None RMSE=0.09972 NRMSE=1.41001 R2=-0.98812 IC=0.16391
2026-08-02 10:09:38,751 - options_risk_engine.forecasting.volatility - INFO - WMT OLS                  alpha=None RMSE=0.10481 NRMSE=1.48209 R2=-1.19660 IC=-0.01524
2026-08-02 10:09:38,752 - options_risk_engine.forecasting.volatility - INFO - WMT OLS PCA              alpha=None RMSE=0.08305 NRMSE=1.17429 R2=-0.37896 IC=0.03277
2026-08-02 10:09:38,754 - options_risk_engine.forecasting.volatility - INFO - WMT Ridge                alpha=0.0001 RMSE=0.10481 NRMSE=1.48199 R2=-1.19629 IC=-0.01525
2026-08-02 10:09:38,756 - options_risk_engine.forecasting.volatility - INFO - WMT Ridge                alpha=0.001 RMSE=0.10474 NRMSE=1.48108 R2=-1.19358 IC=-0.01530
2026-08-02 10:09:38,757 - options_risk_engine.forecasting.volatility - INFO - WMT Ridge                alpha=0.01 RMSE=0.10413 NRMSE=1.47245 R2=-1.16810 IC=-0.01578
2026-08-02 10:09:38,759 - options_risk_engine.forecasting.volatility - INFO - WMT Ridge                alpha=0.1 RMSE=0.10027 NRMSE=1.41782 R2=-1.01021 IC=-0.01894
2026-08-02 10:09:38,761 - options_risk_engine.forecasting.volatility - INFO - WMT Ridge                alpha=1 RMSE=0.09354 NRMSE=1.32270 R2=-0.74955 IC=-0.01860
2026-08-02 10:09:38,763 - options_risk_engine.forecasting.volatility - INFO - WMT Ridge                alpha=10 RMSE=0.08761 NRMSE=1.23883 R2=-0.53469 IC=0.02083
2026-08-02 10:09:38,764 - options_risk_engine.forecasting.volatility - INFO - WMT Ridge                alpha=100 RMSE=0.08149 NRMSE=1.15225 R2=-0.32767 IC=0.07524
2026-08-02 10:09:38,766 - options_risk_engine.forecasting.volatility - INFO - WMT Ridge                alpha=1000 RMSE=0.07914 NRMSE=1.11904 R2=-0.25224 IC=0.11965
2026-08-02 10:09:38,768 - options_risk_engine.forecasting.volatility - INFO - WMT Ridge PCA            alpha=0.0001 RMSE=0.08305 NRMSE=1.17429 R2=-0.37896 IC=0.03277
2026-08-02 10:09:38,770 - options_risk_engine.forecasting.volatility - INFO - WMT Ridge PCA            alpha=0.001 RMSE=0.08305 NRMSE=1.17429 R2=-0.37896 IC=0.03277
2026-08-02 10:09:38,772 - options_risk_engine.forecasting.volatility - INFO - WMT Ridge PCA            alpha=0.01 RMSE=0.08305 NRMSE=1.17429 R2=-0.37895 IC=0.03277
2026-08-02 10:09:38,773 - options_risk_engine.forecasting.volatility - INFO - WMT Ridge PCA            alpha=0.1 RMSE=0.08304 NRMSE=1.17425 R2=-0.37886 IC=0.03281
2026-08-02 10:09:38,775 - options_risk_engine.forecasting.volatility - INFO - WMT Ridge PCA            alpha=1 RMSE=0.08302 NRMSE=1.17389 R2=-0.37801 IC=0.03316
2026-08-02 10:09:38,776 - options_risk_engine.forecasting.volatility - INFO - WMT Ridge PCA            alpha=10 RMSE=0.08278 NRMSE=1.17049 R2=-0.37005 IC=0.03654
2026-08-02 10:09:38,778 - options_risk_engine.forecasting.volatility - INFO - WMT Ridge PCA            alpha=100 RMSE=0.08141 NRMSE=1.15112 R2=-0.32509 IC=0.06005
2026-08-02 10:09:38,780 - options_risk_engine.forecasting.volatility - INFO - WMT Ridge PCA            alpha=1000 RMSE=0.07945 NRMSE=1.12342 R2=-0.26208 IC=0.11297
2026-08-02 10:09:38,781 - options_risk_engine.forecasting.volatility - INFO - WMT Lasso                alpha=0.0001 RMSE=0.09299 NRMSE=1.31489 R2=-0.72893 IC=-0.00160
2026-08-02 10:09:38,783 - options_risk_engine.forecasting.volatility - INFO - WMT Lasso                alpha=0.001 RMSE=0.08682 NRMSE=1.22763 R2=-0.50707 IC=0.01923
2026-08-02 10:09:38,785 - options_risk_engine.forecasting.volatility - INFO - WMT Lasso                alpha=0.01 RMSE=0.08319 NRMSE=1.17635 R2=-0.38381 IC=-0.06811
2026-08-02 10:09:38,786 - options_risk_engine.forecasting.volatility - INFO - WMT Lasso                alpha=0.1 RMSE=0.07943 NRMSE=1.12322 R2=-0.26161 IC=0.23053
2026-08-02 10:09:38,788 - options_risk_engine.forecasting.volatility - INFO - WMT Lasso                alpha=1 RMSE=0.07943 NRMSE=1.12322 R2=-0.26161 IC=0.23053
2026-08-02 10:09:38,790 - options_risk_engine.forecasting.volatility - INFO - WMT Lasso PCA            alpha=0.0001 RMSE=0.08296 NRMSE=1.17314 R2=-0.37626 IC=0.03384
2026-08-02 10:09:38,791 - options_risk_engine.forecasting.volatility - INFO - WMT Lasso PCA            alpha=0.001 RMSE=0.08229 NRMSE=1.16363 R2=-0.35404 IC=0.04331
2026-08-02 10:09:38,793 - options_risk_engine.forecasting.volatility - INFO - WMT Lasso PCA            alpha=0.01 RMSE=0.08131 NRMSE=1.14975 R2=-0.32193 IC=0.08996
2026-08-02 10:09:38,794 - options_risk_engine.forecasting.volatility - INFO - WMT Lasso PCA            alpha=0.1 RMSE=0.07997 NRMSE=1.13082 R2=-0.27875 IC=0.18300
2026-08-02 10:09:38,796 - options_risk_engine.forecasting.volatility - INFO - WMT Lasso PCA            alpha=1 RMSE=0.07943 NRMSE=1.12322 R2=-0.26161 IC=0.23053
2026-08-02 10:09:38,797 - options_risk_engine.forecasting.volatility - INFO - WMT Random Forest        alpha=None RMSE=0.08506 NRMSE=1.20280 R2=-0.44672 IC=-0.06278
2026-08-02 10:09:38,799 - options_risk_engine.forecasting.volatility - INFO - WMT Gradient Boosting    alpha=None RMSE=0.08812 NRMSE=1.24605 R2=-0.55265 IC=-0.07855
2026-08-02 10:09:38,801 - options_risk_engine.forecasting.volatility - INFO - WMT HAR-RV               alpha=None RMSE=0.08569 NRMSE=1.21167 R2=-0.46814 IC=-0.19010
2026-08-02 10:09:38,802 - options_risk_engine.forecasting.volatility - INFO - WMT GARCH                alpha=None RMSE=0.08412 NRMSE=1.18943 R2=-0.41475 IC=0.12352
2026-08-02 10:09:38,803 - options_risk_engine.forecasting.volatility - INFO - WMT evaluation complete - best model=Ridge, alpha=1000.0, RMSE=0.07914, NRMSE=1.11904
2026-08-02 10:09:38,807 - options_risk_engine.forecasting.volatility - INFO - GOOGL starting model evaluation
2026-08-02 10:09:38,809 - options_risk_engine.forecasting.volatility - INFO - GOOGL has 971 usable rows and 21 features
2026-08-02 10:09:38,809 - options_risk_engine.forecasting.volatility - INFO - Creating model specifications
2026-08-02 10:09:38,810 - options_risk_engine.forecasting.volatility - INFO - Created 34 model configurations
2026-08-02 10:09:38,810 - options_risk_engine.forecasting.volatility - INFO - GOOGL walk-forward starts at row 284 with window=30, step=30, purge=32
2026-08-02 10:09:55,125 - options_risk_engine.forecasting.volatility - INFO - GOOGL completed 22 walk-forward folds
2026-08-02 10:09:55,126 - options_risk_engine.forecasting.volatility - INFO - GOOGL calculating model comparison metrics
2026-08-02 10:09:55,128 - options_risk_engine.forecasting.volatility - INFO - GOOGL Train Mean           alpha=None RMSE=0.07437 NRMSE=1.07006 R2=-0.14504 IC=-0.20185
2026-08-02 10:09:55,130 - options_risk_engine.forecasting.volatility - INFO - GOOGL RV20 Baseline        alpha=None RMSE=0.11222 NRMSE=1.61476 R2=-1.60746 IC=-0.03534
2026-08-02 10:09:55,132 - options_risk_engine.forecasting.volatility - INFO - GOOGL OLS                  alpha=None RMSE=0.09815 NRMSE=1.41226 R2=-0.99448 IC=0.12447
2026-08-02 10:09:55,134 - options_risk_engine.forecasting.volatility - INFO - GOOGL OLS PCA              alpha=None RMSE=0.08116 NRMSE=1.16786 R2=-0.36389 IC=-0.01547
2026-08-02 10:09:55,135 - options_risk_engine.forecasting.volatility - INFO - GOOGL Ridge                alpha=0.0001 RMSE=0.09813 NRMSE=1.41207 R2=-0.99395 IC=0.12444
2026-08-02 10:09:55,137 - options_risk_engine.forecasting.volatility - INFO - GOOGL Ridge                alpha=0.001 RMSE=0.09802 NRMSE=1.41043 R2=-0.98930 IC=0.12419
2026-08-02 10:09:55,139 - options_risk_engine.forecasting.volatility - INFO - GOOGL Ridge                alpha=0.01 RMSE=0.09697 NRMSE=1.39539 R2=-0.94712 IC=0.12174
2026-08-02 10:09:55,140 - options_risk_engine.forecasting.volatility - INFO - GOOGL Ridge                alpha=0.1 RMSE=0.09173 NRMSE=1.31991 R2=-0.74216 IC=0.10369
2026-08-02 10:09:55,142 - options_risk_engine.forecasting.volatility - INFO - GOOGL Ridge                alpha=1 RMSE=0.08597 NRMSE=1.23709 R2=-0.53038 IC=0.07439
2026-08-02 10:09:55,143 - options_risk_engine.forecasting.volatility - INFO - GOOGL Ridge                alpha=10 RMSE=0.08158 NRMSE=1.17389 R2=-0.37801 IC=0.07840
2026-08-02 10:09:55,145 - options_risk_engine.forecasting.volatility - INFO - GOOGL Ridge                alpha=100 RMSE=0.07810 NRMSE=1.12383 R2=-0.26299 IC=0.02448
2026-08-02 10:09:55,147 - options_risk_engine.forecasting.volatility - INFO - GOOGL Ridge                alpha=1000 RMSE=0.07485 NRMSE=1.07697 R2=-0.15987 IC=-0.12187
2026-08-02 10:09:55,149 - options_risk_engine.forecasting.volatility - INFO - GOOGL Ridge PCA            alpha=0.0001 RMSE=0.08116 NRMSE=1.16786 R2=-0.36389 IC=-0.01547
2026-08-02 10:09:55,150 - options_risk_engine.forecasting.volatility - INFO - GOOGL Ridge PCA            alpha=0.001 RMSE=0.08116 NRMSE=1.16786 R2=-0.36389 IC=-0.01548
2026-08-02 10:09:55,152 - options_risk_engine.forecasting.volatility - INFO - GOOGL Ridge PCA            alpha=0.01 RMSE=0.08116 NRMSE=1.16785 R2=-0.36389 IC=-0.01548
2026-08-02 10:09:55,154 - options_risk_engine.forecasting.volatility - INFO - GOOGL Ridge PCA            alpha=0.1 RMSE=0.08116 NRMSE=1.16782 R2=-0.36381 IC=-0.01552
2026-08-02 10:09:55,155 - options_risk_engine.forecasting.volatility - INFO - GOOGL Ridge PCA            alpha=1 RMSE=0.08114 NRMSE=1.16750 R2=-0.36305 IC=-0.01589
2026-08-02 10:09:55,157 - options_risk_engine.forecasting.volatility - INFO - GOOGL Ridge PCA            alpha=10 RMSE=0.08092 NRMSE=1.16436 R2=-0.35574 IC=-0.01951
2026-08-02 10:09:55,159 - options_risk_engine.forecasting.volatility - INFO - GOOGL Ridge PCA            alpha=100 RMSE=0.07930 NRMSE=1.14106 R2=-0.30202 IC=-0.04676
2026-08-02 10:09:55,160 - options_risk_engine.forecasting.volatility - INFO - GOOGL Ridge PCA            alpha=1000 RMSE=0.07532 NRMSE=1.08377 R2=-0.17455 IC=-0.14719
2026-08-02 10:09:55,162 - options_risk_engine.forecasting.volatility - INFO - GOOGL Lasso                alpha=0.0001 RMSE=0.09202 NRMSE=1.32408 R2=-0.75318 IC=0.12169
2026-08-02 10:09:55,164 - options_risk_engine.forecasting.volatility - INFO - GOOGL Lasso                alpha=0.001 RMSE=0.08162 NRMSE=1.17443 R2=-0.37929 IC=0.07169
2026-08-02 10:09:55,165 - options_risk_engine.forecasting.volatility - INFO - GOOGL Lasso                alpha=0.01 RMSE=0.07513 NRMSE=1.08103 R2=-0.16864 IC=-0.12171
2026-08-02 10:09:55,167 - options_risk_engine.forecasting.volatility - INFO - GOOGL Lasso                alpha=0.1 RMSE=0.07437 NRMSE=1.07006 R2=-0.14504 IC=-0.20185
2026-08-02 10:09:55,168 - options_risk_engine.forecasting.volatility - INFO - GOOGL Lasso                alpha=1 RMSE=0.07437 NRMSE=1.07006 R2=-0.14504 IC=-0.20185
2026-08-02 10:09:55,170 - options_risk_engine.forecasting.volatility - INFO - GOOGL Lasso PCA            alpha=0.0001 RMSE=0.08110 NRMSE=1.16696 R2=-0.36179 IC=-0.01576
2026-08-02 10:09:55,172 - options_risk_engine.forecasting.volatility - INFO - GOOGL Lasso PCA            alpha=0.001 RMSE=0.08058 NRMSE=1.15949 R2=-0.34442 IC=-0.01884
2026-08-02 10:09:55,174 - options_risk_engine.forecasting.volatility - INFO - GOOGL Lasso PCA            alpha=0.01 RMSE=0.07663 NRMSE=1.10263 R2=-0.21579 IC=-0.06975
2026-08-02 10:09:55,175 - options_risk_engine.forecasting.volatility - INFO - GOOGL Lasso PCA            alpha=0.1 RMSE=0.07437 NRMSE=1.07006 R2=-0.14504 IC=-0.20185
2026-08-02 10:09:55,177 - options_risk_engine.forecasting.volatility - INFO - GOOGL Lasso PCA            alpha=1 RMSE=0.07437 NRMSE=1.07006 R2=-0.14504 IC=-0.20185
2026-08-02 10:09:55,178 - options_risk_engine.forecasting.volatility - INFO - GOOGL Random Forest        alpha=None RMSE=0.09436 NRMSE=1.35774 R2=-0.84346 IC=-0.17315
2026-08-02 10:09:55,180 - options_risk_engine.forecasting.volatility - INFO - GOOGL Gradient Boosting    alpha=None RMSE=0.09167 NRMSE=1.31911 R2=-0.74004 IC=-0.12129
2026-08-02 10:09:55,182 - options_risk_engine.forecasting.volatility - INFO - GOOGL HAR-RV               alpha=None RMSE=0.08313 NRMSE=1.19621 R2=-0.43093 IC=-0.17770
2026-08-02 10:09:55,183 - options_risk_engine.forecasting.volatility - INFO - GOOGL GARCH                alpha=None RMSE=0.07616 NRMSE=1.09596 R2=-0.20113 IC=-0.29409
2026-08-02 10:09:55,184 - options_risk_engine.forecasting.volatility - INFO - GOOGL evaluation complete - best model=Train Mean, alpha=nan, RMSE=0.07437, NRMSE=1.07006
2026-08-02 10:09:55,188 - options_risk_engine.forecasting.volatility - INFO - AMZN starting model evaluation
2026-08-02 10:09:55,189 - options_risk_engine.forecasting.volatility - INFO - AMZN has 971 usable rows and 21 features
2026-08-02 10:09:55,190 - options_risk_engine.forecasting.volatility - INFO - Creating model specifications
2026-08-02 10:09:55,190 - options_risk_engine.forecasting.volatility - INFO - Created 34 model configurations
2026-08-02 10:09:55,197 - options_risk_engine.forecasting.volatility - INFO - AMZN walk-forward starts at row 284 with window=30, step=30, purge=32
2026-08-02 10:10:11,216 - options_risk_engine.forecasting.volatility - INFO - AMZN completed 22 walk-forward folds
2026-08-02 10:10:11,217 - options_risk_engine.forecasting.volatility - INFO - AMZN calculating model comparison metrics
2026-08-02 10:10:11,219 - options_risk_engine.forecasting.volatility - INFO - AMZN Train Mean           alpha=None RMSE=0.09926 NRMSE=1.16814 R2=-0.36456 IC=-0.25176
2026-08-02 10:10:11,221 - options_risk_engine.forecasting.volatility - INFO - AMZN RV20 Baseline        alpha=None RMSE=0.13576 NRMSE=1.59759 R2=-1.55229 IC=-0.07732
2026-08-02 10:10:11,223 - options_risk_engine.forecasting.volatility - INFO - AMZN OLS                  alpha=None RMSE=0.11565 NRMSE=1.36093 R2=-0.85212 IC=0.09202
2026-08-02 10:10:11,224 - options_risk_engine.forecasting.volatility - INFO - AMZN OLS PCA              alpha=None RMSE=0.09816 NRMSE=1.15513 R2=-0.33432 IC=0.08226
2026-08-02 10:10:11,226 - options_risk_engine.forecasting.volatility - INFO - AMZN Ridge                alpha=0.0001 RMSE=0.11564 NRMSE=1.36089 R2=-0.85202 IC=0.09200
2026-08-02 10:10:11,227 - options_risk_engine.forecasting.volatility - INFO - AMZN Ridge                alpha=0.001 RMSE=0.11562 NRMSE=1.36057 R2=-0.85115 IC=0.09182
2026-08-02 10:10:11,229 - options_risk_engine.forecasting.volatility - INFO - AMZN Ridge                alpha=0.01 RMSE=0.11536 NRMSE=1.35750 R2=-0.84281 IC=0.09007
2026-08-02 10:10:11,231 - options_risk_engine.forecasting.volatility - INFO - AMZN Ridge                alpha=0.1 RMSE=0.11345 NRMSE=1.33510 R2=-0.78250 IC=0.07910
2026-08-02 10:10:11,233 - options_risk_engine.forecasting.volatility - INFO - AMZN Ridge                alpha=1 RMSE=0.10721 NRMSE=1.26166 R2=-0.59177 IC=0.06181
2026-08-02 10:10:11,234 - options_risk_engine.forecasting.volatility - INFO - AMZN Ridge                alpha=10 RMSE=0.10173 NRMSE=1.19716 R2=-0.43320 IC=0.05639
2026-08-02 10:10:11,236 - options_risk_engine.forecasting.volatility - INFO - AMZN Ridge                alpha=100 RMSE=0.09569 NRMSE=1.12611 R2=-0.26812 IC=0.05235
2026-08-02 10:10:11,238 - options_risk_engine.forecasting.volatility - INFO - AMZN Ridge                alpha=1000 RMSE=0.09323 NRMSE=1.09712 R2=-0.20367 IC=-0.10137
2026-08-02 10:10:11,239 - options_risk_engine.forecasting.volatility - INFO - AMZN Ridge PCA            alpha=0.0001 RMSE=0.09816 NRMSE=1.15513 R2=-0.33432 IC=0.08226
2026-08-02 10:10:11,241 - options_risk_engine.forecasting.volatility - INFO - AMZN Ridge PCA            alpha=0.001 RMSE=0.09816 NRMSE=1.15513 R2=-0.33432 IC=0.08226
2026-08-02 10:10:11,243 - options_risk_engine.forecasting.volatility - INFO - AMZN Ridge PCA            alpha=0.01 RMSE=0.09816 NRMSE=1.15512 R2=-0.33431 IC=0.08226
2026-08-02 10:10:11,244 - options_risk_engine.forecasting.volatility - INFO - AMZN Ridge PCA            alpha=0.1 RMSE=0.09815 NRMSE=1.15507 R2=-0.33418 IC=0.08224
2026-08-02 10:10:11,246 - options_risk_engine.forecasting.volatility - INFO - AMZN Ridge PCA            alpha=1 RMSE=0.09811 NRMSE=1.15453 R2=-0.33294 IC=0.08207
2026-08-02 10:10:11,248 - options_risk_engine.forecasting.volatility - INFO - AMZN Ridge PCA            alpha=10 RMSE=0.09768 NRMSE=1.14946 R2=-0.32125 IC=0.08027
2026-08-02 10:10:11,249 - options_risk_engine.forecasting.volatility - INFO - AMZN Ridge PCA            alpha=100 RMSE=0.09501 NRMSE=1.11810 R2=-0.25014 IC=0.05842
2026-08-02 10:10:11,251 - options_risk_engine.forecasting.volatility - INFO - AMZN Ridge PCA            alpha=1000 RMSE=0.09321 NRMSE=1.09690 R2=-0.20319 IC=-0.10037
2026-08-02 10:10:11,253 - options_risk_engine.forecasting.volatility - INFO - AMZN Lasso                alpha=0.0001 RMSE=0.11287 NRMSE=1.32821 R2=-0.76413 IC=0.06921
2026-08-02 10:10:11,254 - options_risk_engine.forecasting.volatility - INFO - AMZN Lasso                alpha=0.001 RMSE=0.10223 NRMSE=1.20299 R2=-0.44717 IC=0.03921
2026-08-02 10:10:11,256 - options_risk_engine.forecasting.volatility - INFO - AMZN Lasso                alpha=0.01 RMSE=0.10038 NRMSE=1.18125 R2=-0.39535 IC=-0.10457
2026-08-02 10:10:11,257 - options_risk_engine.forecasting.volatility - INFO - AMZN Lasso                alpha=0.1 RMSE=0.09926 NRMSE=1.16814 R2=-0.36456 IC=-0.25176
2026-08-02 10:10:11,259 - options_risk_engine.forecasting.volatility - INFO - AMZN Lasso                alpha=1 RMSE=0.09926 NRMSE=1.16814 R2=-0.36456 IC=-0.25176
2026-08-02 10:10:11,261 - options_risk_engine.forecasting.volatility - INFO - AMZN Lasso PCA            alpha=0.0001 RMSE=0.09812 NRMSE=1.15463 R2=-0.33317 IC=0.08120
2026-08-02 10:10:11,262 - options_risk_engine.forecasting.volatility - INFO - AMZN Lasso PCA            alpha=0.001 RMSE=0.09774 NRMSE=1.15024 R2=-0.32306 IC=0.07164
2026-08-02 10:10:11,264 - options_risk_engine.forecasting.volatility - INFO - AMZN Lasso PCA            alpha=0.01 RMSE=0.09568 NRMSE=1.12597 R2=-0.26780 IC=-0.02421
2026-08-02 10:10:11,266 - options_risk_engine.forecasting.volatility - INFO - AMZN Lasso PCA            alpha=0.1 RMSE=0.09897 NRMSE=1.16473 R2=-0.35660 IC=-0.26160
2026-08-02 10:10:11,267 - options_risk_engine.forecasting.volatility - INFO - AMZN Lasso PCA            alpha=1 RMSE=0.09926 NRMSE=1.16814 R2=-0.36456 IC=-0.25176
2026-08-02 10:10:11,269 - options_risk_engine.forecasting.volatility - INFO - AMZN Random Forest        alpha=None RMSE=0.13022 NRMSE=1.53237 R2=-1.34816 IC=-0.21254
2026-08-02 10:10:11,270 - options_risk_engine.forecasting.volatility - INFO - AMZN Gradient Boosting    alpha=None RMSE=0.13195 NRMSE=1.55276 R2=-1.41107 IC=-0.20027
2026-08-02 10:10:11,272 - options_risk_engine.forecasting.volatility - INFO - AMZN HAR-RV               alpha=None RMSE=0.10573 NRMSE=1.24425 R2=-0.54816 IC=-0.11051
2026-08-02 10:10:11,274 - options_risk_engine.forecasting.volatility - INFO - AMZN GARCH                alpha=None RMSE=0.10847 NRMSE=1.27649 R2=-0.62942 IC=-0.22516
2026-08-02 10:10:11,275 - options_risk_engine.forecasting.volatility - INFO - AMZN evaluation complete - best model=Ridge PCA, alpha=1000.0, RMSE=0.09321, NRMSE=1.09690
2026-08-02 10:10:11,293 - options_risk_engine.forecasting.volatility - INFO - HCA starting model evaluation
2026-08-02 10:10:11,327 - options_risk_engine.forecasting.volatility - INFO - HCA has 971 usable rows and 21 features
2026-08-02 10:10:11,328 - options_risk_engine.forecasting.volatility - INFO - Creating model specifications
2026-08-02 10:10:11,328 - options_risk_engine.forecasting.volatility - INFO - Created 34 model configurations
2026-08-02 10:10:11,329 - options_risk_engine.forecasting.volatility - INFO - HCA walk-forward starts at row 284 with window=30, step=30, purge=32
2026-08-02 10:10:27,639 - options_risk_engine.forecasting.volatility - INFO - HCA completed 22 walk-forward folds
2026-08-02 10:10:27,640 - options_risk_engine.forecasting.volatility - INFO - HCA calculating model comparison metrics
2026-08-02 10:10:27,642 - options_risk_engine.forecasting.volatility - INFO - HCA Train Mean           alpha=None RMSE=0.06185 NRMSE=1.02731 R2=-0.05536 IC=-0.00940
2026-08-02 10:10:27,644 - options_risk_engine.forecasting.volatility - INFO - HCA RV20 Baseline        alpha=None RMSE=0.10173 NRMSE=1.68971 R2=-1.85512 IC=-0.14081
2026-08-02 10:10:27,646 - options_risk_engine.forecasting.volatility - INFO - HCA OLS                  alpha=None RMSE=0.21718 NRMSE=3.60718 R2=-12.01176 IC=-0.12365
2026-08-02 10:10:27,647 - options_risk_engine.forecasting.volatility - INFO - HCA OLS PCA              alpha=None RMSE=0.06819 NRMSE=1.13266 R2=-0.28292 IC=-0.01170
2026-08-02 10:10:27,649 - options_risk_engine.forecasting.volatility - INFO - HCA Ridge                alpha=0.0001 RMSE=0.21700 NRMSE=3.60415 R2=-11.98991 IC=-0.12361
2026-08-02 10:10:27,651 - options_risk_engine.forecasting.volatility - INFO - HCA Ridge                alpha=0.001 RMSE=0.21537 NRMSE=3.57715 R2=-11.79603 IC=-0.12328
2026-08-02 10:10:27,652 - options_risk_engine.forecasting.volatility - INFO - HCA Ridge                alpha=0.01 RMSE=0.20064 NRMSE=3.33248 R2=-10.10540 IC=-0.12001
2026-08-02 10:10:27,654 - options_risk_engine.forecasting.volatility - INFO - HCA Ridge                alpha=0.1 RMSE=0.12889 NRMSE=2.14083 R2=-3.58315 IC=-0.08870
2026-08-02 10:10:27,656 - options_risk_engine.forecasting.volatility - INFO - HCA Ridge                alpha=1 RMSE=0.07162 NRMSE=1.18952 R2=-0.41496 IC=0.04605
2026-08-02 10:10:27,657 - options_risk_engine.forecasting.volatility - INFO - HCA Ridge                alpha=10 RMSE=0.06615 NRMSE=1.09873 R2=-0.20721 IC=0.05241
2026-08-02 10:10:27,659 - options_risk_engine.forecasting.volatility - INFO - HCA Ridge                alpha=100 RMSE=0.06632 NRMSE=1.10160 R2=-0.21353 IC=0.00063
2026-08-02 10:10:27,661 - options_risk_engine.forecasting.volatility - INFO - HCA Ridge                alpha=1000 RMSE=0.06539 NRMSE=1.08608 R2=-0.17958 IC=-0.05587
2026-08-02 10:10:27,662 - options_risk_engine.forecasting.volatility - INFO - HCA Ridge PCA            alpha=0.0001 RMSE=0.06819 NRMSE=1.13266 R2=-0.28292 IC=-0.01170
2026-08-02 10:10:27,664 - options_risk_engine.forecasting.volatility - INFO - HCA Ridge PCA            alpha=0.001 RMSE=0.06819 NRMSE=1.13266 R2=-0.28292 IC=-0.01170
2026-08-02 10:10:27,666 - options_risk_engine.forecasting.volatility - INFO - HCA Ridge PCA            alpha=0.01 RMSE=0.06819 NRMSE=1.13266 R2=-0.28291 IC=-0.01170
2026-08-02 10:10:27,668 - options_risk_engine.forecasting.volatility - INFO - HCA Ridge PCA            alpha=0.1 RMSE=0.06819 NRMSE=1.13263 R2=-0.28284 IC=-0.01170
2026-08-02 10:10:27,669 - options_risk_engine.forecasting.volatility - INFO - HCA Ridge PCA            alpha=1 RMSE=0.06817 NRMSE=1.13233 R2=-0.28216 IC=-0.01170
2026-08-02 10:10:27,671 - options_risk_engine.forecasting.volatility - INFO - HCA Ridge PCA            alpha=10 RMSE=0.06801 NRMSE=1.12953 R2=-0.27584 IC=-0.01180
2026-08-02 10:10:27,672 - options_risk_engine.forecasting.volatility - INFO - HCA Ridge PCA            alpha=100 RMSE=0.06702 NRMSE=1.11310 R2=-0.23900 IC=-0.01562
2026-08-02 10:10:27,674 - options_risk_engine.forecasting.volatility - INFO - HCA Ridge PCA            alpha=1000 RMSE=0.06548 NRMSE=1.08756 R2=-0.18278 IC=-0.05877
2026-08-02 10:10:27,676 - options_risk_engine.forecasting.volatility - INFO - HCA Lasso                alpha=0.0001 RMSE=0.15974 NRMSE=2.65318 R2=-6.03939 IC=-0.10930
2026-08-02 10:10:27,677 - options_risk_engine.forecasting.volatility - INFO - HCA Lasso                alpha=0.001 RMSE=0.06882 NRMSE=1.14311 R2=-0.30669 IC=-0.03641
2026-08-02 10:10:27,679 - options_risk_engine.forecasting.volatility - INFO - HCA Lasso                alpha=0.01 RMSE=0.06821 NRMSE=1.13295 R2=-0.28358 IC=-0.13721
2026-08-02 10:10:27,682 - options_risk_engine.forecasting.volatility - INFO - HCA Lasso                alpha=0.1 RMSE=0.06185 NRMSE=1.02731 R2=-0.05536 IC=-0.00940
2026-08-02 10:10:27,716 - options_risk_engine.forecasting.volatility - INFO - HCA Lasso                alpha=1 RMSE=0.06185 NRMSE=1.02731 R2=-0.05536 IC=-0.00940
2026-08-02 10:10:27,724 - options_risk_engine.forecasting.volatility - INFO - HCA Lasso PCA            alpha=0.0001 RMSE=0.06815 NRMSE=1.13189 R2=-0.28118 IC=-0.01299
2026-08-02 10:10:27,728 - options_risk_engine.forecasting.volatility - INFO - HCA Lasso PCA            alpha=0.001 RMSE=0.06776 NRMSE=1.12540 R2=-0.26653 IC=-0.02438
2026-08-02 10:10:27,735 - options_risk_engine.forecasting.volatility - INFO - HCA Lasso PCA            alpha=0.01 RMSE=0.06825 NRMSE=1.13353 R2=-0.28489 IC=-0.14368
2026-08-02 10:10:27,737 - options_risk_engine.forecasting.volatility - INFO - HCA Lasso PCA            alpha=0.1 RMSE=0.06269 NRMSE=1.04120 R2=-0.08409 IC=-0.03019
2026-08-02 10:10:27,739 - options_risk_engine.forecasting.volatility - INFO - HCA Lasso PCA            alpha=1 RMSE=0.06185 NRMSE=1.02731 R2=-0.05536 IC=-0.00940
2026-08-02 10:10:27,741 - options_risk_engine.forecasting.volatility - INFO - HCA Random Forest        alpha=None RMSE=0.08088 NRMSE=1.34334 R2=-0.80456 IC=-0.04685
2026-08-02 10:10:27,743 - options_risk_engine.forecasting.volatility - INFO - HCA Gradient Boosting    alpha=None RMSE=0.08214 NRMSE=1.36432 R2=-0.86137 IC=-0.06180
2026-08-02 10:10:27,746 - options_risk_engine.forecasting.volatility - INFO - HCA HAR-RV               alpha=None RMSE=0.06672 NRMSE=1.10811 R2=-0.22790 IC=-0.04267
2026-08-02 10:10:27,750 - options_risk_engine.forecasting.volatility - INFO - HCA GARCH                alpha=None RMSE=0.06575 NRMSE=1.09207 R2=-0.19261 IC=-0.08205
2026-08-02 10:10:27,753 - options_risk_engine.forecasting.volatility - INFO - HCA evaluation complete - best model=Train Mean, alpha=nan, RMSE=0.06185, NRMSE=1.02731
2026-08-02 10:10:27,763 - options_risk_engine.database - INFO - Stored 238 rows in model_evaluations
2026-08-02 10:10:27,794 - options_risk_engine.database - INFO - Stored 238 rows in model_evaluations
2026-08-02 10:10:28,342 - options_risk_engine.pricing.chains - INFO - Downloading option chains for 7 ticker objects
2026-08-02 10:10:28,342 - options_risk_engine.pricing.chains - INFO - Downloading option chain for AAPL nearest to 2026-09-16
2026-08-02 10:10:28,659 - options_risk_engine.pricing.chains - INFO - AAPL chain loaded for 2026-09-18: 93 calls and 74 puts
2026-08-02 10:10:28,660 - options_risk_engine.pricing.chains - INFO - Downloading option chain for MSFT nearest to 2026-09-16
2026-08-02 10:10:28,842 - options_risk_engine.pricing.chains - INFO - MSFT chain loaded for 2026-09-18: 90 calls and 82 puts
2026-08-02 10:10:28,842 - options_risk_engine.pricing.chains - INFO - Downloading option chain for META nearest to 2026-09-16
2026-08-02 10:10:29,095 - options_risk_engine.pricing.chains - INFO - META chain loaded for 2026-09-18: 190 calls and 146 puts
2026-08-02 10:10:29,096 - options_risk_engine.pricing.chains - INFO - Downloading option chain for WMT nearest to 2026-09-16
2026-08-02 10:10:29,252 - options_risk_engine.pricing.chains - INFO - WMT chain loaded for 2026-09-18: 34 calls and 28 puts
2026-08-02 10:10:29,253 - options_risk_engine.pricing.chains - INFO - Downloading option chain for GOOGL nearest to 2026-09-16
2026-08-02 10:10:29,502 - options_risk_engine.pricing.chains - INFO - GOOGL chain loaded for 2026-09-18: 134 calls and 98 puts
2026-08-02 10:10:29,503 - options_risk_engine.pricing.chains - INFO - Downloading option chain for AMZN nearest to 2026-09-16
2026-08-02 10:10:29,654 - options_risk_engine.pricing.chains - INFO - AMZN chain loaded for 2026-09-18: 58 calls and 52 puts
2026-08-02 10:10:29,655 - options_risk_engine.pricing.chains - INFO - Downloading option chain for HCA nearest to 2026-09-16
2026-08-02 10:10:29,827 - options_risk_engine.pricing.chains - INFO - HCA chain loaded for 2026-09-18: 73 calls and 59 puts
2026-08-02 10:10:29,828 - options_risk_engine.pricing.chains - INFO - Option-chain download complete: 7 of 7 tickers loaded
2026-08-02 10:10:29,874 - options_risk_engine.database - INFO - Stored 1211 rows in option_chain_snapshots_full
2026-08-02 10:10:29,892 - options_risk_engine.pricing.chains - INFO - Starting option pricing for 7 ticker objects
2026-08-02 10:10:29,892 - options_risk_engine.pricing.chains - INFO - AAPL beginning option-chain pricing
2026-08-02 10:10:29,901 - options_risk_engine.pricing.chains - INFO - AAPL volatility inputs - RV20: 0.3674, RV60: 0.3201, RV252: 0.2591, forecast: 0.2623
2026-08-02 10:10:30,569 - options_risk_engine.pricing.chains - INFO - AAPL implied volatility calculations complete
2026-08-02 10:10:30,576 - options_risk_engine.pricing.chains - INFO - AAPL put-call parity check: 74 matched strikes, maximum absolute error 0.0000000000
2026-08-02 10:10:30,605 - options_risk_engine.pricing.chains - INFO - AAPL pricing complete — 93 total calls, 74 total puts, 0 highlighted calls and 7 highlighted puts
2026-08-02 10:10:30,606 - options_risk_engine.pricing.chains - INFO - MSFT beginning option-chain pricing
2026-08-02 10:10:30,608 - options_risk_engine.pricing.chains - INFO - MSFT volatility inputs - RV20: 0.6016, RV60: 0.4622, RV252: 0.3193, forecast: 0.2609
2026-08-02 10:10:31,315 - options_risk_engine.pricing.chains - INFO - MSFT implied volatility calculations complete
2026-08-02 10:10:31,320 - options_risk_engine.pricing.chains - INFO - MSFT put-call parity check: 82 matched strikes, maximum absolute error 0.0000000000
2026-08-02 10:10:31,350 - options_risk_engine.pricing.chains - INFO - MSFT pricing complete — 90 total calls, 82 total puts, 0 highlighted calls and 6 highlighted puts
2026-08-02 10:10:31,350 - options_risk_engine.pricing.chains - INFO - META beginning option-chain pricing
2026-08-02 10:10:31,352 - options_risk_engine.pricing.chains - INFO - META volatility inputs - RV20: 0.5162, RV60: 0.4580, RV252: 0.3978, forecast: 0.4131
2026-08-02 10:10:32,679 - options_risk_engine.pricing.chains - INFO - META implied volatility calculations complete
2026-08-02 10:10:32,683 - options_risk_engine.pricing.chains - INFO - META put-call parity check: 130 matched strikes, maximum absolute error 0.0000000000
2026-08-02 10:10:32,714 - options_risk_engine.pricing.chains - INFO - META pricing complete — 190 total calls, 146 total puts, 0 highlighted calls and 19 highlighted puts
2026-08-02 10:10:32,715 - options_risk_engine.pricing.chains - INFO - WMT beginning option-chain pricing
2026-08-02 10:10:32,716 - options_risk_engine.pricing.chains - INFO - WMT volatility inputs - RV20: 0.2209, RV60: 0.2760, RV252: 0.2477, forecast: 0.2065
2026-08-02 10:10:32,950 - options_risk_engine.pricing.chains - INFO - WMT implied volatility calculations complete
2026-08-02 10:10:32,955 - options_risk_engine.pricing.chains - INFO - WMT put-call parity check: 28 matched strikes, maximum absolute error 0.0000000000
2026-08-02 10:10:32,984 - options_risk_engine.pricing.chains - INFO - WMT pricing complete — 34 total calls, 28 total puts, 0 highlighted calls and 2 highlighted puts
2026-08-02 10:10:32,985 - options_risk_engine.pricing.chains - INFO - GOOGL beginning option-chain pricing
2026-08-02 10:10:32,986 - options_risk_engine.pricing.chains - INFO - GOOGL volatility inputs - RV20: 0.4610, RV60: 0.3682, RV252: 0.3212, forecast: 0.3099
2026-08-02 10:10:33,887 - options_risk_engine.pricing.chains - INFO - GOOGL implied volatility calculations complete
2026-08-02 10:10:33,892 - options_risk_engine.pricing.chains - INFO - GOOGL put-call parity check: 96 matched strikes, maximum absolute error 0.0000000000
2026-08-02 10:10:33,921 - options_risk_engine.pricing.chains - INFO - GOOGL pricing complete — 134 total calls, 98 total puts, 0 highlighted calls and 12 highlighted puts
2026-08-02 10:10:33,922 - options_risk_engine.pricing.chains - INFO - AMZN beginning option-chain pricing
2026-08-02 10:10:33,923 - options_risk_engine.pricing.chains - INFO - AMZN volatility inputs - RV20: 0.6195, RV60: 0.4402, RV252: 0.3520, forecast: 0.3413
2026-08-02 10:10:34,581 - options_risk_engine.pricing.chains - INFO - AMZN implied volatility calculations complete
2026-08-02 10:10:34,585 - options_risk_engine.pricing.chains - INFO - AMZN put-call parity check: 52 matched strikes, maximum absolute error 0.0000000000
2026-08-02 10:10:34,615 - options_risk_engine.pricing.chains - INFO - AMZN pricing complete — 58 total calls, 52 total puts, 7 highlighted calls and 2 highlighted puts
2026-08-02 10:10:34,616 - options_risk_engine.pricing.chains - INFO - HCA beginning option-chain pricing
2026-08-02 10:10:34,618 - options_risk_engine.pricing.chains - INFO - HCA volatility inputs - RV20: 0.5051, RV60: 0.3752, RV252: 0.3018, forecast: 0.2788
2026-08-02 10:10:35,054 - options_risk_engine.pricing.chains - INFO - HCA implied volatility calculations complete
2026-08-02 10:10:35,105 - options_risk_engine.pricing.chains - INFO - HCA put-call parity check: 56 matched strikes, maximum absolute error 0.0000000000
2026-08-02 10:10:35,156 - options_risk_engine.pricing.chains - INFO - HCA pricing complete — 73 total calls, 59 total puts, 0 highlighted calls and 0 highlighted puts
2026-08-02 10:10:35,157 - options_risk_engine.pricing.chains - INFO - Option pricing finished — 14 full tables, 14 highlighted tables, 7 parity tables and 0 failed tickers
2026-08-02 10:10:35,174 - options_risk_engine.reporting.tables - INFO - Combined 14 option tables into 1211 rows
2026-08-02 10:10:35,175 - options_risk_engine.validation - INFO - Option-universe validation: {'rows': 1211, 'tickers': 7, 'duplicate_contract_symbols': 0, 'invalid_quotes': 417}
2026-08-02 10:10:35,832 - options_risk_engine.database - INFO - Stored 1211 rows in option_pricing_results
2026-08-02 10:10:35,938 - options_risk_engine.pricing.monte_carlo - INFO - Running 10000 Monte Carlo simulations for AAPL
2026-08-02 10:10:35,939 - options_risk_engine.pricing.monte_carlo - INFO - AAPL starting Monte Carlo simulation
2026-08-02 10:10:35,940 - options_risk_engine.pricing.monte_carlo - INFO - AAPL Monte Carlo inputs - S0: 308.91, sigma: 0.2623, T: 0.1288, steps: 34, simulations: 10000
2026-08-02 10:10:35,964 - options_risk_engine.pricing.monte_carlo - INFO - AAPL Monte Carlo simulation complete
2026-08-02 10:10:36,015 - options_risk_engine.pricing.monte_carlo - INFO - AAPL Monte Carlo profit analysis complete
2026-08-02 10:10:36,015 - options_risk_engine.pricing.monte_carlo - INFO - Running 10000 Monte Carlo simulations for MSFT
2026-08-02 10:10:36,016 - options_risk_engine.pricing.monte_carlo - INFO - MSFT starting Monte Carlo simulation
2026-08-02 10:10:36,016 - options_risk_engine.pricing.monte_carlo - INFO - MSFT Monte Carlo inputs - S0: 464.72, sigma: 0.2609, T: 0.1288, steps: 34, simulations: 10000
2026-08-02 10:10:36,032 - options_risk_engine.pricing.monte_carlo - INFO - MSFT Monte Carlo simulation complete
2026-08-02 10:10:36,082 - options_risk_engine.pricing.monte_carlo - INFO - MSFT Monte Carlo profit analysis complete
2026-08-02 10:10:36,083 - options_risk_engine.pricing.monte_carlo - INFO - Running 10000 Monte Carlo simulations for META
2026-08-02 10:10:36,084 - options_risk_engine.pricing.monte_carlo - INFO - META starting Monte Carlo simulation
2026-08-02 10:10:36,084 - options_risk_engine.pricing.monte_carlo - INFO - META Monte Carlo inputs - S0: 556.71, sigma: 0.4131, T: 0.1288, steps: 34, simulations: 10000
2026-08-02 10:10:36,112 - options_risk_engine.pricing.monte_carlo - INFO - META Monte Carlo simulation complete
2026-08-02 10:10:36,197 - options_risk_engine.pricing.monte_carlo - INFO - META Monte Carlo profit analysis complete
2026-08-02 10:10:36,197 - options_risk_engine.pricing.monte_carlo - INFO - Running 10000 Monte Carlo simulations for WMT
2026-08-02 10:10:36,198 - options_risk_engine.pricing.monte_carlo - INFO - WMT starting Monte Carlo simulation
2026-08-02 10:10:36,199 - options_risk_engine.pricing.monte_carlo - INFO - WMT Monte Carlo inputs - S0: 111.20, sigma: 0.2065, T: 0.1288, steps: 34, simulations: 10000
2026-08-02 10:10:36,211 - options_risk_engine.pricing.monte_carlo - INFO - WMT Monte Carlo simulation complete
2026-08-02 10:10:36,238 - options_risk_engine.pricing.monte_carlo - INFO - WMT Monte Carlo profit analysis complete
2026-08-02 10:10:36,238 - options_risk_engine.pricing.monte_carlo - INFO - Running 10000 Monte Carlo simulations for GOOGL
2026-08-02 10:10:36,239 - options_risk_engine.pricing.monte_carlo - INFO - GOOGL starting Monte Carlo simulation
2026-08-02 10:10:36,240 - options_risk_engine.pricing.monte_carlo - INFO - GOOGL Monte Carlo inputs - S0: 356.13, sigma: 0.3099, T: 0.1288, steps: 34, simulations: 10000
2026-08-02 10:10:36,257 - options_risk_engine.pricing.monte_carlo - INFO - GOOGL Monte Carlo simulation complete
2026-08-02 10:10:36,318 - options_risk_engine.pricing.monte_carlo - INFO - GOOGL Monte Carlo profit analysis complete
2026-08-02 10:10:36,319 - options_risk_engine.pricing.monte_carlo - INFO - Running 10000 Monte Carlo simulations for AMZN
2026-08-02 10:10:36,319 - options_risk_engine.pricing.monte_carlo - INFO - AMZN starting Monte Carlo simulation
2026-08-02 10:10:36,320 - options_risk_engine.pricing.monte_carlo - INFO - AMZN Monte Carlo inputs - S0: 271.58, sigma: 0.3413, T: 0.1288, steps: 34, simulations: 10000
2026-08-02 10:10:36,354 - options_risk_engine.pricing.monte_carlo - INFO - AMZN Monte Carlo simulation complete
2026-08-02 10:10:36,395 - options_risk_engine.pricing.monte_carlo - INFO - AMZN Monte Carlo profit analysis complete
2026-08-02 10:10:36,396 - options_risk_engine.pricing.monte_carlo - INFO - Running 10000 Monte Carlo simulations for HCA
2026-08-02 10:10:36,397 - options_risk_engine.pricing.monte_carlo - INFO - HCA starting Monte Carlo simulation
2026-08-02 10:10:36,397 - options_risk_engine.pricing.monte_carlo - INFO - HCA Monte Carlo inputs - S0: 402.59, sigma: 0.2788, T: 0.1288, steps: 34, simulations: 10000
2026-08-02 10:10:36,412 - options_risk_engine.pricing.monte_carlo - INFO - HCA Monte Carlo simulation complete
2026-08-02 10:10:36,454 - options_risk_engine.pricing.monte_carlo - INFO - HCA Monte Carlo profit analysis complete
2026-08-02 10:10:36,466 - options_risk_engine.reporting.tables - INFO - Combined 14 option tables into 1211 rows
2026-08-02 10:10:36,492 - options_risk_engine.reporting.tables - INFO - Created findings table with 52 groups
2026-08-02 10:10:36,544 - options_risk_engine.risk.portfolio - INFO - Preparing option universe for the portfolio risk engine: 1211 rows
2026-08-02 10:10:36,548 - options_risk_engine.risk.portfolio - INFO - Risk-engine input cleaned: 959 usable option rows; 252 rows removed
2026-08-02 10:10:36,552 - options_risk_engine.risk.portfolio - INFO - Created reproducible test option positions: 471 long and 488 short
2026-08-02 10:10:36,573 - options_risk_engine.risk.portfolio - INFO - Added 7 share positions; combined portfolio now contains 966 rows
2026-08-02 10:10:36,576 - options_risk_engine.risk.portfolio - INFO - Portfolio positions prepared: gross market value 17747056.90; current P&L -64853.89
2026-08-02 10:10:36,578 - options_risk_engine.risk.portfolio - INFO - Building current portfolio risk summary from 966 positions
2026-08-02 10:10:36,585 - options_risk_engine.risk.portfolio - INFO - Ticker-level risk calculated for 7 tickers
2026-08-02 10:10:36,587 - options_risk_engine.risk.portfolio - INFO - Portfolio risk summary complete: net value -695290.30; gross value 17747056.90; delta 1592.81
2026-08-02 10:10:37,421 - options_risk_engine.database - INFO - Stored 966 rows in portfolio_positions
2026-08-02 10:10:37,426 - options_risk_engine.database - INFO - Stored 8 rows in portfolio_risk
2026-08-02 10:10:37,438 - options_risk_engine.risk.scenarios - INFO - Generating 1000 random scenarios with up to 30 days forward; seed=42
2026-08-02 10:10:37,445 - options_risk_engine.risk.scenarios - INFO - Scenario generation complete: 1001 total rows including BASE
2026-08-02 10:10:37,469 - options_risk_engine.risk.scenarios - INFO - Starting scenario engine: 966 positions across 1001 scenarios
2026-08-02 10:10:37,473 - options_risk_engine.risk.scenarios - INFO - Scenario positions classified: 565 calls, 394 puts and 7 shares
2026-08-02 10:10:37,480 - options_risk_engine.risk.scenarios - INFO - Base model prices calculated for 966 positions
2026-08-02 10:10:37,481 - options_risk_engine.risk.scenarios - INFO - Revaluing scenario 1/1001: BASE
2026-08-02 10:10:37,857 - options_risk_engine.risk.scenarios - INFO - Revaluing scenario 100/1001: R0099
2026-08-02 10:10:38,227 - options_risk_engine.risk.scenarios - INFO - Revaluing scenario 200/1001: R0199
2026-08-02 10:10:38,579 - options_risk_engine.risk.scenarios - INFO - Revaluing scenario 300/1001: R0299
2026-08-02 10:10:38,926 - options_risk_engine.risk.scenarios - INFO - Revaluing scenario 400/1001: R0399
2026-08-02 10:10:39,277 - options_risk_engine.risk.scenarios - INFO - Revaluing scenario 500/1001: R0499
2026-08-02 10:10:39,740 - options_risk_engine.risk.scenarios - INFO - Revaluing scenario 600/1001: R0599
2026-08-02 10:10:40,088 - options_risk_engine.risk.scenarios - INFO - Revaluing scenario 700/1001: R0699
2026-08-02 10:10:40,435 - options_risk_engine.risk.scenarios - INFO - Revaluing scenario 800/1001: R0799
2026-08-02 10:10:40,786 - options_risk_engine.risk.scenarios - INFO - Revaluing scenario 900/1001: R0899
2026-08-02 10:10:41,142 - options_risk_engine.risk.scenarios - INFO - Revaluing scenario 1000/1001: R0999
2026-08-02 10:10:41,148 - options_risk_engine.risk.scenarios - INFO - Revaluing scenario 1001/1001: R1000
2026-08-02 10:10:41,313 - options_risk_engine.risk.scenarios - INFO - Position-level scenario results created: 966966 rows
2026-08-02 10:10:41,839 - options_risk_engine.risk.scenarios - INFO - Analysing scenario outputs: 966966 position rows, 7007 ticker rows and 1001 portfolio rows
2026-08-02 10:10:41,953 - options_risk_engine.risk.scenarios - INFO - Base scenario validation passed: portfolio P&L 0.00000000
2026-08-02 10:10:41,958 - options_risk_engine.risk.scenarios - INFO - All scenario positions were repriced successfully
2026-08-02 10:10:41,962 - options_risk_engine.risk.scenarios - INFO - Scenario distribution analysed: worst P&L -258974.50; 5th percentile -62652.47; probability of loss 56.20%
2026-08-02 10:10:42,016 - options_risk_engine.risk.scenarios - WARNING - 11 portfolio scenarios breached the 100000.00 loss limit
2026-08-02 10:10:42,017 - options_risk_engine.risk.scenarios - WARNING - 1473 ticker-scenario rows breached the 25000.00 loss limit
2026-08-02 10:10:42,017 - options_risk_engine.risk.scenarios - INFO - Scenario analysis complete; worst scenario is R0950
2026-08-02 10:10:42,445 - options_risk_engine.risk.attribution - INFO - Starting Greek P&L attribution
2026-08-02 10:10:42,914 - options_risk_engine.risk.attribution - INFO - Greek attribution accounting check passed
2026-08-02 10:10:42,915 - options_risk_engine.risk.attribution - INFO - Greek attribution completed for 966966 position-scenario rows and 1001 scenarios
2026-08-02 10:10:42,916 - options_risk_engine.risk.attribution - INFO - Starting Greek attribution analysis
2026-08-02 10:10:43,106 - options_risk_engine.risk.attribution - INFO - Scenario shocks attached to 1001 attribution rows
2026-08-02 10:10:43,108 - options_risk_engine.risk.attribution - INFO - Greek attribution accounting check passed
2026-08-02 10:10:43,263 - options_risk_engine.risk.attribution - INFO - BASE Greek attribution validation passed
2026-08-02 10:10:44,091 - options_risk_engine.risk.attribution - INFO - Greek attribution analysis completed for 1000 scenarios
2026-08-02 10:10:45,316 - options_risk_engine.validation - INFO - All risk-engine validation checks passed
2026-08-02 10:10:45,361 - options_risk_engine.database - INFO - Stored 1001 rows in scenario_definitions
2026-08-02 10:10:49,551 - options_risk_engine.database - INFO - Stored 966966 rows in scenario_position_results
2026-08-02 10:11:03,055 - options_risk_engine.database - INFO - Stored 7007 rows in scenario_ticker_results
2026-08-02 10:11:03,079 - options_risk_engine.database - INFO - Stored 1001 rows in scenario_portfolio_results
2026-08-02 10:11:07,970 - options_risk_engine.database - INFO - Stored 966966 rows in attribution_position_results
2026-08-02 10:11:28,631 - options_risk_engine.database - INFO - Stored 1001 rows in scenario_attribution
2026-08-02 10:11:28,696 - options_risk_engine.recommendations.contracts - INFO - Preparing standardised contract analysis from 1211 option rows
2026-08-02 10:11:28,716 - options_risk_engine.recommendations.contracts - INFO - Prepared 794 standardised long-one-contract positions
2026-08-02 10:14:30,472 - options_risk_engine.recommendations.contracts - INFO - Preparing standardised contract analysis from 1211 option rows
2026-08-02 10:14:34,271 - options_risk_engine.recommendations.contracts - INFO - Prepared 794 standardised long-one-contract positions
2026-08-02 10:14:36,949 - options_risk_engine.recommendations.contracts - INFO - All standardised contract validation checks passed
2026-08-02 10:15:39,626 - options_risk_engine.risk.scenarios - INFO - Starting scenario engine: 794 positions across 1001 scenarios
2026-08-02 10:15:39,978 - options_risk_engine.risk.scenarios - INFO - Scenario positions classified: 564 calls, 230 puts and 0 shares
2026-08-02 10:15:45,047 - options_risk_engine.risk.scenarios - INFO - Base model prices calculated for 794 positions
2026-08-02 10:15:45,661 - options_risk_engine.risk.scenarios - INFO - Revaluing scenario 1/1001: BASE
2026-08-02 10:15:48,944 - options_risk_engine.risk.scenarios - INFO - Revaluing scenario 100/1001: R0099
2026-08-02 10:15:50,574 - options_risk_engine.risk.scenarios - INFO - Revaluing scenario 200/1001: R0199
2026-08-02 10:15:52,395 - options_risk_engine.risk.scenarios - INFO - Revaluing scenario 300/1001: R0299
2026-08-02 10:15:55,052 - options_risk_engine.risk.scenarios - INFO - Revaluing scenario 400/1001: R0399
2026-08-02 10:15:56,785 - options_risk_engine.risk.scenarios - INFO - Revaluing scenario 500/1001: R0499
2026-08-02 10:15:58,465 - options_risk_engine.risk.scenarios - INFO - Revaluing scenario 600/1001: R0599
2026-08-02 10:16:01,502 - options_risk_engine.risk.scenarios - INFO - Revaluing scenario 700/1001: R0699
2026-08-02 10:16:03,004 - options_risk_engine.risk.scenarios - INFO - Revaluing scenario 800/1001: R0799
2026-08-02 10:16:04,117 - options_risk_engine.risk.scenarios - INFO - Revaluing scenario 900/1001: R0899
2026-08-02 10:16:05,817 - options_risk_engine.risk.scenarios - INFO - Revaluing scenario 1000/1001: R0999
2026-08-02 10:16:05,836 - options_risk_engine.risk.scenarios - INFO - Revaluing scenario 1001/1001: R1000
2026-08-02 10:16:06,287 - options_risk_engine.risk.scenarios - INFO - Position-level scenario results created: 794794 rows
2026-08-02 10:17:32,356 - options_risk_engine.recommendations.contracts - INFO - Attached purchase-at-ask P&L to 794794 scenario rows
2026-08-02 10:48:25,885 - options_risk_engine.database - INFO - SQLite database initialised at /Users/sam/Progressive-Projects/Projects/Option Pricer N Risk Engine/data/options_risk_engine.db
2026-08-02 10:48:26,252 - options_risk_engine.data.market_data - INFO - Downloading historical data for 7 symbols
2026-08-02 10:48:37,073 - options_risk_engine.data.market_data - INFO - Historical data downloaded: 1255 rows
2026-08-02 10:48:53,756 - options_risk_engine.database - INFO - Stored 8785 rows in equity_prices
2026-08-02 10:48:54,002 - options_risk_engine.data.market_data - INFO - Feature dataset created: 1255 rows, 21 engineered features per ticker
2026-08-02 10:48:54,770 - options_risk_engine.database - INFO - Stored 1255 rows in volatility_features
2026-08-02 10:48:56,906 - options_risk_engine.forecasting.volatility - INFO - Creating model specifications
2026-08-02 10:48:56,907 - options_risk_engine.forecasting.volatility - INFO - Created 34 model configurations
2026-08-02 10:48:56,929 - options_risk_engine.forecasting.volatility - INFO - AAPL starting model evaluation
2026-08-02 10:48:56,931 - options_risk_engine.forecasting.volatility - INFO - AAPL has 971 usable rows and 21 features
2026-08-02 10:48:56,931 - options_risk_engine.forecasting.volatility - INFO - Creating model specifications
2026-08-02 10:48:56,932 - options_risk_engine.forecasting.volatility - INFO - Created 34 model configurations
2026-08-02 10:48:56,933 - options_risk_engine.forecasting.volatility - INFO - AAPL walk-forward starts at row 284 with window=30, step=30, purge=32
2026-08-02 10:49:13,920 - options_risk_engine.forecasting.volatility - INFO - AAPL completed 22 walk-forward folds
2026-08-02 10:49:13,922 - options_risk_engine.forecasting.volatility - INFO - AAPL calculating model comparison metrics
2026-08-02 10:49:13,924 - options_risk_engine.forecasting.volatility - INFO - AAPL Train Mean           alpha=None RMSE=0.10960 NRMSE=1.04761 R2=-0.09748 IC=-0.48458
2026-08-02 10:49:13,926 - options_risk_engine.forecasting.volatility - INFO - AAPL RV20 Baseline        alpha=None RMSE=0.13733 NRMSE=1.31268 R2=-0.72312 IC=0.22482
2026-08-02 10:49:13,928 - options_risk_engine.forecasting.volatility - INFO - AAPL OLS                  alpha=None RMSE=0.14282 NRMSE=1.36521 R2=-0.86379 IC=-0.02723
2026-08-02 10:49:13,929 - options_risk_engine.forecasting.volatility - INFO - AAPL OLS PCA              alpha=None RMSE=0.12644 NRMSE=1.20862 R2=-0.46076 IC=0.00080
2026-08-02 10:49:13,931 - options_risk_engine.forecasting.volatility - INFO - AAPL Ridge                alpha=0.0001 RMSE=0.14282 NRMSE=1.36520 R2=-0.86376 IC=-0.02723
2026-08-02 10:49:13,933 - options_risk_engine.forecasting.volatility - INFO - AAPL Ridge                alpha=0.001 RMSE=0.14281 NRMSE=1.36512 R2=-0.86355 IC=-0.02721
2026-08-02 10:49:13,935 - options_risk_engine.forecasting.volatility - INFO - AAPL Ridge                alpha=0.01 RMSE=0.14273 NRMSE=1.36436 R2=-0.86147 IC=-0.02704
2026-08-02 10:49:13,937 - options_risk_engine.forecasting.volatility - INFO - AAPL Ridge                alpha=0.1 RMSE=0.14201 NRMSE=1.35748 R2=-0.84274 IC=-0.02493
2026-08-02 10:49:13,939 - options_risk_engine.forecasting.volatility - INFO - AAPL Ridge                alpha=1 RMSE=0.13805 NRMSE=1.31959 R2=-0.74132 IC=-0.00726
2026-08-02 10:49:13,941 - options_risk_engine.forecasting.volatility - INFO - AAPL Ridge                alpha=10 RMSE=0.12879 NRMSE=1.23109 R2=-0.51558 IC=0.03284
2026-08-02 10:49:13,942 - options_risk_engine.forecasting.volatility - INFO - AAPL Ridge                alpha=100 RMSE=0.11727 NRMSE=1.12098 R2=-0.25659 IC=0.08764
2026-08-02 10:49:13,944 - options_risk_engine.forecasting.volatility - INFO - AAPL Ridge                alpha=1000 RMSE=0.10993 NRMSE=1.05079 R2=-0.10416 IC=0.14536
2026-08-02 10:49:13,946 - options_risk_engine.forecasting.volatility - INFO - AAPL Ridge PCA            alpha=0.0001 RMSE=0.12644 NRMSE=1.20862 R2=-0.46076 IC=0.00080
2026-08-02 10:49:13,948 - options_risk_engine.forecasting.volatility - INFO - AAPL Ridge PCA            alpha=0.001 RMSE=0.12644 NRMSE=1.20862 R2=-0.46075 IC=0.00080
2026-08-02 10:49:13,949 - options_risk_engine.forecasting.volatility - INFO - AAPL Ridge PCA            alpha=0.01 RMSE=0.12644 NRMSE=1.20860 R2=-0.46072 IC=0.00081
2026-08-02 10:49:13,951 - options_risk_engine.forecasting.volatility - INFO - AAPL Ridge PCA            alpha=0.1 RMSE=0.12643 NRMSE=1.20847 R2=-0.46039 IC=0.00091
2026-08-02 10:49:13,953 - options_risk_engine.forecasting.volatility - INFO - AAPL Ridge PCA            alpha=1 RMSE=0.12628 NRMSE=1.20711 R2=-0.45711 IC=0.00188
2026-08-02 10:49:13,954 - options_risk_engine.forecasting.volatility - INFO - AAPL Ridge PCA            alpha=10 RMSE=0.12498 NRMSE=1.19461 R2=-0.42710 IC=0.01113
2026-08-02 10:49:13,956 - options_risk_engine.forecasting.volatility - INFO - AAPL Ridge PCA            alpha=100 RMSE=0.11804 NRMSE=1.12834 R2=-0.27315 IC=0.07141
2026-08-02 10:49:13,958 - options_risk_engine.forecasting.volatility - INFO - AAPL Ridge PCA            alpha=1000 RMSE=0.11031 NRMSE=1.05443 R2=-0.11183 IC=0.14089
2026-08-02 10:49:13,960 - options_risk_engine.forecasting.volatility - INFO - AAPL Lasso                alpha=0.0001 RMSE=0.14003 NRMSE=1.33849 R2=-0.79156 IC=-0.01808
2026-08-02 10:49:13,962 - options_risk_engine.forecasting.volatility - INFO - AAPL Lasso                alpha=0.001 RMSE=0.12662 NRMSE=1.21037 R2=-0.46499 IC=0.01207
2026-08-02 10:49:13,963 - options_risk_engine.forecasting.volatility - INFO - AAPL Lasso                alpha=0.01 RMSE=0.11395 NRMSE=1.08925 R2=-0.18646 IC=0.04100
2026-08-02 10:49:13,965 - options_risk_engine.forecasting.volatility - INFO - AAPL Lasso                alpha=0.1 RMSE=0.10960 NRMSE=1.04761 R2=-0.09748 IC=-0.48458
2026-08-02 10:49:13,966 - options_risk_engine.forecasting.volatility - INFO - AAPL Lasso                alpha=1 RMSE=0.10960 NRMSE=1.04761 R2=-0.09748 IC=-0.48458
2026-08-02 10:49:13,968 - options_risk_engine.forecasting.volatility - INFO - AAPL Lasso PCA            alpha=0.0001 RMSE=0.12637 NRMSE=1.20793 R2=-0.45911 IC=0.00095
2026-08-02 10:49:13,969 - options_risk_engine.forecasting.volatility - INFO - AAPL Lasso PCA            alpha=0.001 RMSE=0.12570 NRMSE=1.20156 R2=-0.44375 IC=0.00222
2026-08-02 10:49:13,971 - options_risk_engine.forecasting.volatility - INFO - AAPL Lasso PCA            alpha=0.01 RMSE=0.11686 NRMSE=1.11705 R2=-0.24780 IC=0.06681
2026-08-02 10:49:13,972 - options_risk_engine.forecasting.volatility - INFO - AAPL Lasso PCA            alpha=0.1 RMSE=0.10562 NRMSE=1.00955 R2=-0.01919 IC=0.05694
2026-08-02 10:49:13,974 - options_risk_engine.forecasting.volatility - INFO - AAPL Lasso PCA            alpha=1 RMSE=0.10960 NRMSE=1.04761 R2=-0.09748 IC=-0.48458
2026-08-02 10:49:13,975 - options_risk_engine.forecasting.volatility - INFO - AAPL Random Forest        alpha=None RMSE=0.13705 NRMSE=1.30998 R2=-0.71604 IC=-0.04797
2026-08-02 10:49:13,977 - options_risk_engine.forecasting.volatility - INFO - AAPL Gradient Boosting    alpha=None RMSE=0.12874 NRMSE=1.23060 R2=-0.51437 IC=-0.03083
2026-08-02 10:49:13,978 - options_risk_engine.forecasting.volatility - INFO - AAPL HAR-RV               alpha=None RMSE=0.12635 NRMSE=1.20779 R2=-0.45875 IC=-0.01064
2026-08-02 10:49:13,980 - options_risk_engine.forecasting.volatility - INFO - AAPL GARCH                alpha=None RMSE=0.11599 NRMSE=1.10875 R2=-0.22933 IC=0.14354
2026-08-02 10:49:13,982 - options_risk_engine.forecasting.volatility - INFO - AAPL evaluation complete - best model=Lasso PCA, alpha=0.1, RMSE=0.10562, NRMSE=1.00955
2026-08-02 10:49:13,987 - options_risk_engine.forecasting.volatility - INFO - MSFT starting model evaluation
2026-08-02 10:49:13,988 - options_risk_engine.forecasting.volatility - INFO - MSFT has 971 usable rows and 21 features
2026-08-02 10:49:13,989 - options_risk_engine.forecasting.volatility - INFO - Creating model specifications
2026-08-02 10:49:13,989 - options_risk_engine.forecasting.volatility - INFO - Created 34 model configurations
2026-08-02 10:49:13,990 - options_risk_engine.forecasting.volatility - INFO - MSFT walk-forward starts at row 284 with window=30, step=30, purge=32
2026-08-02 10:49:34,873 - options_risk_engine.forecasting.volatility - INFO - MSFT completed 22 walk-forward folds
2026-08-02 10:49:34,876 - options_risk_engine.forecasting.volatility - INFO - MSFT calculating model comparison metrics
2026-08-02 10:49:34,878 - options_risk_engine.forecasting.volatility - INFO - MSFT Train Mean           alpha=None RMSE=0.08842 NRMSE=1.18225 R2=-0.39772 IC=-0.35506
2026-08-02 10:49:34,881 - options_risk_engine.forecasting.volatility - INFO - MSFT RV20 Baseline        alpha=None RMSE=0.10463 NRMSE=1.39906 R2=-0.95737 IC=0.12329
2026-08-02 10:49:34,882 - options_risk_engine.forecasting.volatility - INFO - MSFT OLS                  alpha=None RMSE=0.09843 NRMSE=1.31606 R2=-0.73202 IC=-0.01404
2026-08-02 10:49:34,884 - options_risk_engine.forecasting.volatility - INFO - MSFT OLS PCA              alpha=None RMSE=0.09562 NRMSE=1.27859 R2=-0.63480 IC=-0.07146
2026-08-02 10:49:34,886 - options_risk_engine.forecasting.volatility - INFO - MSFT Ridge                alpha=0.0001 RMSE=0.09843 NRMSE=1.31606 R2=-0.73202 IC=-0.01406
2026-08-02 10:49:34,888 - options_risk_engine.forecasting.volatility - INFO - MSFT Ridge                alpha=0.001 RMSE=0.09843 NRMSE=1.31606 R2=-0.73201 IC=-0.01430
2026-08-02 10:49:34,890 - options_risk_engine.forecasting.volatility - INFO - MSFT Ridge                alpha=0.01 RMSE=0.09842 NRMSE=1.31602 R2=-0.73190 IC=-0.01655
2026-08-02 10:49:34,892 - options_risk_engine.forecasting.volatility - INFO - MSFT Ridge                alpha=0.1 RMSE=0.09836 NRMSE=1.31518 R2=-0.72970 IC=-0.03094
2026-08-02 10:49:34,894 - options_risk_engine.forecasting.volatility - INFO - MSFT Ridge                alpha=1 RMSE=0.09780 NRMSE=1.30774 R2=-0.71020 IC=-0.05072
2026-08-02 10:49:34,897 - options_risk_engine.forecasting.volatility - INFO - MSFT Ridge                alpha=10 RMSE=0.09637 NRMSE=1.28861 R2=-0.66052 IC=-0.05241
2026-08-02 10:49:34,899 - options_risk_engine.forecasting.volatility - INFO - MSFT Ridge                alpha=100 RMSE=0.09140 NRMSE=1.22216 R2=-0.49368 IC=-0.03740
2026-08-02 10:49:34,901 - options_risk_engine.forecasting.volatility - INFO - MSFT Ridge                alpha=1000 RMSE=0.08417 NRMSE=1.12539 R2=-0.26651 IC=-0.03361
2026-08-02 10:49:34,903 - options_risk_engine.forecasting.volatility - INFO - MSFT Ridge PCA            alpha=0.0001 RMSE=0.09562 NRMSE=1.27859 R2=-0.63480 IC=-0.07146
2026-08-02 10:49:34,905 - options_risk_engine.forecasting.volatility - INFO - MSFT Ridge PCA            alpha=0.001 RMSE=0.09562 NRMSE=1.27859 R2=-0.63480 IC=-0.07146
2026-08-02 10:49:34,908 - options_risk_engine.forecasting.volatility - INFO - MSFT Ridge PCA            alpha=0.01 RMSE=0.09562 NRMSE=1.27858 R2=-0.63477 IC=-0.07145
2026-08-02 10:49:34,909 - options_risk_engine.forecasting.volatility - INFO - MSFT Ridge PCA            alpha=0.1 RMSE=0.09562 NRMSE=1.27849 R2=-0.63455 IC=-0.07142
2026-08-02 10:49:34,911 - options_risk_engine.forecasting.volatility - INFO - MSFT Ridge PCA            alpha=1 RMSE=0.09555 NRMSE=1.27761 R2=-0.63228 IC=-0.07109
2026-08-02 10:49:34,913 - options_risk_engine.forecasting.volatility - INFO - MSFT Ridge PCA            alpha=10 RMSE=0.09492 NRMSE=1.26923 R2=-0.61095 IC=-0.06792
2026-08-02 10:49:34,915 - options_risk_engine.forecasting.volatility - INFO - MSFT Ridge PCA            alpha=100 RMSE=0.09097 NRMSE=1.21631 R2=-0.47942 IC=-0.04783
2026-08-02 10:49:34,919 - options_risk_engine.forecasting.volatility - INFO - MSFT Ridge PCA            alpha=1000 RMSE=0.08422 NRMSE=1.12610 R2=-0.26809 IC=-0.03965
2026-08-02 10:49:34,921 - options_risk_engine.forecasting.volatility - INFO - MSFT Lasso                alpha=0.0001 RMSE=0.09819 NRMSE=1.31288 R2=-0.72366 IC=-0.03737
2026-08-02 10:49:34,923 - options_risk_engine.forecasting.volatility - INFO - MSFT Lasso                alpha=0.001 RMSE=0.09536 NRMSE=1.27507 R2=-0.62581 IC=-0.08360
2026-08-02 10:49:34,926 - options_risk_engine.forecasting.volatility - INFO - MSFT Lasso                alpha=0.01 RMSE=0.08695 NRMSE=1.16263 R2=-0.35170 IC=-0.11584
2026-08-02 10:49:34,928 - options_risk_engine.forecasting.volatility - INFO - MSFT Lasso                alpha=0.1 RMSE=0.08842 NRMSE=1.18225 R2=-0.39772 IC=-0.35506
2026-08-02 10:49:34,929 - options_risk_engine.forecasting.volatility - INFO - MSFT Lasso                alpha=1 RMSE=0.08842 NRMSE=1.18225 R2=-0.39772 IC=-0.35506
2026-08-02 10:49:34,931 - options_risk_engine.forecasting.volatility - INFO - MSFT Lasso PCA            alpha=0.0001 RMSE=0.09551 NRMSE=1.27701 R2=-0.63075 IC=-0.07138
2026-08-02 10:49:34,934 - options_risk_engine.forecasting.volatility - INFO - MSFT Lasso PCA            alpha=0.001 RMSE=0.09455 NRMSE=1.26416 R2=-0.59810 IC=-0.07083
2026-08-02 10:49:34,936 - options_risk_engine.forecasting.volatility - INFO - MSFT Lasso PCA            alpha=0.01 RMSE=0.08802 NRMSE=1.17691 R2=-0.38512 IC=-0.07801
2026-08-02 10:49:34,938 - options_risk_engine.forecasting.volatility - INFO - MSFT Lasso PCA            alpha=0.1 RMSE=0.08625 NRMSE=1.15323 R2=-0.32995 IC=-0.29033
2026-08-02 10:49:34,940 - options_risk_engine.forecasting.volatility - INFO - MSFT Lasso PCA            alpha=1 RMSE=0.08842 NRMSE=1.18225 R2=-0.39772 IC=-0.35506
2026-08-02 10:49:34,941 - options_risk_engine.forecasting.volatility - INFO - MSFT Random Forest        alpha=None RMSE=0.10475 NRMSE=1.40064 R2=-0.96179 IC=-0.07054
2026-08-02 10:49:34,943 - options_risk_engine.forecasting.volatility - INFO - MSFT Gradient Boosting    alpha=None RMSE=0.10123 NRMSE=1.35360 R2=-0.83223 IC=-0.06495
2026-08-02 10:49:34,945 - options_risk_engine.forecasting.volatility - INFO - MSFT HAR-RV               alpha=None RMSE=0.09716 NRMSE=1.29912 R2=-0.68770 IC=-0.13337
2026-08-02 10:49:34,947 - options_risk_engine.forecasting.volatility - INFO - MSFT GARCH                alpha=None RMSE=0.08325 NRMSE=1.11312 R2=-0.23904 IC=0.04316
2026-08-02 10:49:34,956 - options_risk_engine.forecasting.volatility - INFO - MSFT evaluation complete - best model=GARCH, alpha=nan, RMSE=0.08325, NRMSE=1.11312
2026-08-02 10:49:35,011 - options_risk_engine.forecasting.volatility - INFO - META starting model evaluation
2026-08-02 10:49:35,013 - options_risk_engine.forecasting.volatility - INFO - META has 971 usable rows and 21 features
2026-08-02 10:49:35,013 - options_risk_engine.forecasting.volatility - INFO - Creating model specifications
2026-08-02 10:49:35,014 - options_risk_engine.forecasting.volatility - INFO - Created 34 model configurations
2026-08-02 10:49:35,014 - options_risk_engine.forecasting.volatility - INFO - META walk-forward starts at row 284 with window=30, step=30, purge=32
2026-08-02 10:49:51,994 - options_risk_engine.forecasting.volatility - INFO - META completed 22 walk-forward folds
2026-08-02 10:49:51,995 - options_risk_engine.forecasting.volatility - INFO - META calculating model comparison metrics
2026-08-02 10:49:51,997 - options_risk_engine.forecasting.volatility - INFO - META Train Mean           alpha=None RMSE=0.14507 NRMSE=1.19096 R2=-0.41839 IC=-0.12844
2026-08-02 10:49:51,999 - options_risk_engine.forecasting.volatility - INFO - META RV20 Baseline        alpha=None RMSE=0.20570 NRMSE=1.68873 R2=-1.85181 IC=-0.17340
2026-08-02 10:49:52,001 - options_risk_engine.forecasting.volatility - INFO - META OLS                  alpha=None RMSE=0.20237 NRMSE=1.66145 R2=-1.76043 IC=-0.12234
2026-08-02 10:49:52,003 - options_risk_engine.forecasting.volatility - INFO - META OLS PCA              alpha=None RMSE=0.15624 NRMSE=1.28268 R2=-0.64527 IC=0.02020
2026-08-02 10:49:52,005 - options_risk_engine.forecasting.volatility - INFO - META Ridge                alpha=0.0001 RMSE=0.20235 NRMSE=1.66125 R2=-1.75974 IC=-0.12232
2026-08-02 10:49:52,007 - options_risk_engine.forecasting.volatility - INFO - META Ridge                alpha=0.001 RMSE=0.20212 NRMSE=1.65938 R2=-1.75353 IC=-0.12215
2026-08-02 10:49:52,009 - options_risk_engine.forecasting.volatility - INFO - META Ridge                alpha=0.01 RMSE=0.19996 NRMSE=1.64166 R2=-1.69503 IC=-0.12046
2026-08-02 10:49:52,011 - options_risk_engine.forecasting.volatility - INFO - META Ridge                alpha=0.1 RMSE=0.18614 NRMSE=1.52815 R2=-1.33525 IC=-0.10330
2026-08-02 10:49:52,013 - options_risk_engine.forecasting.volatility - INFO - META Ridge                alpha=1 RMSE=0.16780 NRMSE=1.37761 R2=-0.89780 IC=-0.03999
2026-08-02 10:49:52,015 - options_risk_engine.forecasting.volatility - INFO - META Ridge                alpha=10 RMSE=0.16220 NRMSE=1.33163 R2=-0.77325 IC=0.00200
2026-08-02 10:49:52,017 - options_risk_engine.forecasting.volatility - INFO - META Ridge                alpha=100 RMSE=0.14859 NRMSE=1.21988 R2=-0.48810 IC=-0.00626
2026-08-02 10:49:52,019 - options_risk_engine.forecasting.volatility - INFO - META Ridge                alpha=1000 RMSE=0.13927 NRMSE=1.14336 R2=-0.30727 IC=-0.13577
2026-08-02 10:49:52,022 - options_risk_engine.forecasting.volatility - INFO - META Ridge PCA            alpha=0.0001 RMSE=0.15624 NRMSE=1.28268 R2=-0.64527 IC=0.02020
2026-08-02 10:49:52,024 - options_risk_engine.forecasting.volatility - INFO - META Ridge PCA            alpha=0.001 RMSE=0.15624 NRMSE=1.28268 R2=-0.64527 IC=0.02020
2026-08-02 10:49:52,026 - options_risk_engine.forecasting.volatility - INFO - META Ridge PCA            alpha=0.01 RMSE=0.15624 NRMSE=1.28267 R2=-0.64524 IC=0.02020
2026-08-02 10:49:52,028 - options_risk_engine.forecasting.volatility - INFO - META Ridge PCA            alpha=0.1 RMSE=0.15622 NRMSE=1.28257 R2=-0.64498 IC=0.02017
2026-08-02 10:49:52,029 - options_risk_engine.forecasting.volatility - INFO - META Ridge PCA            alpha=1 RMSE=0.15610 NRMSE=1.28154 R2=-0.64235 IC=0.01986
2026-08-02 10:49:52,031 - options_risk_engine.forecasting.volatility - INFO - META Ridge PCA            alpha=10 RMSE=0.15492 NRMSE=1.27188 R2=-0.61769 IC=0.01678
2026-08-02 10:49:52,033 - options_risk_engine.forecasting.volatility - INFO - META Ridge PCA            alpha=100 RMSE=0.14773 NRMSE=1.21281 R2=-0.47090 IC=-0.01070
2026-08-02 10:49:52,035 - options_risk_engine.forecasting.volatility - INFO - META Ridge PCA            alpha=1000 RMSE=0.13981 NRMSE=1.14781 R2=-0.31746 IC=-0.13662
2026-08-02 10:49:52,038 - options_risk_engine.forecasting.volatility - INFO - META Lasso                alpha=0.0001 RMSE=0.18685 NRMSE=1.53401 R2=-1.35319 IC=-0.12707
2026-08-02 10:49:52,040 - options_risk_engine.forecasting.volatility - INFO - META Lasso                alpha=0.001 RMSE=0.16370 NRMSE=1.34396 R2=-0.80624 IC=0.00980
2026-08-02 10:49:52,042 - options_risk_engine.forecasting.volatility - INFO - META Lasso                alpha=0.01 RMSE=0.15531 NRMSE=1.27504 R2=-0.62573 IC=0.01041
2026-08-02 10:49:52,044 - options_risk_engine.forecasting.volatility - INFO - META Lasso                alpha=0.1 RMSE=0.14562 NRMSE=1.19552 R2=-0.42928 IC=-0.13743
2026-08-02 10:49:52,046 - options_risk_engine.forecasting.volatility - INFO - META Lasso                alpha=1 RMSE=0.14507 NRMSE=1.19096 R2=-0.41839 IC=-0.12844
2026-08-02 10:49:52,047 - options_risk_engine.forecasting.volatility - INFO - META Lasso PCA            alpha=0.0001 RMSE=0.15614 NRMSE=1.28192 R2=-0.64331 IC=0.01987
2026-08-02 10:49:52,049 - options_risk_engine.forecasting.volatility - INFO - META Lasso PCA            alpha=0.001 RMSE=0.15532 NRMSE=1.27517 R2=-0.62606 IC=0.01679
2026-08-02 10:49:52,051 - options_risk_engine.forecasting.volatility - INFO - META Lasso PCA            alpha=0.01 RMSE=0.14884 NRMSE=1.22192 R2=-0.49308 IC=-0.02273
2026-08-02 10:49:52,053 - options_risk_engine.forecasting.volatility - INFO - META Lasso PCA            alpha=0.1 RMSE=0.14774 NRMSE=1.21292 R2=-0.47117 IC=-0.26552
2026-08-02 10:49:52,055 - options_risk_engine.forecasting.volatility - INFO - META Lasso PCA            alpha=1 RMSE=0.14507 NRMSE=1.19096 R2=-0.41839 IC=-0.12844
2026-08-02 10:49:52,057 - options_risk_engine.forecasting.volatility - INFO - META Random Forest        alpha=None RMSE=0.16911 NRMSE=1.38837 R2=-0.92756 IC=-0.09759
2026-08-02 10:49:52,059 - options_risk_engine.forecasting.volatility - INFO - META Gradient Boosting    alpha=None RMSE=0.15009 NRMSE=1.23225 R2=-0.51844 IC=0.02232
2026-08-02 10:49:52,060 - options_risk_engine.forecasting.volatility - INFO - META HAR-RV               alpha=None RMSE=0.16757 NRMSE=1.37573 R2=-0.89263 IC=0.01569
2026-08-02 10:49:52,062 - options_risk_engine.forecasting.volatility - INFO - META GARCH                alpha=None RMSE=0.21776 NRMSE=1.78777 R2=-2.19613 IC=-0.01975
2026-08-02 10:49:52,063 - options_risk_engine.forecasting.volatility - INFO - META evaluation complete - best model=Ridge, alpha=1000.0, RMSE=0.13927, NRMSE=1.14336
2026-08-02 10:49:52,067 - options_risk_engine.forecasting.volatility - INFO - WMT starting model evaluation
2026-08-02 10:49:52,069 - options_risk_engine.forecasting.volatility - INFO - WMT has 971 usable rows and 21 features
2026-08-02 10:49:52,070 - options_risk_engine.forecasting.volatility - INFO - Creating model specifications
2026-08-02 10:49:52,071 - options_risk_engine.forecasting.volatility - INFO - Created 34 model configurations
2026-08-02 10:49:52,072 - options_risk_engine.forecasting.volatility - INFO - WMT walk-forward starts at row 284 with window=30, step=30, purge=32
2026-08-02 10:50:08,523 - options_risk_engine.forecasting.volatility - INFO - WMT completed 22 walk-forward folds
2026-08-02 10:50:08,525 - options_risk_engine.forecasting.volatility - INFO - WMT calculating model comparison metrics
2026-08-02 10:50:08,527 - options_risk_engine.forecasting.volatility - INFO - WMT Train Mean           alpha=None RMSE=0.07943 NRMSE=1.12322 R2=-0.26161 IC=0.23053
2026-08-02 10:50:08,529 - options_risk_engine.forecasting.volatility - INFO - WMT RV20 Baseline        alpha=None RMSE=0.09972 NRMSE=1.41001 R2=-0.98812 IC=0.16391
2026-08-02 10:50:08,531 - options_risk_engine.forecasting.volatility - INFO - WMT OLS                  alpha=None RMSE=0.10481 NRMSE=1.48210 R2=-1.19663 IC=-0.01525
2026-08-02 10:50:08,532 - options_risk_engine.forecasting.volatility - INFO - WMT OLS PCA              alpha=None RMSE=0.08305 NRMSE=1.17429 R2=-0.37896 IC=0.03277
2026-08-02 10:50:08,534 - options_risk_engine.forecasting.volatility - INFO - WMT Ridge                alpha=0.0001 RMSE=0.10481 NRMSE=1.48200 R2=-1.19632 IC=-0.01526
2026-08-02 10:50:08,536 - options_risk_engine.forecasting.volatility - INFO - WMT Ridge                alpha=0.001 RMSE=0.10474 NRMSE=1.48108 R2=-1.19361 IC=-0.01531
2026-08-02 10:50:08,538 - options_risk_engine.forecasting.volatility - INFO - WMT Ridge                alpha=0.01 RMSE=0.10413 NRMSE=1.47245 R2=-1.16812 IC=-0.01579
2026-08-02 10:50:08,540 - options_risk_engine.forecasting.volatility - INFO - WMT Ridge                alpha=0.1 RMSE=0.10027 NRMSE=1.41782 R2=-1.01023 IC=-0.01895
2026-08-02 10:50:08,542 - options_risk_engine.forecasting.volatility - INFO - WMT Ridge                alpha=1 RMSE=0.09354 NRMSE=1.32271 R2=-0.74955 IC=-0.01860
2026-08-02 10:50:08,544 - options_risk_engine.forecasting.volatility - INFO - WMT Ridge                alpha=10 RMSE=0.08761 NRMSE=1.23883 R2=-0.53469 IC=0.02083
2026-08-02 10:50:08,546 - options_risk_engine.forecasting.volatility - INFO - WMT Ridge                alpha=100 RMSE=0.08149 NRMSE=1.15225 R2=-0.32767 IC=0.07524
2026-08-02 10:50:08,549 - options_risk_engine.forecasting.volatility - INFO - WMT Ridge                alpha=1000 RMSE=0.07914 NRMSE=1.11904 R2=-0.25224 IC=0.11965
2026-08-02 10:50:08,550 - options_risk_engine.forecasting.volatility - INFO - WMT Ridge PCA            alpha=0.0001 RMSE=0.08305 NRMSE=1.17429 R2=-0.37896 IC=0.03277
2026-08-02 10:50:08,552 - options_risk_engine.forecasting.volatility - INFO - WMT Ridge PCA            alpha=0.001 RMSE=0.08305 NRMSE=1.17429 R2=-0.37896 IC=0.03277
2026-08-02 10:50:08,555 - options_risk_engine.forecasting.volatility - INFO - WMT Ridge PCA            alpha=0.01 RMSE=0.08305 NRMSE=1.17429 R2=-0.37895 IC=0.03277
2026-08-02 10:50:08,557 - options_risk_engine.forecasting.volatility - INFO - WMT Ridge PCA            alpha=0.1 RMSE=0.08304 NRMSE=1.17425 R2=-0.37886 IC=0.03281
2026-08-02 10:50:08,559 - options_risk_engine.forecasting.volatility - INFO - WMT Ridge PCA            alpha=1 RMSE=0.08302 NRMSE=1.17389 R2=-0.37801 IC=0.03316
2026-08-02 10:50:08,562 - options_risk_engine.forecasting.volatility - INFO - WMT Ridge PCA            alpha=10 RMSE=0.08278 NRMSE=1.17049 R2=-0.37005 IC=0.03654
2026-08-02 10:50:08,564 - options_risk_engine.forecasting.volatility - INFO - WMT Ridge PCA            alpha=100 RMSE=0.08141 NRMSE=1.15112 R2=-0.32509 IC=0.06005
2026-08-02 10:50:08,566 - options_risk_engine.forecasting.volatility - INFO - WMT Ridge PCA            alpha=1000 RMSE=0.07945 NRMSE=1.12342 R2=-0.26207 IC=0.11297
2026-08-02 10:50:08,567 - options_risk_engine.forecasting.volatility - INFO - WMT Lasso                alpha=0.0001 RMSE=0.09299 NRMSE=1.31489 R2=-0.72893 IC=-0.00161
2026-08-02 10:50:08,570 - options_risk_engine.forecasting.volatility - INFO - WMT Lasso                alpha=0.001 RMSE=0.08682 NRMSE=1.22763 R2=-0.50707 IC=0.01923
2026-08-02 10:50:08,573 - options_risk_engine.forecasting.volatility - INFO - WMT Lasso                alpha=0.01 RMSE=0.08319 NRMSE=1.17635 R2=-0.38381 IC=-0.06811
2026-08-02 10:50:08,575 - options_risk_engine.forecasting.volatility - INFO - WMT Lasso                alpha=0.1 RMSE=0.07943 NRMSE=1.12322 R2=-0.26161 IC=0.23053
2026-08-02 10:50:08,577 - options_risk_engine.forecasting.volatility - INFO - WMT Lasso                alpha=1 RMSE=0.07943 NRMSE=1.12322 R2=-0.26161 IC=0.23053
2026-08-02 10:50:08,578 - options_risk_engine.forecasting.volatility - INFO - WMT Lasso PCA            alpha=0.0001 RMSE=0.08296 NRMSE=1.17314 R2=-0.37626 IC=0.03384
2026-08-02 10:50:08,580 - options_risk_engine.forecasting.volatility - INFO - WMT Lasso PCA            alpha=0.001 RMSE=0.08229 NRMSE=1.16363 R2=-0.35404 IC=0.04331
2026-08-02 10:50:08,582 - options_risk_engine.forecasting.volatility - INFO - WMT Lasso PCA            alpha=0.01 RMSE=0.08131 NRMSE=1.14975 R2=-0.32193 IC=0.08996
2026-08-02 10:50:08,584 - options_risk_engine.forecasting.volatility - INFO - WMT Lasso PCA            alpha=0.1 RMSE=0.07997 NRMSE=1.13082 R2=-0.27875 IC=0.18300
2026-08-02 10:50:08,585 - options_risk_engine.forecasting.volatility - INFO - WMT Lasso PCA            alpha=1 RMSE=0.07943 NRMSE=1.12322 R2=-0.26161 IC=0.23053
2026-08-02 10:50:08,588 - options_risk_engine.forecasting.volatility - INFO - WMT Random Forest        alpha=None RMSE=0.08516 NRMSE=1.20420 R2=-0.45009 IC=-0.06248
2026-08-02 10:50:08,591 - options_risk_engine.forecasting.volatility - INFO - WMT Gradient Boosting    alpha=None RMSE=0.08797 NRMSE=1.24396 R2=-0.54744 IC=-0.07707
2026-08-02 10:50:08,592 - options_risk_engine.forecasting.volatility - INFO - WMT HAR-RV               alpha=None RMSE=0.08569 NRMSE=1.21167 R2=-0.46814 IC=-0.19010
2026-08-02 10:50:08,594 - options_risk_engine.forecasting.volatility - INFO - WMT GARCH                alpha=None RMSE=0.08412 NRMSE=1.18944 R2=-0.41476 IC=0.12353
2026-08-02 10:50:08,596 - options_risk_engine.forecasting.volatility - INFO - WMT evaluation complete - best model=Ridge, alpha=1000.0, RMSE=0.07914, NRMSE=1.11904
2026-08-02 10:50:08,599 - options_risk_engine.forecasting.volatility - INFO - GOOGL starting model evaluation
2026-08-02 10:50:08,601 - options_risk_engine.forecasting.volatility - INFO - GOOGL has 971 usable rows and 21 features
2026-08-02 10:50:08,601 - options_risk_engine.forecasting.volatility - INFO - Creating model specifications
2026-08-02 10:50:08,602 - options_risk_engine.forecasting.volatility - INFO - Created 34 model configurations
2026-08-02 10:50:08,603 - options_risk_engine.forecasting.volatility - INFO - GOOGL walk-forward starts at row 284 with window=30, step=30, purge=32
2026-08-02 10:50:25,380 - options_risk_engine.forecasting.volatility - INFO - GOOGL completed 22 walk-forward folds
2026-08-02 10:50:25,380 - options_risk_engine.forecasting.volatility - INFO - GOOGL calculating model comparison metrics
2026-08-02 10:50:25,382 - options_risk_engine.forecasting.volatility - INFO - GOOGL Train Mean           alpha=None RMSE=0.07436 NRMSE=1.07006 R2=-0.14504 IC=-0.20185
2026-08-02 10:50:25,384 - options_risk_engine.forecasting.volatility - INFO - GOOGL RV20 Baseline        alpha=None RMSE=0.11222 NRMSE=1.61476 R2=-1.60746 IC=-0.03534
2026-08-02 10:50:25,386 - options_risk_engine.forecasting.volatility - INFO - GOOGL OLS                  alpha=None RMSE=0.09815 NRMSE=1.41226 R2=-0.99447 IC=0.12447
2026-08-02 10:50:25,388 - options_risk_engine.forecasting.volatility - INFO - GOOGL OLS PCA              alpha=None RMSE=0.08116 NRMSE=1.16786 R2=-0.36389 IC=-0.01547
2026-08-02 10:50:25,390 - options_risk_engine.forecasting.volatility - INFO - GOOGL Ridge                alpha=0.0001 RMSE=0.09813 NRMSE=1.41207 R2=-0.99395 IC=0.12444
2026-08-02 10:50:25,391 - options_risk_engine.forecasting.volatility - INFO - GOOGL Ridge                alpha=0.001 RMSE=0.09802 NRMSE=1.41043 R2=-0.98930 IC=0.12419
2026-08-02 10:50:25,394 - options_risk_engine.forecasting.volatility - INFO - GOOGL Ridge                alpha=0.01 RMSE=0.09697 NRMSE=1.39539 R2=-0.94712 IC=0.12174
2026-08-02 10:50:25,398 - options_risk_engine.forecasting.volatility - INFO - GOOGL Ridge                alpha=0.1 RMSE=0.09173 NRMSE=1.31991 R2=-0.74216 IC=0.10369
2026-08-02 10:50:25,432 - options_risk_engine.forecasting.volatility - INFO - GOOGL Ridge                alpha=1 RMSE=0.08597 NRMSE=1.23709 R2=-0.53038 IC=0.07439
2026-08-02 10:50:25,455 - options_risk_engine.forecasting.volatility - INFO - GOOGL Ridge                alpha=10 RMSE=0.08158 NRMSE=1.17389 R2=-0.37801 IC=0.07840
2026-08-02 10:50:25,476 - options_risk_engine.forecasting.volatility - INFO - GOOGL Ridge                alpha=100 RMSE=0.07810 NRMSE=1.12383 R2=-0.26299 IC=0.02448
2026-08-02 10:50:25,478 - options_risk_engine.forecasting.volatility - INFO - GOOGL Ridge                alpha=1000 RMSE=0.07485 NRMSE=1.07697 R2=-0.15987 IC=-0.12187
2026-08-02 10:50:25,480 - options_risk_engine.forecasting.volatility - INFO - GOOGL Ridge PCA            alpha=0.0001 RMSE=0.08116 NRMSE=1.16786 R2=-0.36389 IC=-0.01547
2026-08-02 10:50:25,482 - options_risk_engine.forecasting.volatility - INFO - GOOGL Ridge PCA            alpha=0.001 RMSE=0.08116 NRMSE=1.16786 R2=-0.36389 IC=-0.01547
2026-08-02 10:50:25,483 - options_risk_engine.forecasting.volatility - INFO - GOOGL Ridge PCA            alpha=0.01 RMSE=0.08116 NRMSE=1.16785 R2=-0.36388 IC=-0.01548
2026-08-02 10:50:25,487 - options_risk_engine.forecasting.volatility - INFO - GOOGL Ridge PCA            alpha=0.1 RMSE=0.08116 NRMSE=1.16782 R2=-0.36381 IC=-0.01551
2026-08-02 10:50:25,493 - options_risk_engine.forecasting.volatility - INFO - GOOGL Ridge PCA            alpha=1 RMSE=0.08114 NRMSE=1.16750 R2=-0.36305 IC=-0.01589
2026-08-02 10:50:25,502 - options_risk_engine.forecasting.volatility - INFO - GOOGL Ridge PCA            alpha=10 RMSE=0.08092 NRMSE=1.16436 R2=-0.35574 IC=-0.01951
2026-08-02 10:50:25,504 - options_risk_engine.forecasting.volatility - INFO - GOOGL Ridge PCA            alpha=100 RMSE=0.07930 NRMSE=1.14106 R2=-0.30202 IC=-0.04676
2026-08-02 10:50:25,506 - options_risk_engine.forecasting.volatility - INFO - GOOGL Ridge PCA            alpha=1000 RMSE=0.07532 NRMSE=1.08376 R2=-0.17455 IC=-0.14719
2026-08-02 10:50:25,508 - options_risk_engine.forecasting.volatility - INFO - GOOGL Lasso                alpha=0.0001 RMSE=0.09202 NRMSE=1.32407 R2=-0.75317 IC=0.12169
2026-08-02 10:50:25,510 - options_risk_engine.forecasting.volatility - INFO - GOOGL Lasso                alpha=0.001 RMSE=0.08162 NRMSE=1.17443 R2=-0.37929 IC=0.07169
2026-08-02 10:50:25,517 - options_risk_engine.forecasting.volatility - INFO - GOOGL Lasso                alpha=0.01 RMSE=0.07513 NRMSE=1.08103 R2=-0.16863 IC=-0.12171
2026-08-02 10:50:25,525 - options_risk_engine.forecasting.volatility - INFO - GOOGL Lasso                alpha=0.1 RMSE=0.07436 NRMSE=1.07006 R2=-0.14504 IC=-0.20185
2026-08-02 10:50:25,539 - options_risk_engine.forecasting.volatility - INFO - GOOGL Lasso                alpha=1 RMSE=0.07436 NRMSE=1.07006 R2=-0.14504 IC=-0.20185
2026-08-02 10:50:25,542 - options_risk_engine.forecasting.volatility - INFO - GOOGL Lasso PCA            alpha=0.0001 RMSE=0.08110 NRMSE=1.16696 R2=-0.36179 IC=-0.01576
2026-08-02 10:50:25,545 - options_risk_engine.forecasting.volatility - INFO - GOOGL Lasso PCA            alpha=0.001 RMSE=0.08058 NRMSE=1.15949 R2=-0.34442 IC=-0.01884
2026-08-02 10:50:25,546 - options_risk_engine.forecasting.volatility - INFO - GOOGL Lasso PCA            alpha=0.01 RMSE=0.07663 NRMSE=1.10263 R2=-0.21579 IC=-0.06975
2026-08-02 10:50:25,549 - options_risk_engine.forecasting.volatility - INFO - GOOGL Lasso PCA            alpha=0.1 RMSE=0.07436 NRMSE=1.07006 R2=-0.14504 IC=-0.20185
2026-08-02 10:50:25,550 - options_risk_engine.forecasting.volatility - INFO - GOOGL Lasso PCA            alpha=1 RMSE=0.07436 NRMSE=1.07006 R2=-0.14504 IC=-0.20185
2026-08-02 10:50:25,552 - options_risk_engine.forecasting.volatility - INFO - GOOGL Random Forest        alpha=None RMSE=0.09500 NRMSE=1.36699 R2=-0.86865 IC=-0.18340
2026-08-02 10:50:25,554 - options_risk_engine.forecasting.volatility - INFO - GOOGL Gradient Boosting    alpha=None RMSE=0.09193 NRMSE=1.32276 R2=-0.74969 IC=-0.11949
2026-08-02 10:50:25,556 - options_risk_engine.forecasting.volatility - INFO - GOOGL HAR-RV               alpha=None RMSE=0.08313 NRMSE=1.19621 R2=-0.43092 IC=-0.17770
2026-08-02 10:50:25,558 - options_risk_engine.forecasting.volatility - INFO - GOOGL GARCH                alpha=None RMSE=0.07616 NRMSE=1.09596 R2=-0.20113 IC=-0.29409
2026-08-02 10:50:25,560 - options_risk_engine.forecasting.volatility - INFO - GOOGL evaluation complete - best model=Train Mean, alpha=nan, RMSE=0.07436, NRMSE=1.07006
2026-08-02 10:50:25,564 - options_risk_engine.forecasting.volatility - INFO - AMZN starting model evaluation
2026-08-02 10:50:25,565 - options_risk_engine.forecasting.volatility - INFO - AMZN has 971 usable rows and 21 features
2026-08-02 10:50:25,566 - options_risk_engine.forecasting.volatility - INFO - Creating model specifications
2026-08-02 10:50:25,566 - options_risk_engine.forecasting.volatility - INFO - Created 34 model configurations
2026-08-02 10:50:25,567 - options_risk_engine.forecasting.volatility - INFO - AMZN walk-forward starts at row 284 with window=30, step=30, purge=32
2026-08-02 10:50:41,949 - options_risk_engine.forecasting.volatility - INFO - AMZN completed 22 walk-forward folds
2026-08-02 10:50:41,950 - options_risk_engine.forecasting.volatility - INFO - AMZN calculating model comparison metrics
2026-08-02 10:50:41,952 - options_risk_engine.forecasting.volatility - INFO - AMZN Train Mean           alpha=None RMSE=0.09926 NRMSE=1.16814 R2=-0.36456 IC=-0.25176
2026-08-02 10:50:41,954 - options_risk_engine.forecasting.volatility - INFO - AMZN RV20 Baseline        alpha=None RMSE=0.13576 NRMSE=1.59759 R2=-1.55229 IC=-0.07732
2026-08-02 10:50:41,956 - options_risk_engine.forecasting.volatility - INFO - AMZN OLS                  alpha=None RMSE=0.11565 NRMSE=1.36093 R2=-0.85212 IC=0.09202
2026-08-02 10:50:41,958 - options_risk_engine.forecasting.volatility - INFO - AMZN OLS PCA              alpha=None RMSE=0.09816 NRMSE=1.15513 R2=-0.33432 IC=0.08226
2026-08-02 10:50:41,959 - options_risk_engine.forecasting.volatility - INFO - AMZN Ridge                alpha=0.0001 RMSE=0.11564 NRMSE=1.36089 R2=-0.85202 IC=0.09200
2026-08-02 10:50:41,961 - options_risk_engine.forecasting.volatility - INFO - AMZN Ridge                alpha=0.001 RMSE=0.11562 NRMSE=1.36057 R2=-0.85115 IC=0.09182
2026-08-02 10:50:41,964 - options_risk_engine.forecasting.volatility - INFO - AMZN Ridge                alpha=0.01 RMSE=0.11536 NRMSE=1.35750 R2=-0.84281 IC=0.09007
2026-08-02 10:50:41,966 - options_risk_engine.forecasting.volatility - INFO - AMZN Ridge                alpha=0.1 RMSE=0.11345 NRMSE=1.33510 R2=-0.78250 IC=0.07910
2026-08-02 10:50:41,968 - options_risk_engine.forecasting.volatility - INFO - AMZN Ridge                alpha=1 RMSE=0.10721 NRMSE=1.26166 R2=-0.59177 IC=0.06181
2026-08-02 10:50:41,971 - options_risk_engine.forecasting.volatility - INFO - AMZN Ridge                alpha=10 RMSE=0.10173 NRMSE=1.19716 R2=-0.43320 IC=0.05639
2026-08-02 10:50:41,974 - options_risk_engine.forecasting.volatility - INFO - AMZN Ridge                alpha=100 RMSE=0.09569 NRMSE=1.12611 R2=-0.26812 IC=0.05235
2026-08-02 10:50:41,976 - options_risk_engine.forecasting.volatility - INFO - AMZN Ridge                alpha=1000 RMSE=0.09323 NRMSE=1.09712 R2=-0.20367 IC=-0.10137
2026-08-02 10:50:41,978 - options_risk_engine.forecasting.volatility - INFO - AMZN Ridge PCA            alpha=0.0001 RMSE=0.09816 NRMSE=1.15513 R2=-0.33432 IC=0.08226
2026-08-02 10:50:41,980 - options_risk_engine.forecasting.volatility - INFO - AMZN Ridge PCA            alpha=0.001 RMSE=0.09816 NRMSE=1.15513 R2=-0.33432 IC=0.08226
2026-08-02 10:50:41,982 - options_risk_engine.forecasting.volatility - INFO - AMZN Ridge PCA            alpha=0.01 RMSE=0.09816 NRMSE=1.15512 R2=-0.33431 IC=0.08226
2026-08-02 10:50:41,984 - options_risk_engine.forecasting.volatility - INFO - AMZN Ridge PCA            alpha=0.1 RMSE=0.09815 NRMSE=1.15507 R2=-0.33418 IC=0.08224
2026-08-02 10:50:41,986 - options_risk_engine.forecasting.volatility - INFO - AMZN Ridge PCA            alpha=1 RMSE=0.09811 NRMSE=1.15453 R2=-0.33294 IC=0.08207
2026-08-02 10:50:41,988 - options_risk_engine.forecasting.volatility - INFO - AMZN Ridge PCA            alpha=10 RMSE=0.09768 NRMSE=1.14946 R2=-0.32125 IC=0.08027
2026-08-02 10:50:41,991 - options_risk_engine.forecasting.volatility - INFO - AMZN Ridge PCA            alpha=100 RMSE=0.09501 NRMSE=1.11810 R2=-0.25014 IC=0.05842
2026-08-02 10:50:41,993 - options_risk_engine.forecasting.volatility - INFO - AMZN Ridge PCA            alpha=1000 RMSE=0.09321 NRMSE=1.09690 R2=-0.20319 IC=-0.10037
2026-08-02 10:50:41,996 - options_risk_engine.forecasting.volatility - INFO - AMZN Lasso                alpha=0.0001 RMSE=0.11287 NRMSE=1.32821 R2=-0.76413 IC=0.06921
2026-08-02 10:50:41,998 - options_risk_engine.forecasting.volatility - INFO - AMZN Lasso                alpha=0.001 RMSE=0.10223 NRMSE=1.20299 R2=-0.44717 IC=0.03921
2026-08-02 10:50:42,000 - options_risk_engine.forecasting.volatility - INFO - AMZN Lasso                alpha=0.01 RMSE=0.10038 NRMSE=1.18125 R2=-0.39535 IC=-0.10457
2026-08-02 10:50:42,001 - options_risk_engine.forecasting.volatility - INFO - AMZN Lasso                alpha=0.1 RMSE=0.09926 NRMSE=1.16814 R2=-0.36456 IC=-0.25176
2026-08-02 10:50:42,003 - options_risk_engine.forecasting.volatility - INFO - AMZN Lasso                alpha=1 RMSE=0.09926 NRMSE=1.16814 R2=-0.36456 IC=-0.25176
2026-08-02 10:50:42,006 - options_risk_engine.forecasting.volatility - INFO - AMZN Lasso PCA            alpha=0.0001 RMSE=0.09812 NRMSE=1.15463 R2=-0.33317 IC=0.08120
2026-08-02 10:50:42,008 - options_risk_engine.forecasting.volatility - INFO - AMZN Lasso PCA            alpha=0.001 RMSE=0.09774 NRMSE=1.15024 R2=-0.32306 IC=0.07164
2026-08-02 10:50:42,010 - options_risk_engine.forecasting.volatility - INFO - AMZN Lasso PCA            alpha=0.01 RMSE=0.09568 NRMSE=1.12597 R2=-0.26780 IC=-0.02421
2026-08-02 10:50:42,012 - options_risk_engine.forecasting.volatility - INFO - AMZN Lasso PCA            alpha=0.1 RMSE=0.09897 NRMSE=1.16473 R2=-0.35660 IC=-0.26160
2026-08-02 10:50:42,014 - options_risk_engine.forecasting.volatility - INFO - AMZN Lasso PCA            alpha=1 RMSE=0.09926 NRMSE=1.16814 R2=-0.36456 IC=-0.25176
2026-08-02 10:50:42,016 - options_risk_engine.forecasting.volatility - INFO - AMZN Random Forest        alpha=None RMSE=0.13022 NRMSE=1.53237 R2=-1.34816 IC=-0.21254
2026-08-02 10:50:42,017 - options_risk_engine.forecasting.volatility - INFO - AMZN Gradient Boosting    alpha=None RMSE=0.13195 NRMSE=1.55276 R2=-1.41107 IC=-0.20027
2026-08-02 10:50:42,019 - options_risk_engine.forecasting.volatility - INFO - AMZN HAR-RV               alpha=None RMSE=0.10573 NRMSE=1.24425 R2=-0.54816 IC=-0.11051
2026-08-02 10:50:42,021 - options_risk_engine.forecasting.volatility - INFO - AMZN GARCH                alpha=None RMSE=0.10847 NRMSE=1.27649 R2=-0.62942 IC=-0.22516
2026-08-02 10:50:42,023 - options_risk_engine.forecasting.volatility - INFO - AMZN evaluation complete - best model=Ridge PCA, alpha=1000.0, RMSE=0.09321, NRMSE=1.09690
2026-08-02 10:50:42,027 - options_risk_engine.forecasting.volatility - INFO - HCA starting model evaluation
2026-08-02 10:50:42,029 - options_risk_engine.forecasting.volatility - INFO - HCA has 971 usable rows and 21 features
2026-08-02 10:50:42,029 - options_risk_engine.forecasting.volatility - INFO - Creating model specifications
2026-08-02 10:50:42,030 - options_risk_engine.forecasting.volatility - INFO - Created 34 model configurations
2026-08-02 10:50:42,030 - options_risk_engine.forecasting.volatility - INFO - HCA walk-forward starts at row 284 with window=30, step=30, purge=32
2026-08-02 10:50:58,635 - options_risk_engine.forecasting.volatility - INFO - HCA completed 22 walk-forward folds
2026-08-02 10:50:58,635 - options_risk_engine.forecasting.volatility - INFO - HCA calculating model comparison metrics
2026-08-02 10:50:58,638 - options_risk_engine.forecasting.volatility - INFO - HCA Train Mean           alpha=None RMSE=0.06185 NRMSE=1.02731 R2=-0.05536 IC=-0.00940
2026-08-02 10:50:58,640 - options_risk_engine.forecasting.volatility - INFO - HCA RV20 Baseline        alpha=None RMSE=0.10173 NRMSE=1.68971 R2=-1.85512 IC=-0.14081
2026-08-02 10:50:58,642 - options_risk_engine.forecasting.volatility - INFO - HCA OLS                  alpha=None RMSE=0.21717 NRMSE=3.60709 R2=-12.01107 IC=-0.12365
2026-08-02 10:50:58,643 - options_risk_engine.forecasting.volatility - INFO - HCA OLS PCA              alpha=None RMSE=0.06819 NRMSE=1.13266 R2=-0.28291 IC=-0.01170
2026-08-02 10:50:58,645 - options_risk_engine.forecasting.volatility - INFO - HCA Ridge                alpha=0.0001 RMSE=0.21699 NRMSE=3.60406 R2=-11.98922 IC=-0.12361
2026-08-02 10:50:58,647 - options_risk_engine.forecasting.volatility - INFO - HCA Ridge                alpha=0.001 RMSE=0.21537 NRMSE=3.57706 R2=-11.79535 IC=-0.12328
2026-08-02 10:50:58,649 - options_risk_engine.forecasting.volatility - INFO - HCA Ridge                alpha=0.01 RMSE=0.20064 NRMSE=3.33239 R2=-10.10481 IC=-0.12001
2026-08-02 10:50:58,651 - options_risk_engine.forecasting.volatility - INFO - HCA Ridge                alpha=0.1 RMSE=0.12889 NRMSE=2.14078 R2=-3.58294 IC=-0.08870
2026-08-02 10:50:58,654 - options_risk_engine.forecasting.volatility - INFO - HCA Ridge                alpha=1 RMSE=0.07162 NRMSE=1.18951 R2=-0.41494 IC=0.04605
2026-08-02 10:50:58,656 - options_risk_engine.forecasting.volatility - INFO - HCA Ridge                alpha=10 RMSE=0.06615 NRMSE=1.09873 R2=-0.20721 IC=0.05241
2026-08-02 10:50:58,658 - options_risk_engine.forecasting.volatility - INFO - HCA Ridge                alpha=100 RMSE=0.06632 NRMSE=1.10160 R2=-0.21353 IC=0.00063
2026-08-02 10:50:58,661 - options_risk_engine.forecasting.volatility - INFO - HCA Ridge                alpha=1000 RMSE=0.06539 NRMSE=1.08608 R2=-0.17958 IC=-0.05587
2026-08-02 10:50:58,663 - options_risk_engine.forecasting.volatility - INFO - HCA Ridge PCA            alpha=0.0001 RMSE=0.06819 NRMSE=1.13266 R2=-0.28291 IC=-0.01170
2026-08-02 10:50:58,665 - options_risk_engine.forecasting.volatility - INFO - HCA Ridge PCA            alpha=0.001 RMSE=0.06819 NRMSE=1.13266 R2=-0.28291 IC=-0.01170
2026-08-02 10:50:58,667 - options_risk_engine.forecasting.volatility - INFO - HCA Ridge PCA            alpha=0.01 RMSE=0.06819 NRMSE=1.13265 R2=-0.28290 IC=-0.01170
2026-08-02 10:50:58,668 - options_risk_engine.forecasting.volatility - INFO - HCA Ridge PCA            alpha=0.1 RMSE=0.06819 NRMSE=1.13262 R2=-0.28284 IC=-0.01170
2026-08-02 10:50:58,670 - options_risk_engine.forecasting.volatility - INFO - HCA Ridge PCA            alpha=1 RMSE=0.06817 NRMSE=1.13232 R2=-0.28216 IC=-0.01170
2026-08-02 10:50:58,673 - options_risk_engine.forecasting.volatility - INFO - HCA Ridge PCA            alpha=10 RMSE=0.06801 NRMSE=1.12953 R2=-0.27583 IC=-0.01180
2026-08-02 10:50:58,675 - options_risk_engine.forecasting.volatility - INFO - HCA Ridge PCA            alpha=100 RMSE=0.06702 NRMSE=1.11310 R2=-0.23899 IC=-0.01562
2026-08-02 10:50:58,677 - options_risk_engine.forecasting.volatility - INFO - HCA Ridge PCA            alpha=1000 RMSE=0.06548 NRMSE=1.08755 R2=-0.18278 IC=-0.05877
2026-08-02 10:50:58,679 - options_risk_engine.forecasting.volatility - INFO - HCA Lasso                alpha=0.0001 RMSE=0.15974 NRMSE=2.65310 R2=-6.03894 IC=-0.10930
2026-08-02 10:50:58,681 - options_risk_engine.forecasting.volatility - INFO - HCA Lasso                alpha=0.001 RMSE=0.06882 NRMSE=1.14310 R2=-0.30668 IC=-0.03641
2026-08-02 10:50:58,682 - options_risk_engine.forecasting.volatility - INFO - HCA Lasso                alpha=0.01 RMSE=0.06821 NRMSE=1.13295 R2=-0.28357 IC=-0.13720
2026-08-02 10:50:58,684 - options_risk_engine.forecasting.volatility - INFO - HCA Lasso                alpha=0.1 RMSE=0.06185 NRMSE=1.02731 R2=-0.05536 IC=-0.00940
2026-08-02 10:50:58,686 - options_risk_engine.forecasting.volatility - INFO - HCA Lasso                alpha=1 RMSE=0.06185 NRMSE=1.02731 R2=-0.05536 IC=-0.00940
2026-08-02 10:50:58,689 - options_risk_engine.forecasting.volatility - INFO - HCA Lasso PCA            alpha=0.0001 RMSE=0.06815 NRMSE=1.13189 R2=-0.28118 IC=-0.01299
2026-08-02 10:50:58,691 - options_risk_engine.forecasting.volatility - INFO - HCA Lasso PCA            alpha=0.001 RMSE=0.06776 NRMSE=1.12540 R2=-0.26653 IC=-0.02438
2026-08-02 10:50:58,693 - options_risk_engine.forecasting.volatility - INFO - HCA Lasso PCA            alpha=0.01 RMSE=0.06825 NRMSE=1.13353 R2=-0.28489 IC=-0.14368
2026-08-02 10:50:58,695 - options_risk_engine.forecasting.volatility - INFO - HCA Lasso PCA            alpha=0.1 RMSE=0.06269 NRMSE=1.04120 R2=-0.08409 IC=-0.03019
2026-08-02 10:50:58,697 - options_risk_engine.forecasting.volatility - INFO - HCA Lasso PCA            alpha=1 RMSE=0.06185 NRMSE=1.02731 R2=-0.05536 IC=-0.00940
2026-08-02 10:50:58,699 - options_risk_engine.forecasting.volatility - INFO - HCA Random Forest        alpha=None RMSE=0.08042 NRMSE=1.33568 R2=-0.78404 IC=-0.02054
2026-08-02 10:50:58,701 - options_risk_engine.forecasting.volatility - INFO - HCA Gradient Boosting    alpha=None RMSE=0.08209 NRMSE=1.36351 R2=-0.85917 IC=-0.07303
2026-08-02 10:50:58,703 - options_risk_engine.forecasting.volatility - INFO - HCA HAR-RV               alpha=None RMSE=0.06672 NRMSE=1.10810 R2=-0.22789 IC=-0.04266
2026-08-02 10:50:58,704 - options_risk_engine.forecasting.volatility - INFO - HCA GARCH                alpha=None RMSE=0.06575 NRMSE=1.09207 R2=-0.19261 IC=-0.08205
2026-08-02 10:50:58,707 - options_risk_engine.forecasting.volatility - INFO - HCA evaluation complete - best model=Train Mean, alpha=nan, RMSE=0.06185, NRMSE=1.02731
2026-08-02 10:50:58,714 - options_risk_engine.database - INFO - Stored 238 rows in model_evaluations
2026-08-02 10:50:58,750 - options_risk_engine.database - INFO - Stored 238 rows in model_evaluations
2026-08-02 10:50:59,279 - options_risk_engine.pricing.chains - INFO - Downloading option chains for 7 ticker objects
2026-08-02 10:50:59,279 - options_risk_engine.pricing.chains - INFO - Downloading option chain for AAPL nearest to 2026-09-16
2026-08-02 10:51:02,889 - options_risk_engine.pricing.chains - INFO - AAPL chain loaded for 2026-09-18: 93 calls and 74 puts
2026-08-02 10:51:02,890 - options_risk_engine.pricing.chains - INFO - Downloading option chain for MSFT nearest to 2026-09-16
2026-08-02 10:51:04,512 - options_risk_engine.pricing.chains - INFO - MSFT chain loaded for 2026-09-18: 90 calls and 82 puts
2026-08-02 10:51:04,513 - options_risk_engine.pricing.chains - INFO - Downloading option chain for META nearest to 2026-09-16
2026-08-02 10:51:06,178 - options_risk_engine.pricing.chains - INFO - META chain loaded for 2026-09-18: 190 calls and 146 puts
2026-08-02 10:51:06,179 - options_risk_engine.pricing.chains - INFO - Downloading option chain for WMT nearest to 2026-09-16
2026-08-02 10:51:07,709 - options_risk_engine.pricing.chains - INFO - WMT chain loaded for 2026-09-18: 34 calls and 28 puts
2026-08-02 10:51:07,709 - options_risk_engine.pricing.chains - INFO - Downloading option chain for GOOGL nearest to 2026-09-16
2026-08-02 10:51:09,180 - options_risk_engine.pricing.chains - INFO - GOOGL chain loaded for 2026-09-18: 134 calls and 98 puts
2026-08-02 10:51:09,180 - options_risk_engine.pricing.chains - INFO - Downloading option chain for AMZN nearest to 2026-09-16
2026-08-02 10:51:10,841 - options_risk_engine.pricing.chains - INFO - AMZN chain loaded for 2026-09-18: 58 calls and 52 puts
2026-08-02 10:51:10,842 - options_risk_engine.pricing.chains - INFO - Downloading option chain for HCA nearest to 2026-09-16
2026-08-02 10:51:12,111 - options_risk_engine.pricing.chains - INFO - HCA chain loaded for 2026-09-18: 73 calls and 59 puts
2026-08-02 10:51:12,112 - options_risk_engine.pricing.chains - INFO - Option-chain download complete: 7 of 7 tickers loaded
2026-08-02 10:51:12,175 - options_risk_engine.database - INFO - Stored 1211 rows in option_chain_snapshots_full
2026-08-02 10:51:12,202 - options_risk_engine.pricing.chains - INFO - Starting option pricing for 7 ticker objects
2026-08-02 10:51:12,205 - options_risk_engine.pricing.chains - INFO - AAPL beginning option-chain pricing
2026-08-02 10:51:12,208 - options_risk_engine.pricing.chains - INFO - AAPL volatility inputs - RV20: 0.3674, RV60: 0.3201, RV252: 0.2591, forecast: 0.2623
2026-08-02 10:51:13,049 - options_risk_engine.pricing.chains - INFO - AAPL implied volatility calculations complete
2026-08-02 10:51:13,058 - options_risk_engine.pricing.chains - INFO - AAPL put-call parity check: 74 matched strikes, maximum absolute error 0.0000000000
2026-08-02 10:51:13,093 - options_risk_engine.pricing.chains - INFO - AAPL pricing complete — 93 total calls, 74 total puts, 0 highlighted calls and 7 highlighted puts
2026-08-02 10:51:13,093 - options_risk_engine.pricing.chains - INFO - MSFT beginning option-chain pricing
2026-08-02 10:51:13,095 - options_risk_engine.pricing.chains - INFO - MSFT volatility inputs - RV20: 0.6016, RV60: 0.4622, RV252: 0.3193, forecast: 0.2609
2026-08-02 10:51:13,856 - options_risk_engine.pricing.chains - INFO - MSFT implied volatility calculations complete
2026-08-02 10:51:13,861 - options_risk_engine.pricing.chains - INFO - MSFT put-call parity check: 82 matched strikes, maximum absolute error 0.0000000000
2026-08-02 10:51:13,890 - options_risk_engine.pricing.chains - INFO - MSFT pricing complete — 90 total calls, 82 total puts, 0 highlighted calls and 6 highlighted puts
2026-08-02 10:51:13,891 - options_risk_engine.pricing.chains - INFO - META beginning option-chain pricing
2026-08-02 10:51:13,892 - options_risk_engine.pricing.chains - INFO - META volatility inputs - RV20: 0.5162, RV60: 0.4580, RV252: 0.3978, forecast: 0.4131
2026-08-02 10:51:15,391 - options_risk_engine.pricing.chains - INFO - META implied volatility calculations complete
2026-08-02 10:51:15,397 - options_risk_engine.pricing.chains - INFO - META put-call parity check: 130 matched strikes, maximum absolute error 0.0000000000
2026-08-02 10:51:15,432 - options_risk_engine.pricing.chains - INFO - META pricing complete — 190 total calls, 146 total puts, 0 highlighted calls and 19 highlighted puts
2026-08-02 10:51:15,432 - options_risk_engine.pricing.chains - INFO - WMT beginning option-chain pricing
2026-08-02 10:51:15,435 - options_risk_engine.pricing.chains - INFO - WMT volatility inputs - RV20: 0.2209, RV60: 0.2760, RV252: 0.2477, forecast: 0.2065
2026-08-02 10:51:15,733 - options_risk_engine.pricing.chains - INFO - WMT implied volatility calculations complete
2026-08-02 10:51:15,739 - options_risk_engine.pricing.chains - INFO - WMT put-call parity check: 28 matched strikes, maximum absolute error 0.0000000000
2026-08-02 10:51:15,779 - options_risk_engine.pricing.chains - INFO - WMT pricing complete — 34 total calls, 28 total puts, 0 highlighted calls and 2 highlighted puts
2026-08-02 10:51:15,780 - options_risk_engine.pricing.chains - INFO - GOOGL beginning option-chain pricing
2026-08-02 10:51:15,783 - options_risk_engine.pricing.chains - INFO - GOOGL volatility inputs - RV20: 0.4610, RV60: 0.3682, RV252: 0.3212, forecast: 0.3099
2026-08-02 10:51:17,756 - options_risk_engine.pricing.chains - INFO - GOOGL implied volatility calculations complete
2026-08-02 10:51:17,762 - options_risk_engine.pricing.chains - INFO - GOOGL put-call parity check: 96 matched strikes, maximum absolute error 0.0000000000
2026-08-02 10:51:17,793 - options_risk_engine.pricing.chains - INFO - GOOGL pricing complete — 134 total calls, 98 total puts, 0 highlighted calls and 12 highlighted puts
2026-08-02 10:51:17,793 - options_risk_engine.pricing.chains - INFO - AMZN beginning option-chain pricing
2026-08-02 10:51:17,796 - options_risk_engine.pricing.chains - INFO - AMZN volatility inputs - RV20: 0.6195, RV60: 0.4402, RV252: 0.3520, forecast: 0.3413
2026-08-02 10:51:18,368 - options_risk_engine.pricing.chains - INFO - AMZN implied volatility calculations complete
2026-08-02 10:51:18,373 - options_risk_engine.pricing.chains - INFO - AMZN put-call parity check: 52 matched strikes, maximum absolute error 0.0000000000
2026-08-02 10:51:18,404 - options_risk_engine.pricing.chains - INFO - AMZN pricing complete — 58 total calls, 52 total puts, 7 highlighted calls and 2 highlighted puts
2026-08-02 10:51:18,405 - options_risk_engine.pricing.chains - INFO - HCA beginning option-chain pricing
2026-08-02 10:51:18,406 - options_risk_engine.pricing.chains - INFO - HCA volatility inputs - RV20: 0.5051, RV60: 0.3752, RV252: 0.3018, forecast: 0.2788
2026-08-02 10:51:18,814 - options_risk_engine.pricing.chains - INFO - HCA implied volatility calculations complete
2026-08-02 10:51:18,818 - options_risk_engine.pricing.chains - INFO - HCA put-call parity check: 56 matched strikes, maximum absolute error 0.0000000000
2026-08-02 10:51:18,849 - options_risk_engine.pricing.chains - INFO - HCA pricing complete — 73 total calls, 59 total puts, 0 highlighted calls and 0 highlighted puts
2026-08-02 10:51:18,849 - options_risk_engine.pricing.chains - INFO - Option pricing finished — 14 full tables, 14 highlighted tables, 7 parity tables and 0 failed tickers
2026-08-02 10:51:18,861 - options_risk_engine.reporting.tables - INFO - Combined 14 option tables into 1211 rows
2026-08-02 10:51:18,863 - options_risk_engine.validation - INFO - Option-universe validation: {'rows': 1211, 'tickers': 7, 'duplicate_contract_symbols': 0, 'invalid_quotes': 417}
2026-08-02 10:57:57,848 - options_risk_engine.database - INFO - Stored 1211 rows in option_pricing_results
2026-08-02 10:58:04,996 - options_risk_engine.database - INFO - Stored 1211 rows in option_pricing_results
2026-08-02 10:58:15,702 - options_risk_engine.pricing.monte_carlo - INFO - Running 10000 Monte Carlo simulations for AAPL
2026-08-02 10:58:15,703 - options_risk_engine.pricing.monte_carlo - INFO - AAPL starting Monte Carlo simulation
2026-08-02 10:58:15,705 - options_risk_engine.pricing.monte_carlo - INFO - AAPL Monte Carlo inputs - S0: 308.91, sigma: 0.2623, T: 0.1288, steps: 34, simulations: 10000
2026-08-02 10:58:15,756 - options_risk_engine.pricing.monte_carlo - INFO - AAPL Monte Carlo simulation complete
2026-08-02 10:58:15,816 - options_risk_engine.pricing.monte_carlo - INFO - AAPL Monte Carlo profit analysis complete
2026-08-02 10:58:15,817 - options_risk_engine.pricing.monte_carlo - INFO - Running 10000 Monte Carlo simulations for MSFT
2026-08-02 10:58:15,817 - options_risk_engine.pricing.monte_carlo - INFO - MSFT starting Monte Carlo simulation
2026-08-02 10:58:15,818 - options_risk_engine.pricing.monte_carlo - INFO - MSFT Monte Carlo inputs - S0: 464.72, sigma: 0.2609, T: 0.1288, steps: 34, simulations: 10000
2026-08-02 10:58:15,835 - options_risk_engine.pricing.monte_carlo - INFO - MSFT Monte Carlo simulation complete
2026-08-02 10:58:15,888 - options_risk_engine.pricing.monte_carlo - INFO - MSFT Monte Carlo profit analysis complete
2026-08-02 10:58:15,888 - options_risk_engine.pricing.monte_carlo - INFO - Running 10000 Monte Carlo simulations for META
2026-08-02 10:58:15,889 - options_risk_engine.pricing.monte_carlo - INFO - META starting Monte Carlo simulation
2026-08-02 10:58:15,890 - options_risk_engine.pricing.monte_carlo - INFO - META Monte Carlo inputs - S0: 556.71, sigma: 0.4131, T: 0.1288, steps: 34, simulations: 10000
2026-08-02 10:58:15,919 - options_risk_engine.pricing.monte_carlo - INFO - META Monte Carlo simulation complete
2026-08-02 10:58:16,006 - options_risk_engine.pricing.monte_carlo - INFO - META Monte Carlo profit analysis complete
2026-08-02 10:58:16,007 - options_risk_engine.pricing.monte_carlo - INFO - Running 10000 Monte Carlo simulations for WMT
2026-08-02 10:58:16,007 - options_risk_engine.pricing.monte_carlo - INFO - WMT starting Monte Carlo simulation
2026-08-02 10:58:16,008 - options_risk_engine.pricing.monte_carlo - INFO - WMT Monte Carlo inputs - S0: 111.20, sigma: 0.2065, T: 0.1288, steps: 34, simulations: 10000
2026-08-02 10:58:16,021 - options_risk_engine.pricing.monte_carlo - INFO - WMT Monte Carlo simulation complete
2026-08-02 10:58:16,054 - options_risk_engine.pricing.monte_carlo - INFO - WMT Monte Carlo profit analysis complete
2026-08-02 10:58:16,055 - options_risk_engine.pricing.monte_carlo - INFO - Running 10000 Monte Carlo simulations for GOOGL
2026-08-02 10:58:16,055 - options_risk_engine.pricing.monte_carlo - INFO - GOOGL starting Monte Carlo simulation
2026-08-02 10:58:16,056 - options_risk_engine.pricing.monte_carlo - INFO - GOOGL Monte Carlo inputs - S0: 356.13, sigma: 0.3099, T: 0.1288, steps: 34, simulations: 10000
2026-08-02 10:58:16,076 - options_risk_engine.pricing.monte_carlo - INFO - GOOGL Monte Carlo simulation complete
2026-08-02 10:58:16,136 - options_risk_engine.pricing.monte_carlo - INFO - GOOGL Monte Carlo profit analysis complete
2026-08-02 10:58:16,137 - options_risk_engine.pricing.monte_carlo - INFO - Running 10000 Monte Carlo simulations for AMZN
2026-08-02 10:58:16,137 - options_risk_engine.pricing.monte_carlo - INFO - AMZN starting Monte Carlo simulation
2026-08-02 10:58:16,139 - options_risk_engine.pricing.monte_carlo - INFO - AMZN Monte Carlo inputs - S0: 271.58, sigma: 0.3413, T: 0.1288, steps: 34, simulations: 10000
2026-08-02 10:58:16,153 - options_risk_engine.pricing.monte_carlo - INFO - AMZN Monte Carlo simulation complete
2026-08-02 10:58:16,193 - options_risk_engine.pricing.monte_carlo - INFO - AMZN Monte Carlo profit analysis complete
2026-08-02 10:58:16,194 - options_risk_engine.pricing.monte_carlo - INFO - Running 10000 Monte Carlo simulations for HCA
2026-08-02 10:58:16,194 - options_risk_engine.pricing.monte_carlo - INFO - HCA starting Monte Carlo simulation
2026-08-02 10:58:16,195 - options_risk_engine.pricing.monte_carlo - INFO - HCA Monte Carlo inputs - S0: 402.59, sigma: 0.2788, T: 0.1288, steps: 34, simulations: 10000
2026-08-02 10:58:16,209 - options_risk_engine.pricing.monte_carlo - INFO - HCA Monte Carlo simulation complete
2026-08-02 10:58:16,254 - options_risk_engine.pricing.monte_carlo - INFO - HCA Monte Carlo profit analysis complete
2026-08-02 10:58:16,269 - options_risk_engine.reporting.tables - INFO - Combined 14 option tables into 1211 rows
2026-08-02 10:58:23,037 - options_risk_engine.reporting.tables - INFO - Created findings table with 52 groups
2026-08-02 10:58:29,265 - options_risk_engine.risk.portfolio - INFO - Preparing option universe for the portfolio risk engine: 1211 rows
2026-08-02 10:58:29,275 - options_risk_engine.risk.portfolio - INFO - Risk-engine input cleaned: 959 usable option rows; 252 rows removed
2026-08-02 10:58:29,281 - options_risk_engine.risk.portfolio - INFO - Created reproducible test option positions: 471 long and 488 short
2026-08-02 10:58:29,321 - options_risk_engine.risk.portfolio - INFO - Added 7 share positions; combined portfolio now contains 966 rows
2026-08-02 10:58:29,325 - options_risk_engine.risk.portfolio - INFO - Portfolio positions prepared: gross market value 17747056.90; current P&L -64853.89
2026-08-02 10:58:29,326 - options_risk_engine.risk.portfolio - INFO - Building current portfolio risk summary from 966 positions
2026-08-02 10:58:29,335 - options_risk_engine.risk.portfolio - INFO - Ticker-level risk calculated for 7 tickers
2026-08-02 10:58:29,336 - options_risk_engine.risk.portfolio - INFO - Portfolio risk summary complete: net value -695290.30; gross value 17747056.90; delta 1592.81
2026-08-02 10:58:49,821 - options_risk_engine.database - INFO - Stored 966 rows in portfolio_positions
2026-08-02 10:58:49,825 - options_risk_engine.database - INFO - Stored 8 rows in portfolio_risk
2026-08-02 10:58:49,831 - options_risk_engine.risk.scenarios - INFO - Generating 1000 random scenarios with up to 30 days forward; seed=42
2026-08-02 10:58:49,838 - options_risk_engine.risk.scenarios - INFO - Scenario generation complete: 1001 total rows including BASE
2026-08-02 10:58:49,882 - options_risk_engine.risk.scenarios - INFO - Starting scenario engine: 966 positions across 1001 scenarios
2026-08-02 10:58:49,888 - options_risk_engine.risk.scenarios - INFO - Scenario positions classified: 565 calls, 394 puts and 7 shares
2026-08-02 10:58:49,900 - options_risk_engine.risk.scenarios - INFO - Base model prices calculated for 966 positions
2026-08-02 10:58:49,901 - options_risk_engine.risk.scenarios - INFO - Revaluing scenario 1/1001: BASE
2026-08-02 10:58:50,275 - options_risk_engine.risk.scenarios - INFO - Revaluing scenario 100/1001: R0099
2026-08-02 10:58:50,651 - options_risk_engine.risk.scenarios - INFO - Revaluing scenario 200/1001: R0199
2026-08-02 10:58:51,042 - options_risk_engine.risk.scenarios - INFO - Revaluing scenario 300/1001: R0299
2026-08-02 10:58:51,405 - options_risk_engine.risk.scenarios - INFO - Revaluing scenario 400/1001: R0399
2026-08-02 10:58:51,782 - options_risk_engine.risk.scenarios - INFO - Revaluing scenario 500/1001: R0499
2026-08-02 10:58:52,162 - options_risk_engine.risk.scenarios - INFO - Revaluing scenario 600/1001: R0599
2026-08-02 10:58:52,535 - options_risk_engine.risk.scenarios - INFO - Revaluing scenario 700/1001: R0699
2026-08-02 10:58:52,899 - options_risk_engine.risk.scenarios - INFO - Revaluing scenario 800/1001: R0799
2026-08-02 10:58:53,261 - options_risk_engine.risk.scenarios - INFO - Revaluing scenario 900/1001: R0899
2026-08-02 10:58:53,636 - options_risk_engine.risk.scenarios - INFO - Revaluing scenario 1000/1001: R0999
2026-08-02 10:58:53,642 - options_risk_engine.risk.scenarios - INFO - Revaluing scenario 1001/1001: R1000
2026-08-02 10:58:53,799 - options_risk_engine.risk.scenarios - INFO - Position-level scenario results created: 966966 rows
2026-08-02 10:58:54,640 - options_risk_engine.risk.scenarios - INFO - Analysing scenario outputs: 966966 position rows, 7007 ticker rows and 1001 portfolio rows
2026-08-02 10:58:54,766 - options_risk_engine.risk.scenarios - INFO - Base scenario validation passed: portfolio P&L 0.00000000
2026-08-02 10:58:54,770 - options_risk_engine.risk.scenarios - INFO - All scenario positions were repriced successfully
2026-08-02 10:58:54,776 - options_risk_engine.risk.scenarios - INFO - Scenario distribution analysed: worst P&L -258974.50; 5th percentile -62652.47; probability of loss 56.20%
2026-08-02 10:58:54,831 - options_risk_engine.risk.scenarios - WARNING - 11 portfolio scenarios breached the 100000.00 loss limit
2026-08-02 10:58:54,832 - options_risk_engine.risk.scenarios - WARNING - 1473 ticker-scenario rows breached the 25000.00 loss limit
2026-08-02 10:58:54,833 - options_risk_engine.risk.scenarios - INFO - Scenario analysis complete; worst scenario is R0950
2026-08-02 10:58:55,519 - options_risk_engine.risk.attribution - INFO - Starting Greek P&L attribution
2026-08-02 10:58:56,063 - options_risk_engine.risk.attribution - INFO - Greek attribution accounting check passed
2026-08-02 10:58:56,066 - options_risk_engine.risk.attribution - INFO - Greek attribution completed for 966966 position-scenario rows and 1001 scenarios
2026-08-02 10:58:56,067 - options_risk_engine.risk.attribution - INFO - Starting Greek attribution analysis
2026-08-02 10:58:56,216 - options_risk_engine.risk.attribution - INFO - Scenario shocks attached to 1001 attribution rows
2026-08-02 10:58:56,218 - options_risk_engine.risk.attribution - INFO - Greek attribution accounting check passed
2026-08-02 10:58:56,362 - options_risk_engine.risk.attribution - INFO - BASE Greek attribution validation passed
2026-08-02 10:58:57,272 - options_risk_engine.risk.attribution - INFO - Greek attribution analysis completed for 1000 scenarios
2026-08-02 10:58:58,952 - options_risk_engine.validation - INFO - All risk-engine validation checks passed
2026-08-02 10:58:58,985 - options_risk_engine.database - INFO - Stored 1001 rows in scenario_definitions
2026-08-02 10:59:02,807 - options_risk_engine.database - INFO - Stored 966966 rows in scenario_position_results
2026-08-02 10:59:16,439 - options_risk_engine.database - INFO - Stored 7007 rows in scenario_ticker_results
2026-08-02 10:59:16,462 - options_risk_engine.database - INFO - Stored 1001 rows in scenario_portfolio_results
2026-08-02 10:59:21,793 - options_risk_engine.database - INFO - Stored 966966 rows in attribution_position_results
2026-08-02 10:59:42,553 - options_risk_engine.database - INFO - Stored 1001 rows in scenario_attribution
2026-08-02 10:59:42,600 - options_risk_engine.recommendations.contracts - INFO - Preparing standardised contract analysis from 1211 option rows
2026-08-02 10:59:42,620 - options_risk_engine.recommendations.contracts - INFO - Prepared 794 standardised long-one-contract positions
2026-08-02 10:59:42,666 - options_risk_engine.recommendations.contracts - INFO - All standardised contract validation checks passed
2026-08-02 10:59:42,683 - options_risk_engine.risk.scenarios - INFO - Starting scenario engine: 794 positions across 1001 scenarios
2026-08-02 10:59:42,686 - options_risk_engine.risk.scenarios - INFO - Scenario positions classified: 564 calls, 230 puts and 0 shares
2026-08-02 10:59:42,696 - options_risk_engine.risk.scenarios - INFO - Base model prices calculated for 794 positions
2026-08-02 10:59:42,697 - options_risk_engine.risk.scenarios - INFO - Revaluing scenario 1/1001: BASE
2026-08-02 10:59:43,044 - options_risk_engine.risk.scenarios - INFO - Revaluing scenario 100/1001: R0099
2026-08-02 10:59:43,381 - options_risk_engine.risk.scenarios - INFO - Revaluing scenario 200/1001: R0199
2026-08-02 10:59:43,720 - options_risk_engine.risk.scenarios - INFO - Revaluing scenario 300/1001: R0299
2026-08-02 10:59:44,058 - options_risk_engine.risk.scenarios - INFO - Revaluing scenario 400/1001: R0399
2026-08-02 10:59:44,392 - options_risk_engine.risk.scenarios - INFO - Revaluing scenario 500/1001: R0499
2026-08-02 10:59:44,725 - options_risk_engine.risk.scenarios - INFO - Revaluing scenario 600/1001: R0599
2026-08-02 10:59:45,067 - options_risk_engine.risk.scenarios - INFO - Revaluing scenario 700/1001: R0699
2026-08-02 10:59:45,453 - options_risk_engine.risk.scenarios - INFO - Revaluing scenario 800/1001: R0799
2026-08-02 10:59:45,791 - options_risk_engine.risk.scenarios - INFO - Revaluing scenario 900/1001: R0899
2026-08-02 10:59:46,126 - options_risk_engine.risk.scenarios - INFO - Revaluing scenario 1000/1001: R0999
2026-08-02 10:59:46,130 - options_risk_engine.risk.scenarios - INFO - Revaluing scenario 1001/1001: R1000
2026-08-02 10:59:46,268 - options_risk_engine.risk.scenarios - INFO - Position-level scenario results created: 794794 rows
2026-08-02 10:59:46,849 - options_risk_engine.recommendations.contracts - INFO - Attached purchase-at-ask P&L to 794794 scenario rows
2026-08-02 11:11:06,283 - options_risk_engine.database - INFO - SQLite database initialised at /Users/sam/Progressive-Projects/Projects/Option Pricer N Risk Engine/data/options_risk_engine.db
2026-08-02 11:11:06,716 - options_risk_engine.data.market_data - INFO - Downloading historical data for 7 symbols
2026-08-02 11:11:07,426 - options_risk_engine.data.market_data - INFO - Historical data downloaded: 1255 rows
2026-08-02 11:11:09,357 - options_risk_engine.database - INFO - Stored 8785 rows in equity_prices
2026-08-02 11:11:09,426 - options_risk_engine.data.market_data - INFO - Feature dataset created: 1255 rows, 21 engineered features per ticker
2026-08-02 11:11:09,969 - options_risk_engine.database - INFO - Stored 1255 rows in volatility_features
2026-08-02 11:11:11,695 - options_risk_engine.forecasting.volatility - INFO - Creating model specifications
2026-08-02 11:11:11,696 - options_risk_engine.forecasting.volatility - INFO - Created 34 model configurations
2026-08-02 11:11:11,717 - options_risk_engine.forecasting.volatility - INFO - AAPL starting model evaluation
2026-08-02 11:11:11,719 - options_risk_engine.forecasting.volatility - INFO - AAPL has 971 usable rows and 21 features
2026-08-02 11:11:11,720 - options_risk_engine.forecasting.volatility - INFO - Creating model specifications
2026-08-02 11:11:11,720 - options_risk_engine.forecasting.volatility - INFO - Created 34 model configurations
2026-08-02 11:11:11,721 - options_risk_engine.forecasting.volatility - INFO - AAPL walk-forward starts at row 284 with window=30, step=30, purge=32
2026-08-02 11:11:28,147 - options_risk_engine.forecasting.volatility - INFO - AAPL completed 22 walk-forward folds
2026-08-02 11:11:28,148 - options_risk_engine.forecasting.volatility - INFO - AAPL calculating model comparison metrics
2026-08-02 11:11:28,150 - options_risk_engine.forecasting.volatility - INFO - AAPL Train Mean           alpha=None RMSE=0.10960 NRMSE=1.04761 R2=-0.09748 IC=-0.48458
2026-08-02 11:11:28,152 - options_risk_engine.forecasting.volatility - INFO - AAPL RV20 Baseline        alpha=None RMSE=0.13733 NRMSE=1.31268 R2=-0.72312 IC=0.22482
2026-08-02 11:11:28,154 - options_risk_engine.forecasting.volatility - INFO - AAPL OLS                  alpha=None RMSE=0.14282 NRMSE=1.36521 R2=-0.86379 IC=-0.02723
2026-08-02 11:11:28,156 - options_risk_engine.forecasting.volatility - INFO - AAPL OLS PCA              alpha=None RMSE=0.12644 NRMSE=1.20862 R2=-0.46075 IC=0.00080
2026-08-02 11:11:28,157 - options_risk_engine.forecasting.volatility - INFO - AAPL Ridge                alpha=0.0001 RMSE=0.14282 NRMSE=1.36520 R2=-0.86376 IC=-0.02723
2026-08-02 11:11:28,159 - options_risk_engine.forecasting.volatility - INFO - AAPL Ridge                alpha=0.001 RMSE=0.14281 NRMSE=1.36512 R2=-0.86355 IC=-0.02721
2026-08-02 11:11:28,161 - options_risk_engine.forecasting.volatility - INFO - AAPL Ridge                alpha=0.01 RMSE=0.14273 NRMSE=1.36436 R2=-0.86147 IC=-0.02704
2026-08-02 11:11:28,163 - options_risk_engine.forecasting.volatility - INFO - AAPL Ridge                alpha=0.1 RMSE=0.14201 NRMSE=1.35748 R2=-0.84274 IC=-0.02493
2026-08-02 11:11:28,164 - options_risk_engine.forecasting.volatility - INFO - AAPL Ridge                alpha=1 RMSE=0.13805 NRMSE=1.31959 R2=-0.74132 IC=-0.00726
2026-08-02 11:11:28,166 - options_risk_engine.forecasting.volatility - INFO - AAPL Ridge                alpha=10 RMSE=0.12879 NRMSE=1.23109 R2=-0.51558 IC=0.03284
2026-08-02 11:11:28,168 - options_risk_engine.forecasting.volatility - INFO - AAPL Ridge                alpha=100 RMSE=0.11727 NRMSE=1.12097 R2=-0.25658 IC=0.08764
2026-08-02 11:11:28,169 - options_risk_engine.forecasting.volatility - INFO - AAPL Ridge                alpha=1000 RMSE=0.10993 NRMSE=1.05079 R2=-0.10416 IC=0.14536
2026-08-02 11:11:28,171 - options_risk_engine.forecasting.volatility - INFO - AAPL Ridge PCA            alpha=0.0001 RMSE=0.12644 NRMSE=1.20862 R2=-0.46075 IC=0.00080
2026-08-02 11:11:28,173 - options_risk_engine.forecasting.volatility - INFO - AAPL Ridge PCA            alpha=0.001 RMSE=0.12644 NRMSE=1.20862 R2=-0.46075 IC=0.00080
2026-08-02 11:11:28,174 - options_risk_engine.forecasting.volatility - INFO - AAPL Ridge PCA            alpha=0.01 RMSE=0.12644 NRMSE=1.20860 R2=-0.46072 IC=0.00081
2026-08-02 11:11:28,176 - options_risk_engine.forecasting.volatility - INFO - AAPL Ridge PCA            alpha=0.1 RMSE=0.12643 NRMSE=1.20846 R2=-0.46039 IC=0.00091
2026-08-02 11:11:28,178 - options_risk_engine.forecasting.volatility - INFO - AAPL Ridge PCA            alpha=1 RMSE=0.12628 NRMSE=1.20711 R2=-0.45711 IC=0.00188
2026-08-02 11:11:28,179 - options_risk_engine.forecasting.volatility - INFO - AAPL Ridge PCA            alpha=10 RMSE=0.12498 NRMSE=1.19461 R2=-0.42710 IC=0.01113
2026-08-02 11:11:28,181 - options_risk_engine.forecasting.volatility - INFO - AAPL Ridge PCA            alpha=100 RMSE=0.11804 NRMSE=1.12834 R2=-0.27315 IC=0.07141
2026-08-02 11:11:28,182 - options_risk_engine.forecasting.volatility - INFO - AAPL Ridge PCA            alpha=1000 RMSE=0.11031 NRMSE=1.05443 R2=-0.11183 IC=0.14089
2026-08-02 11:11:28,184 - options_risk_engine.forecasting.volatility - INFO - AAPL Lasso                alpha=0.0001 RMSE=0.14003 NRMSE=1.33849 R2=-0.79156 IC=-0.01808
2026-08-02 11:11:28,186 - options_risk_engine.forecasting.volatility - INFO - AAPL Lasso                alpha=0.001 RMSE=0.12662 NRMSE=1.21037 R2=-0.46499 IC=0.01207
2026-08-02 11:11:28,188 - options_risk_engine.forecasting.volatility - INFO - AAPL Lasso                alpha=0.01 RMSE=0.11395 NRMSE=1.08925 R2=-0.18646 IC=0.04100
2026-08-02 11:11:28,189 - options_risk_engine.forecasting.volatility - INFO - AAPL Lasso                alpha=0.1 RMSE=0.10960 NRMSE=1.04761 R2=-0.09748 IC=-0.48458
2026-08-02 11:11:28,191 - options_risk_engine.forecasting.volatility - INFO - AAPL Lasso                alpha=1 RMSE=0.10960 NRMSE=1.04761 R2=-0.09748 IC=-0.48458
2026-08-02 11:11:28,193 - options_risk_engine.forecasting.volatility - INFO - AAPL Lasso PCA            alpha=0.0001 RMSE=0.12637 NRMSE=1.20793 R2=-0.45911 IC=0.00095
2026-08-02 11:11:28,194 - options_risk_engine.forecasting.volatility - INFO - AAPL Lasso PCA            alpha=0.001 RMSE=0.12570 NRMSE=1.20156 R2=-0.44375 IC=0.00222
2026-08-02 11:11:28,196 - options_risk_engine.forecasting.volatility - INFO - AAPL Lasso PCA            alpha=0.01 RMSE=0.11686 NRMSE=1.11705 R2=-0.24780 IC=0.06681
2026-08-02 11:11:28,197 - options_risk_engine.forecasting.volatility - INFO - AAPL Lasso PCA            alpha=0.1 RMSE=0.10562 NRMSE=1.00955 R2=-0.01918 IC=0.05694
2026-08-02 11:11:28,199 - options_risk_engine.forecasting.volatility - INFO - AAPL Lasso PCA            alpha=1 RMSE=0.10960 NRMSE=1.04761 R2=-0.09748 IC=-0.48458
2026-08-02 11:11:28,201 - options_risk_engine.forecasting.volatility - INFO - AAPL Random Forest        alpha=None RMSE=0.13830 NRMSE=1.32201 R2=-0.74771 IC=-0.04987
2026-08-02 11:11:28,202 - options_risk_engine.forecasting.volatility - INFO - AAPL Gradient Boosting    alpha=None RMSE=0.12854 NRMSE=1.22865 R2=-0.50957 IC=-0.02401
2026-08-02 11:11:28,204 - options_risk_engine.forecasting.volatility - INFO - AAPL HAR-RV               alpha=None RMSE=0.12635 NRMSE=1.20779 R2=-0.45875 IC=-0.01064
2026-08-02 11:11:28,206 - options_risk_engine.forecasting.volatility - INFO - AAPL GARCH                alpha=None RMSE=0.11599 NRMSE=1.10875 R2=-0.22932 IC=0.14355
2026-08-02 11:11:28,208 - options_risk_engine.forecasting.volatility - INFO - AAPL evaluation complete - best model=Lasso PCA, alpha=0.1, RMSE=0.10562, NRMSE=1.00955
2026-08-02 11:11:28,212 - options_risk_engine.forecasting.volatility - INFO - MSFT starting model evaluation
2026-08-02 11:11:28,213 - options_risk_engine.forecasting.volatility - INFO - MSFT has 971 usable rows and 21 features
2026-08-02 11:11:28,214 - options_risk_engine.forecasting.volatility - INFO - Creating model specifications
2026-08-02 11:11:28,214 - options_risk_engine.forecasting.volatility - INFO - Created 34 model configurations
2026-08-02 11:11:28,215 - options_risk_engine.forecasting.volatility - INFO - MSFT walk-forward starts at row 284 with window=30, step=30, purge=32
2026-08-02 11:11:44,277 - options_risk_engine.forecasting.volatility - INFO - MSFT completed 22 walk-forward folds
2026-08-02 11:11:44,279 - options_risk_engine.forecasting.volatility - INFO - MSFT calculating model comparison metrics
2026-08-02 11:11:44,281 - options_risk_engine.forecasting.volatility - INFO - MSFT Train Mean           alpha=None RMSE=0.08842 NRMSE=1.18225 R2=-0.39772 IC=-0.35506
2026-08-02 11:11:44,283 - options_risk_engine.forecasting.volatility - INFO - MSFT RV20 Baseline        alpha=None RMSE=0.10463 NRMSE=1.39906 R2=-0.95737 IC=0.12329
2026-08-02 11:11:44,284 - options_risk_engine.forecasting.volatility - INFO - MSFT OLS                  alpha=None RMSE=0.09843 NRMSE=1.31606 R2=-0.73202 IC=-0.01404
2026-08-02 11:11:44,286 - options_risk_engine.forecasting.volatility - INFO - MSFT OLS PCA              alpha=None RMSE=0.09562 NRMSE=1.27859 R2=-0.63480 IC=-0.07146
2026-08-02 11:11:44,288 - options_risk_engine.forecasting.volatility - INFO - MSFT Ridge                alpha=0.0001 RMSE=0.09843 NRMSE=1.31606 R2=-0.73202 IC=-0.01407
2026-08-02 11:11:44,290 - options_risk_engine.forecasting.volatility - INFO - MSFT Ridge                alpha=0.001 RMSE=0.09843 NRMSE=1.31606 R2=-0.73201 IC=-0.01430
2026-08-02 11:11:44,292 - options_risk_engine.forecasting.volatility - INFO - MSFT Ridge                alpha=0.01 RMSE=0.09842 NRMSE=1.31602 R2=-0.73190 IC=-0.01656
2026-08-02 11:11:44,293 - options_risk_engine.forecasting.volatility - INFO - MSFT Ridge                alpha=0.1 RMSE=0.09836 NRMSE=1.31518 R2=-0.72970 IC=-0.03094
2026-08-02 11:11:44,295 - options_risk_engine.forecasting.volatility - INFO - MSFT Ridge                alpha=1 RMSE=0.09780 NRMSE=1.30775 R2=-0.71020 IC=-0.05072
2026-08-02 11:11:44,297 - options_risk_engine.forecasting.volatility - INFO - MSFT Ridge                alpha=10 RMSE=0.09637 NRMSE=1.28861 R2=-0.66052 IC=-0.05241
2026-08-02 11:11:44,298 - options_risk_engine.forecasting.volatility - INFO - MSFT Ridge                alpha=100 RMSE=0.09140 NRMSE=1.22216 R2=-0.49368 IC=-0.03740
2026-08-02 11:11:44,300 - options_risk_engine.forecasting.volatility - INFO - MSFT Ridge                alpha=1000 RMSE=0.08417 NRMSE=1.12539 R2=-0.26651 IC=-0.03361
2026-08-02 11:11:44,302 - options_risk_engine.forecasting.volatility - INFO - MSFT Ridge PCA            alpha=0.0001 RMSE=0.09562 NRMSE=1.27859 R2=-0.63480 IC=-0.07146
2026-08-02 11:11:44,303 - options_risk_engine.forecasting.volatility - INFO - MSFT Ridge PCA            alpha=0.001 RMSE=0.09562 NRMSE=1.27859 R2=-0.63480 IC=-0.07146
2026-08-02 11:11:44,305 - options_risk_engine.forecasting.volatility - INFO - MSFT Ridge PCA            alpha=0.01 RMSE=0.09562 NRMSE=1.27858 R2=-0.63478 IC=-0.07145
2026-08-02 11:11:44,307 - options_risk_engine.forecasting.volatility - INFO - MSFT Ridge PCA            alpha=0.1 RMSE=0.09562 NRMSE=1.27849 R2=-0.63455 IC=-0.07142
2026-08-02 11:11:44,308 - options_risk_engine.forecasting.volatility - INFO - MSFT Ridge PCA            alpha=1 RMSE=0.09555 NRMSE=1.27761 R2=-0.63228 IC=-0.07109
2026-08-02 11:11:44,310 - options_risk_engine.forecasting.volatility - INFO - MSFT Ridge PCA            alpha=10 RMSE=0.09492 NRMSE=1.26923 R2=-0.61096 IC=-0.06792
2026-08-02 11:11:44,312 - options_risk_engine.forecasting.volatility - INFO - MSFT Ridge PCA            alpha=100 RMSE=0.09097 NRMSE=1.21631 R2=-0.47942 IC=-0.04782
2026-08-02 11:11:44,313 - options_risk_engine.forecasting.volatility - INFO - MSFT Ridge PCA            alpha=1000 RMSE=0.08422 NRMSE=1.12610 R2=-0.26809 IC=-0.03965
2026-08-02 11:11:44,315 - options_risk_engine.forecasting.volatility - INFO - MSFT Lasso                alpha=0.0001 RMSE=0.09819 NRMSE=1.31288 R2=-0.72367 IC=-0.03737
2026-08-02 11:11:44,316 - options_risk_engine.forecasting.volatility - INFO - MSFT Lasso                alpha=0.001 RMSE=0.09536 NRMSE=1.27508 R2=-0.62582 IC=-0.08360
2026-08-02 11:11:44,318 - options_risk_engine.forecasting.volatility - INFO - MSFT Lasso                alpha=0.01 RMSE=0.08695 NRMSE=1.16263 R2=-0.35170 IC=-0.11585
2026-08-02 11:11:44,320 - options_risk_engine.forecasting.volatility - INFO - MSFT Lasso                alpha=0.1 RMSE=0.08842 NRMSE=1.18225 R2=-0.39772 IC=-0.35506
2026-08-02 11:11:44,321 - options_risk_engine.forecasting.volatility - INFO - MSFT Lasso                alpha=1 RMSE=0.08842 NRMSE=1.18225 R2=-0.39772 IC=-0.35506
2026-08-02 11:11:44,323 - options_risk_engine.forecasting.volatility - INFO - MSFT Lasso PCA            alpha=0.0001 RMSE=0.09551 NRMSE=1.27701 R2=-0.63076 IC=-0.07138
2026-08-02 11:11:44,325 - options_risk_engine.forecasting.volatility - INFO - MSFT Lasso PCA            alpha=0.001 RMSE=0.09455 NRMSE=1.26416 R2=-0.59810 IC=-0.07083
2026-08-02 11:11:44,326 - options_risk_engine.forecasting.volatility - INFO - MSFT Lasso PCA            alpha=0.01 RMSE=0.08802 NRMSE=1.17691 R2=-0.38513 IC=-0.07801
2026-08-02 11:11:44,328 - options_risk_engine.forecasting.volatility - INFO - MSFT Lasso PCA            alpha=0.1 RMSE=0.08625 NRMSE=1.15323 R2=-0.32994 IC=-0.29033
2026-08-02 11:11:44,329 - options_risk_engine.forecasting.volatility - INFO - MSFT Lasso PCA            alpha=1 RMSE=0.08842 NRMSE=1.18225 R2=-0.39772 IC=-0.35506
2026-08-02 11:11:44,331 - options_risk_engine.forecasting.volatility - INFO - MSFT Random Forest        alpha=None RMSE=0.10533 NRMSE=1.40840 R2=-0.98359 IC=-0.07513
2026-08-02 11:11:44,333 - options_risk_engine.forecasting.volatility - INFO - MSFT Gradient Boosting    alpha=None RMSE=0.10121 NRMSE=1.35324 R2=-0.83126 IC=-0.06444
2026-08-02 11:11:44,335 - options_risk_engine.forecasting.volatility - INFO - MSFT HAR-RV               alpha=None RMSE=0.09716 NRMSE=1.29912 R2=-0.68770 IC=-0.13337
2026-08-02 11:11:44,336 - options_risk_engine.forecasting.volatility - INFO - MSFT GARCH                alpha=None RMSE=0.08325 NRMSE=1.11312 R2=-0.23903 IC=0.04316
2026-08-02 11:11:44,338 - options_risk_engine.forecasting.volatility - INFO - MSFT evaluation complete - best model=GARCH, alpha=nan, RMSE=0.08325, NRMSE=1.11312
2026-08-02 11:11:44,341 - options_risk_engine.forecasting.volatility - INFO - META starting model evaluation
2026-08-02 11:11:44,343 - options_risk_engine.forecasting.volatility - INFO - META has 971 usable rows and 21 features
2026-08-02 11:11:44,344 - options_risk_engine.forecasting.volatility - INFO - Creating model specifications
2026-08-02 11:11:44,344 - options_risk_engine.forecasting.volatility - INFO - Created 34 model configurations
2026-08-02 11:11:44,345 - options_risk_engine.forecasting.volatility - INFO - META walk-forward starts at row 284 with window=30, step=30, purge=32
2026-08-02 11:12:02,064 - options_risk_engine.forecasting.volatility - INFO - META completed 22 walk-forward folds
2026-08-02 11:12:02,067 - options_risk_engine.forecasting.volatility - INFO - META calculating model comparison metrics
2026-08-02 11:12:02,070 - options_risk_engine.forecasting.volatility - INFO - META Train Mean           alpha=None RMSE=0.14507 NRMSE=1.19096 R2=-0.41839 IC=-0.12845
2026-08-02 11:12:02,072 - options_risk_engine.forecasting.volatility - INFO - META RV20 Baseline        alpha=None RMSE=0.20570 NRMSE=1.68873 R2=-1.85181 IC=-0.17340
2026-08-02 11:12:02,073 - options_risk_engine.forecasting.volatility - INFO - META OLS                  alpha=None RMSE=0.20238 NRMSE=1.66146 R2=-1.76044 IC=-0.12234
2026-08-02 11:12:02,075 - options_risk_engine.forecasting.volatility - INFO - META OLS PCA              alpha=None RMSE=0.15624 NRMSE=1.28268 R2=-0.64527 IC=0.02020
2026-08-02 11:12:02,078 - options_risk_engine.forecasting.volatility - INFO - META Ridge                alpha=0.0001 RMSE=0.20235 NRMSE=1.66125 R2=-1.75975 IC=-0.12232
2026-08-02 11:12:02,080 - options_risk_engine.forecasting.volatility - INFO - META Ridge                alpha=0.001 RMSE=0.20212 NRMSE=1.65938 R2=-1.75354 IC=-0.12216
2026-08-02 11:12:02,082 - options_risk_engine.forecasting.volatility - INFO - META Ridge                alpha=0.01 RMSE=0.19996 NRMSE=1.64166 R2=-1.69504 IC=-0.12046
2026-08-02 11:12:02,084 - options_risk_engine.forecasting.volatility - INFO - META Ridge                alpha=0.1 RMSE=0.18614 NRMSE=1.52815 R2=-1.33525 IC=-0.10331
2026-08-02 11:12:02,085 - options_risk_engine.forecasting.volatility - INFO - META Ridge                alpha=1 RMSE=0.16780 NRMSE=1.37760 R2=-0.89779 IC=-0.03999
2026-08-02 11:12:02,087 - options_risk_engine.forecasting.volatility - INFO - META Ridge                alpha=10 RMSE=0.16220 NRMSE=1.33163 R2=-0.77324 IC=0.00200
2026-08-02 11:12:02,089 - options_risk_engine.forecasting.volatility - INFO - META Ridge                alpha=100 RMSE=0.14859 NRMSE=1.21988 R2=-0.48810 IC=-0.00626
2026-08-02 11:12:02,091 - options_risk_engine.forecasting.volatility - INFO - META Ridge                alpha=1000 RMSE=0.13927 NRMSE=1.14336 R2=-0.30727 IC=-0.13577
2026-08-02 11:12:02,092 - options_risk_engine.forecasting.volatility - INFO - META Ridge PCA            alpha=0.0001 RMSE=0.15624 NRMSE=1.28268 R2=-0.64527 IC=0.02020
2026-08-02 11:12:02,094 - options_risk_engine.forecasting.volatility - INFO - META Ridge PCA            alpha=0.001 RMSE=0.15624 NRMSE=1.28268 R2=-0.64527 IC=0.02020
2026-08-02 11:12:02,099 - options_risk_engine.forecasting.volatility - INFO - META Ridge PCA            alpha=0.01 RMSE=0.15624 NRMSE=1.28267 R2=-0.64524 IC=0.02020
2026-08-02 11:12:02,101 - options_risk_engine.forecasting.volatility - INFO - META Ridge PCA            alpha=0.1 RMSE=0.15622 NRMSE=1.28257 R2=-0.64498 IC=0.02017
2026-08-02 11:12:02,103 - options_risk_engine.forecasting.volatility - INFO - META Ridge PCA            alpha=1 RMSE=0.15610 NRMSE=1.28154 R2=-0.64235 IC=0.01986
2026-08-02 11:12:02,105 - options_risk_engine.forecasting.volatility - INFO - META Ridge PCA            alpha=10 RMSE=0.15492 NRMSE=1.27188 R2=-0.61769 IC=0.01678
2026-08-02 11:12:02,107 - options_risk_engine.forecasting.volatility - INFO - META Ridge PCA            alpha=100 RMSE=0.14773 NRMSE=1.21281 R2=-0.47090 IC=-0.01070
2026-08-02 11:12:02,108 - options_risk_engine.forecasting.volatility - INFO - META Ridge PCA            alpha=1000 RMSE=0.13981 NRMSE=1.14781 R2=-0.31746 IC=-0.13662
2026-08-02 11:12:02,110 - options_risk_engine.forecasting.volatility - INFO - META Lasso                alpha=0.0001 RMSE=0.18685 NRMSE=1.53402 R2=-1.35320 IC=-0.12708
2026-08-02 11:12:02,111 - options_risk_engine.forecasting.volatility - INFO - META Lasso                alpha=0.001 RMSE=0.16370 NRMSE=1.34396 R2=-0.80623 IC=0.00980
2026-08-02 11:12:02,113 - options_risk_engine.forecasting.volatility - INFO - META Lasso                alpha=0.01 RMSE=0.15531 NRMSE=1.27504 R2=-0.62573 IC=0.01042
2026-08-02 11:12:02,115 - options_risk_engine.forecasting.volatility - INFO - META Lasso                alpha=0.1 RMSE=0.14562 NRMSE=1.19553 R2=-0.42928 IC=-0.13743
2026-08-02 11:12:02,116 - options_risk_engine.forecasting.volatility - INFO - META Lasso                alpha=1 RMSE=0.14507 NRMSE=1.19096 R2=-0.41839 IC=-0.12845
2026-08-02 11:12:02,118 - options_risk_engine.forecasting.volatility - INFO - META Lasso PCA            alpha=0.0001 RMSE=0.15614 NRMSE=1.28192 R2=-0.64332 IC=0.01987
2026-08-02 11:12:02,120 - options_risk_engine.forecasting.volatility - INFO - META Lasso PCA            alpha=0.001 RMSE=0.15532 NRMSE=1.27517 R2=-0.62606 IC=0.01679
2026-08-02 11:12:02,122 - options_risk_engine.forecasting.volatility - INFO - META Lasso PCA            alpha=0.01 RMSE=0.14884 NRMSE=1.22192 R2=-0.49308 IC=-0.02273
2026-08-02 11:12:02,123 - options_risk_engine.forecasting.volatility - INFO - META Lasso PCA            alpha=0.1 RMSE=0.14774 NRMSE=1.21292 R2=-0.47117 IC=-0.26553
2026-08-02 11:12:02,125 - options_risk_engine.forecasting.volatility - INFO - META Lasso PCA            alpha=1 RMSE=0.14507 NRMSE=1.19096 R2=-0.41839 IC=-0.12845
2026-08-02 11:12:02,127 - options_risk_engine.forecasting.volatility - INFO - META Random Forest        alpha=None RMSE=0.16862 NRMSE=1.38437 R2=-0.91648 IC=-0.10037
2026-08-02 11:12:02,129 - options_risk_engine.forecasting.volatility - INFO - META Gradient Boosting    alpha=None RMSE=0.15148 NRMSE=1.24360 R2=-0.54654 IC=0.03114
2026-08-02 11:12:02,131 - options_risk_engine.forecasting.volatility - INFO - META HAR-RV               alpha=None RMSE=0.16757 NRMSE=1.37573 R2=-0.89263 IC=0.01569
2026-08-02 11:12:02,132 - options_risk_engine.forecasting.volatility - INFO - META GARCH                alpha=None RMSE=0.21776 NRMSE=1.78777 R2=-2.19612 IC=-0.01975
2026-08-02 11:12:02,134 - options_risk_engine.forecasting.volatility - INFO - META evaluation complete - best model=Ridge, alpha=1000.0, RMSE=0.13927, NRMSE=1.14336
2026-08-02 11:12:02,139 - options_risk_engine.forecasting.volatility - INFO - WMT starting model evaluation
2026-08-02 11:12:02,141 - options_risk_engine.forecasting.volatility - INFO - WMT has 971 usable rows and 21 features
2026-08-02 11:12:02,142 - options_risk_engine.forecasting.volatility - INFO - Creating model specifications
2026-08-02 11:12:02,142 - options_risk_engine.forecasting.volatility - INFO - Created 34 model configurations
2026-08-02 11:12:02,143 - options_risk_engine.forecasting.volatility - INFO - WMT walk-forward starts at row 284 with window=30, step=30, purge=32
2026-08-02 11:12:19,564 - options_risk_engine.forecasting.volatility - INFO - WMT completed 22 walk-forward folds
2026-08-02 11:12:19,569 - options_risk_engine.forecasting.volatility - INFO - WMT calculating model comparison metrics
2026-08-02 11:12:19,571 - options_risk_engine.forecasting.volatility - INFO - WMT Train Mean           alpha=None RMSE=0.07943 NRMSE=1.12322 R2=-0.26161 IC=0.23053
2026-08-02 11:12:19,573 - options_risk_engine.forecasting.volatility - INFO - WMT RV20 Baseline        alpha=None RMSE=0.09972 NRMSE=1.41001 R2=-0.98812 IC=0.16391
2026-08-02 11:12:19,575 - options_risk_engine.forecasting.volatility - INFO - WMT OLS                  alpha=None RMSE=0.10481 NRMSE=1.48210 R2=-1.19661 IC=-0.01525
2026-08-02 11:12:19,576 - options_risk_engine.forecasting.volatility - INFO - WMT OLS PCA              alpha=None RMSE=0.08305 NRMSE=1.17429 R2=-0.37896 IC=0.03277
2026-08-02 11:12:19,578 - options_risk_engine.forecasting.volatility - INFO - WMT Ridge                alpha=0.0001 RMSE=0.10481 NRMSE=1.48200 R2=-1.19631 IC=-0.01525
2026-08-02 11:12:19,580 - options_risk_engine.forecasting.volatility - INFO - WMT Ridge                alpha=0.001 RMSE=0.10474 NRMSE=1.48108 R2=-1.19360 IC=-0.01530
2026-08-02 11:12:19,582 - options_risk_engine.forecasting.volatility - INFO - WMT Ridge                alpha=0.01 RMSE=0.10413 NRMSE=1.47245 R2=-1.16811 IC=-0.01579
2026-08-02 11:12:19,584 - options_risk_engine.forecasting.volatility - INFO - WMT Ridge                alpha=0.1 RMSE=0.10027 NRMSE=1.41782 R2=-1.01022 IC=-0.01894
2026-08-02 11:12:19,586 - options_risk_engine.forecasting.volatility - INFO - WMT Ridge                alpha=1 RMSE=0.09354 NRMSE=1.32271 R2=-0.74955 IC=-0.01860
2026-08-02 11:12:19,588 - options_risk_engine.forecasting.volatility - INFO - WMT Ridge                alpha=10 RMSE=0.08761 NRMSE=1.23883 R2=-0.53469 IC=0.02083
2026-08-02 11:12:19,589 - options_risk_engine.forecasting.volatility - INFO - WMT Ridge                alpha=100 RMSE=0.08149 NRMSE=1.15225 R2=-0.32767 IC=0.07524
2026-08-02 11:12:19,591 - options_risk_engine.forecasting.volatility - INFO - WMT Ridge                alpha=1000 RMSE=0.07914 NRMSE=1.11904 R2=-0.25224 IC=0.11965
2026-08-02 11:12:19,592 - options_risk_engine.forecasting.volatility - INFO - WMT Ridge PCA            alpha=0.0001 RMSE=0.08305 NRMSE=1.17429 R2=-0.37896 IC=0.03277
2026-08-02 11:12:19,594 - options_risk_engine.forecasting.volatility - INFO - WMT Ridge PCA            alpha=0.001 RMSE=0.08305 NRMSE=1.17429 R2=-0.37896 IC=0.03277
2026-08-02 11:12:19,596 - options_risk_engine.forecasting.volatility - INFO - WMT Ridge PCA            alpha=0.01 RMSE=0.08305 NRMSE=1.17429 R2=-0.37895 IC=0.03277
2026-08-02 11:12:19,598 - options_risk_engine.forecasting.volatility - INFO - WMT Ridge PCA            alpha=0.1 RMSE=0.08304 NRMSE=1.17425 R2=-0.37887 IC=0.03281
2026-08-02 11:12:19,600 - options_risk_engine.forecasting.volatility - INFO - WMT Ridge PCA            alpha=1 RMSE=0.08302 NRMSE=1.17389 R2=-0.37801 IC=0.03316
2026-08-02 11:12:19,601 - options_risk_engine.forecasting.volatility - INFO - WMT Ridge PCA            alpha=10 RMSE=0.08278 NRMSE=1.17049 R2=-0.37005 IC=0.03654
2026-08-02 11:12:19,603 - options_risk_engine.forecasting.volatility - INFO - WMT Ridge PCA            alpha=100 RMSE=0.08141 NRMSE=1.15112 R2=-0.32509 IC=0.06005
2026-08-02 11:12:19,605 - options_risk_engine.forecasting.volatility - INFO - WMT Ridge PCA            alpha=1000 RMSE=0.07945 NRMSE=1.12342 R2=-0.26208 IC=0.11297
2026-08-02 11:12:19,607 - options_risk_engine.forecasting.volatility - INFO - WMT Lasso                alpha=0.0001 RMSE=0.09299 NRMSE=1.31489 R2=-0.72894 IC=-0.00161
2026-08-02 11:12:19,609 - options_risk_engine.forecasting.volatility - INFO - WMT Lasso                alpha=0.001 RMSE=0.08682 NRMSE=1.22763 R2=-0.50707 IC=0.01923
2026-08-02 11:12:19,611 - options_risk_engine.forecasting.volatility - INFO - WMT Lasso                alpha=0.01 RMSE=0.08319 NRMSE=1.17635 R2=-0.38381 IC=-0.06811
2026-08-02 11:12:19,612 - options_risk_engine.forecasting.volatility - INFO - WMT Lasso                alpha=0.1 RMSE=0.07943 NRMSE=1.12322 R2=-0.26161 IC=0.23053
2026-08-02 11:12:19,614 - options_risk_engine.forecasting.volatility - INFO - WMT Lasso                alpha=1 RMSE=0.07943 NRMSE=1.12322 R2=-0.26161 IC=0.23053
2026-08-02 11:12:19,615 - options_risk_engine.forecasting.volatility - INFO - WMT Lasso PCA            alpha=0.0001 RMSE=0.08296 NRMSE=1.17314 R2=-0.37626 IC=0.03384
2026-08-02 11:12:19,617 - options_risk_engine.forecasting.volatility - INFO - WMT Lasso PCA            alpha=0.001 RMSE=0.08229 NRMSE=1.16363 R2=-0.35404 IC=0.04331
2026-08-02 11:12:19,619 - options_risk_engine.forecasting.volatility - INFO - WMT Lasso PCA            alpha=0.01 RMSE=0.08131 NRMSE=1.14975 R2=-0.32193 IC=0.08996
2026-08-02 11:12:19,620 - options_risk_engine.forecasting.volatility - INFO - WMT Lasso PCA            alpha=0.1 RMSE=0.07997 NRMSE=1.13082 R2=-0.27875 IC=0.18300
2026-08-02 11:12:19,623 - options_risk_engine.forecasting.volatility - INFO - WMT Lasso PCA            alpha=1 RMSE=0.07943 NRMSE=1.12322 R2=-0.26161 IC=0.23053
2026-08-02 11:12:19,625 - options_risk_engine.forecasting.volatility - INFO - WMT Random Forest        alpha=None RMSE=0.08498 NRMSE=1.20171 R2=-0.44410 IC=-0.05939
2026-08-02 11:12:19,627 - options_risk_engine.forecasting.volatility - INFO - WMT Gradient Boosting    alpha=None RMSE=0.08816 NRMSE=1.24664 R2=-0.55410 IC=-0.08470
2026-08-02 11:12:19,628 - options_risk_engine.forecasting.volatility - INFO - WMT HAR-RV               alpha=None RMSE=0.08569 NRMSE=1.21167 R2=-0.46814 IC=-0.19010
2026-08-02 11:12:19,630 - options_risk_engine.forecasting.volatility - INFO - WMT GARCH                alpha=None RMSE=0.08412 NRMSE=1.18944 R2=-0.41477 IC=0.12353
2026-08-02 11:12:19,631 - options_risk_engine.forecasting.volatility - INFO - WMT evaluation complete - best model=Ridge, alpha=1000.0, RMSE=0.07914, NRMSE=1.11904
2026-08-02 11:12:19,636 - options_risk_engine.forecasting.volatility - INFO - GOOGL starting model evaluation
2026-08-02 11:12:19,637 - options_risk_engine.forecasting.volatility - INFO - GOOGL has 971 usable rows and 21 features
2026-08-02 11:12:19,638 - options_risk_engine.forecasting.volatility - INFO - Creating model specifications
2026-08-02 11:12:19,638 - options_risk_engine.forecasting.volatility - INFO - Created 34 model configurations
2026-08-02 11:12:19,638 - options_risk_engine.forecasting.volatility - INFO - GOOGL walk-forward starts at row 284 with window=30, step=30, purge=32
2026-08-02 11:12:38,512 - options_risk_engine.forecasting.volatility - INFO - GOOGL completed 22 walk-forward folds
2026-08-02 11:12:38,515 - options_risk_engine.forecasting.volatility - INFO - GOOGL calculating model comparison metrics
2026-08-02 11:12:38,518 - options_risk_engine.forecasting.volatility - INFO - GOOGL Train Mean           alpha=None RMSE=0.07436 NRMSE=1.07006 R2=-0.14504 IC=-0.20185
2026-08-02 11:12:38,521 - options_risk_engine.forecasting.volatility - INFO - GOOGL RV20 Baseline        alpha=None RMSE=0.11222 NRMSE=1.61476 R2=-1.60746 IC=-0.03534
2026-08-02 11:12:38,524 - options_risk_engine.forecasting.volatility - INFO - GOOGL OLS                  alpha=None RMSE=0.09815 NRMSE=1.41226 R2=-0.99448 IC=0.12447
2026-08-02 11:12:38,527 - options_risk_engine.forecasting.volatility - INFO - GOOGL OLS PCA              alpha=None RMSE=0.08116 NRMSE=1.16786 R2=-0.36389 IC=-0.01548
2026-08-02 11:12:38,529 - options_risk_engine.forecasting.volatility - INFO - GOOGL Ridge                alpha=0.0001 RMSE=0.09813 NRMSE=1.41207 R2=-0.99395 IC=0.12444
2026-08-02 11:12:38,531 - options_risk_engine.forecasting.volatility - INFO - GOOGL Ridge                alpha=0.001 RMSE=0.09802 NRMSE=1.41043 R2=-0.98930 IC=0.12419
2026-08-02 11:12:38,533 - options_risk_engine.forecasting.volatility - INFO - GOOGL Ridge                alpha=0.01 RMSE=0.09697 NRMSE=1.39539 R2=-0.94712 IC=0.12174
2026-08-02 11:12:38,536 - options_risk_engine.forecasting.volatility - INFO - GOOGL Ridge                alpha=0.1 RMSE=0.09173 NRMSE=1.31991 R2=-0.74216 IC=0.10369
2026-08-02 11:12:38,539 - options_risk_engine.forecasting.volatility - INFO - GOOGL Ridge                alpha=1 RMSE=0.08597 NRMSE=1.23709 R2=-0.53038 IC=0.07439
2026-08-02 11:12:38,542 - options_risk_engine.forecasting.volatility - INFO - GOOGL Ridge                alpha=10 RMSE=0.08158 NRMSE=1.17389 R2=-0.37801 IC=0.07840
2026-08-02 11:12:38,544 - options_risk_engine.forecasting.volatility - INFO - GOOGL Ridge                alpha=100 RMSE=0.07810 NRMSE=1.12383 R2=-0.26299 IC=0.02447
2026-08-02 11:12:38,546 - options_risk_engine.forecasting.volatility - INFO - GOOGL Ridge                alpha=1000 RMSE=0.07485 NRMSE=1.07697 R2=-0.15987 IC=-0.12187
2026-08-02 11:12:38,547 - options_risk_engine.forecasting.volatility - INFO - GOOGL Ridge PCA            alpha=0.0001 RMSE=0.08116 NRMSE=1.16786 R2=-0.36389 IC=-0.01548
2026-08-02 11:12:38,549 - options_risk_engine.forecasting.volatility - INFO - GOOGL Ridge PCA            alpha=0.001 RMSE=0.08116 NRMSE=1.16786 R2=-0.36389 IC=-0.01548
2026-08-02 11:12:38,551 - options_risk_engine.forecasting.volatility - INFO - GOOGL Ridge PCA            alpha=0.01 RMSE=0.08116 NRMSE=1.16786 R2=-0.36389 IC=-0.01548
2026-08-02 11:12:38,554 - options_risk_engine.forecasting.volatility - INFO - GOOGL Ridge PCA            alpha=0.1 RMSE=0.08116 NRMSE=1.16782 R2=-0.36381 IC=-0.01552
2026-08-02 11:12:38,557 - options_risk_engine.forecasting.volatility - INFO - GOOGL Ridge PCA            alpha=1 RMSE=0.08114 NRMSE=1.16750 R2=-0.36305 IC=-0.01589
2026-08-02 11:12:38,559 - options_risk_engine.forecasting.volatility - INFO - GOOGL Ridge PCA            alpha=10 RMSE=0.08092 NRMSE=1.16436 R2=-0.35574 IC=-0.01951
2026-08-02 11:12:38,561 - options_risk_engine.forecasting.volatility - INFO - GOOGL Ridge PCA            alpha=100 RMSE=0.07930 NRMSE=1.14106 R2=-0.30202 IC=-0.04677
2026-08-02 11:12:38,563 - options_risk_engine.forecasting.volatility - INFO - GOOGL Ridge PCA            alpha=1000 RMSE=0.07532 NRMSE=1.08377 R2=-0.17455 IC=-0.14719
2026-08-02 11:12:38,565 - options_risk_engine.forecasting.volatility - INFO - GOOGL Lasso                alpha=0.0001 RMSE=0.09202 NRMSE=1.32408 R2=-0.75318 IC=0.12169
2026-08-02 11:12:38,567 - options_risk_engine.forecasting.volatility - INFO - GOOGL Lasso                alpha=0.001 RMSE=0.08162 NRMSE=1.17443 R2=-0.37929 IC=0.07169
2026-08-02 11:12:38,568 - options_risk_engine.forecasting.volatility - INFO - GOOGL Lasso                alpha=0.01 RMSE=0.07513 NRMSE=1.08103 R2=-0.16863 IC=-0.12171
2026-08-02 11:12:38,571 - options_risk_engine.forecasting.volatility - INFO - GOOGL Lasso                alpha=0.1 RMSE=0.07436 NRMSE=1.07006 R2=-0.14504 IC=-0.20185
2026-08-02 11:12:38,573 - options_risk_engine.forecasting.volatility - INFO - GOOGL Lasso                alpha=1 RMSE=0.07436 NRMSE=1.07006 R2=-0.14504 IC=-0.20185
2026-08-02 11:12:38,575 - options_risk_engine.forecasting.volatility - INFO - GOOGL Lasso PCA            alpha=0.0001 RMSE=0.08110 NRMSE=1.16696 R2=-0.36179 IC=-0.01576
2026-08-02 11:12:38,578 - options_risk_engine.forecasting.volatility - INFO - GOOGL Lasso PCA            alpha=0.001 RMSE=0.08058 NRMSE=1.15949 R2=-0.34442 IC=-0.01884
2026-08-02 11:12:38,580 - options_risk_engine.forecasting.volatility - INFO - GOOGL Lasso PCA            alpha=0.01 RMSE=0.07663 NRMSE=1.10263 R2=-0.21579 IC=-0.06975
2026-08-02 11:12:38,582 - options_risk_engine.forecasting.volatility - INFO - GOOGL Lasso PCA            alpha=0.1 RMSE=0.07436 NRMSE=1.07006 R2=-0.14504 IC=-0.20185
2026-08-02 11:12:38,584 - options_risk_engine.forecasting.volatility - INFO - GOOGL Lasso PCA            alpha=1 RMSE=0.07436 NRMSE=1.07006 R2=-0.14504 IC=-0.20185
2026-08-02 11:12:38,587 - options_risk_engine.forecasting.volatility - INFO - GOOGL Random Forest        alpha=None RMSE=0.09434 NRMSE=1.35746 R2=-0.84270 IC=-0.18285
2026-08-02 11:12:38,589 - options_risk_engine.forecasting.volatility - INFO - GOOGL Gradient Boosting    alpha=None RMSE=0.09205 NRMSE=1.32459 R2=-0.75455 IC=-0.12775
2026-08-02 11:12:38,591 - options_risk_engine.forecasting.volatility - INFO - GOOGL HAR-RV               alpha=None RMSE=0.08313 NRMSE=1.19621 R2=-0.43092 IC=-0.17770
2026-08-02 11:12:38,593 - options_risk_engine.forecasting.volatility - INFO - GOOGL GARCH                alpha=None RMSE=0.07616 NRMSE=1.09596 R2=-0.20113 IC=-0.29409
2026-08-02 11:12:38,596 - options_risk_engine.forecasting.volatility - INFO - GOOGL evaluation complete - best model=Train Mean, alpha=nan, RMSE=0.07436, NRMSE=1.07006
2026-08-02 11:12:38,606 - options_risk_engine.forecasting.volatility - INFO - AMZN starting model evaluation
2026-08-02 11:12:38,609 - options_risk_engine.forecasting.volatility - INFO - AMZN has 971 usable rows and 21 features
2026-08-02 11:12:38,610 - options_risk_engine.forecasting.volatility - INFO - Creating model specifications
2026-08-02 11:12:38,610 - options_risk_engine.forecasting.volatility - INFO - Created 34 model configurations
2026-08-02 11:12:38,611 - options_risk_engine.forecasting.volatility - INFO - AMZN walk-forward starts at row 284 with window=30, step=30, purge=32
2026-08-02 11:12:55,550 - options_risk_engine.forecasting.volatility - INFO - AMZN completed 22 walk-forward folds
2026-08-02 11:12:55,553 - options_risk_engine.forecasting.volatility - INFO - AMZN calculating model comparison metrics
2026-08-02 11:12:55,555 - options_risk_engine.forecasting.volatility - INFO - AMZN Train Mean           alpha=None RMSE=0.09926 NRMSE=1.16814 R2=-0.36456 IC=-0.25176
2026-08-02 11:12:55,556 - options_risk_engine.forecasting.volatility - INFO - AMZN RV20 Baseline        alpha=None RMSE=0.13576 NRMSE=1.59759 R2=-1.55229 IC=-0.07732
2026-08-02 11:12:55,558 - options_risk_engine.forecasting.volatility - INFO - AMZN OLS                  alpha=None RMSE=0.11565 NRMSE=1.36093 R2=-0.85212 IC=0.09202
2026-08-02 11:12:55,560 - options_risk_engine.forecasting.volatility - INFO - AMZN OLS PCA              alpha=None RMSE=0.09816 NRMSE=1.15513 R2=-0.33432 IC=0.08226
2026-08-02 11:12:55,562 - options_risk_engine.forecasting.volatility - INFO - AMZN Ridge                alpha=0.0001 RMSE=0.11564 NRMSE=1.36089 R2=-0.85202 IC=0.09200
2026-08-02 11:12:55,564 - options_risk_engine.forecasting.volatility - INFO - AMZN Ridge                alpha=0.001 RMSE=0.11562 NRMSE=1.36057 R2=-0.85115 IC=0.09182
2026-08-02 11:12:55,565 - options_risk_engine.forecasting.volatility - INFO - AMZN Ridge                alpha=0.01 RMSE=0.11536 NRMSE=1.35750 R2=-0.84281 IC=0.09007
2026-08-02 11:12:55,567 - options_risk_engine.forecasting.volatility - INFO - AMZN Ridge                alpha=0.1 RMSE=0.11345 NRMSE=1.33510 R2=-0.78250 IC=0.07910
2026-08-02 11:12:55,569 - options_risk_engine.forecasting.volatility - INFO - AMZN Ridge                alpha=1 RMSE=0.10721 NRMSE=1.26166 R2=-0.59177 IC=0.06181
2026-08-02 11:12:55,570 - options_risk_engine.forecasting.volatility - INFO - AMZN Ridge                alpha=10 RMSE=0.10173 NRMSE=1.19716 R2=-0.43320 IC=0.05639
2026-08-02 11:12:55,572 - options_risk_engine.forecasting.volatility - INFO - AMZN Ridge                alpha=100 RMSE=0.09569 NRMSE=1.12611 R2=-0.26812 IC=0.05235
2026-08-02 11:12:55,573 - options_risk_engine.forecasting.volatility - INFO - AMZN Ridge                alpha=1000 RMSE=0.09323 NRMSE=1.09712 R2=-0.20367 IC=-0.10137
2026-08-02 11:12:55,575 - options_risk_engine.forecasting.volatility - INFO - AMZN Ridge PCA            alpha=0.0001 RMSE=0.09816 NRMSE=1.15513 R2=-0.33432 IC=0.08226
2026-08-02 11:12:55,577 - options_risk_engine.forecasting.volatility - INFO - AMZN Ridge PCA            alpha=0.001 RMSE=0.09816 NRMSE=1.15513 R2=-0.33432 IC=0.08226
2026-08-02 11:12:55,579 - options_risk_engine.forecasting.volatility - INFO - AMZN Ridge PCA            alpha=0.01 RMSE=0.09816 NRMSE=1.15512 R2=-0.33431 IC=0.08226
2026-08-02 11:12:55,581 - options_risk_engine.forecasting.volatility - INFO - AMZN Ridge PCA            alpha=0.1 RMSE=0.09815 NRMSE=1.15507 R2=-0.33418 IC=0.08224
2026-08-02 11:12:55,582 - options_risk_engine.forecasting.volatility - INFO - AMZN Ridge PCA            alpha=1 RMSE=0.09811 NRMSE=1.15453 R2=-0.33294 IC=0.08207
2026-08-02 11:12:55,584 - options_risk_engine.forecasting.volatility - INFO - AMZN Ridge PCA            alpha=10 RMSE=0.09768 NRMSE=1.14946 R2=-0.32125 IC=0.08027
2026-08-02 11:12:55,586 - options_risk_engine.forecasting.volatility - INFO - AMZN Ridge PCA            alpha=100 RMSE=0.09501 NRMSE=1.11810 R2=-0.25014 IC=0.05842
2026-08-02 11:12:55,587 - options_risk_engine.forecasting.volatility - INFO - AMZN Ridge PCA            alpha=1000 RMSE=0.09321 NRMSE=1.09690 R2=-0.20319 IC=-0.10037
2026-08-02 11:12:55,589 - options_risk_engine.forecasting.volatility - INFO - AMZN Lasso                alpha=0.0001 RMSE=0.11287 NRMSE=1.32821 R2=-0.76413 IC=0.06921
2026-08-02 11:12:55,590 - options_risk_engine.forecasting.volatility - INFO - AMZN Lasso                alpha=0.001 RMSE=0.10223 NRMSE=1.20299 R2=-0.44717 IC=0.03921
2026-08-02 11:12:55,592 - options_risk_engine.forecasting.volatility - INFO - AMZN Lasso                alpha=0.01 RMSE=0.10038 NRMSE=1.18125 R2=-0.39535 IC=-0.10457
2026-08-02 11:12:55,594 - options_risk_engine.forecasting.volatility - INFO - AMZN Lasso                alpha=0.1 RMSE=0.09926 NRMSE=1.16814 R2=-0.36456 IC=-0.25176
2026-08-02 11:12:55,595 - options_risk_engine.forecasting.volatility - INFO - AMZN Lasso                alpha=1 RMSE=0.09926 NRMSE=1.16814 R2=-0.36456 IC=-0.25176
2026-08-02 11:12:55,597 - options_risk_engine.forecasting.volatility - INFO - AMZN Lasso PCA            alpha=0.0001 RMSE=0.09812 NRMSE=1.15463 R2=-0.33317 IC=0.08120
2026-08-02 11:12:55,599 - options_risk_engine.forecasting.volatility - INFO - AMZN Lasso PCA            alpha=0.001 RMSE=0.09774 NRMSE=1.15024 R2=-0.32306 IC=0.07164
2026-08-02 11:12:55,601 - options_risk_engine.forecasting.volatility - INFO - AMZN Lasso PCA            alpha=0.01 RMSE=0.09568 NRMSE=1.12597 R2=-0.26780 IC=-0.02421
2026-08-02 11:12:55,603 - options_risk_engine.forecasting.volatility - INFO - AMZN Lasso PCA            alpha=0.1 RMSE=0.09897 NRMSE=1.16473 R2=-0.35660 IC=-0.26160
2026-08-02 11:12:55,606 - options_risk_engine.forecasting.volatility - INFO - AMZN Lasso PCA            alpha=1 RMSE=0.09926 NRMSE=1.16814 R2=-0.36456 IC=-0.25176
2026-08-02 11:12:55,608 - options_risk_engine.forecasting.volatility - INFO - AMZN Random Forest        alpha=None RMSE=0.13022 NRMSE=1.53237 R2=-1.34816 IC=-0.21254
2026-08-02 11:12:55,611 - options_risk_engine.forecasting.volatility - INFO - AMZN Gradient Boosting    alpha=None RMSE=0.13195 NRMSE=1.55276 R2=-1.41107 IC=-0.20027
2026-08-02 11:12:55,613 - options_risk_engine.forecasting.volatility - INFO - AMZN HAR-RV               alpha=None RMSE=0.10573 NRMSE=1.24425 R2=-0.54816 IC=-0.11051
2026-08-02 11:12:55,615 - options_risk_engine.forecasting.volatility - INFO - AMZN GARCH                alpha=None RMSE=0.10847 NRMSE=1.27649 R2=-0.62942 IC=-0.22516
2026-08-02 11:12:55,617 - options_risk_engine.forecasting.volatility - INFO - AMZN evaluation complete - best model=Ridge PCA, alpha=1000.0, RMSE=0.09321, NRMSE=1.09690
2026-08-02 11:12:55,622 - options_risk_engine.forecasting.volatility - INFO - HCA starting model evaluation
2026-08-02 11:12:55,625 - options_risk_engine.forecasting.volatility - INFO - HCA has 971 usable rows and 21 features
2026-08-02 11:12:55,625 - options_risk_engine.forecasting.volatility - INFO - Creating model specifications
2026-08-02 11:12:55,626 - options_risk_engine.forecasting.volatility - INFO - Created 34 model configurations
2026-08-02 11:12:55,627 - options_risk_engine.forecasting.volatility - INFO - HCA walk-forward starts at row 284 with window=30, step=30, purge=32
2026-08-02 11:13:11,967 - options_risk_engine.forecasting.volatility - INFO - HCA completed 22 walk-forward folds
2026-08-02 11:13:11,968 - options_risk_engine.forecasting.volatility - INFO - HCA calculating model comparison metrics
2026-08-02 11:13:11,970 - options_risk_engine.forecasting.volatility - INFO - HCA Train Mean           alpha=None RMSE=0.06185 NRMSE=1.02731 R2=-0.05536 IC=-0.00939
2026-08-02 11:13:11,972 - options_risk_engine.forecasting.volatility - INFO - HCA RV20 Baseline        alpha=None RMSE=0.10173 NRMSE=1.68971 R2=-1.85513 IC=-0.14081
2026-08-02 11:13:11,974 - options_risk_engine.forecasting.volatility - INFO - HCA OLS                  alpha=None RMSE=0.21718 NRMSE=3.60717 R2=-12.01169 IC=-0.12364
2026-08-02 11:13:11,975 - options_risk_engine.forecasting.volatility - INFO - HCA OLS PCA              alpha=None RMSE=0.06819 NRMSE=1.13266 R2=-0.28291 IC=-0.01169
2026-08-02 11:13:11,977 - options_risk_engine.forecasting.volatility - INFO - HCA Ridge                alpha=0.0001 RMSE=0.21700 NRMSE=3.60414 R2=-11.98983 IC=-0.12361
2026-08-02 11:13:11,979 - options_risk_engine.forecasting.volatility - INFO - HCA Ridge                alpha=0.001 RMSE=0.21537 NRMSE=3.57714 R2=-11.79595 IC=-0.12328
2026-08-02 11:13:11,980 - options_risk_engine.forecasting.volatility - INFO - HCA Ridge                alpha=0.01 RMSE=0.20064 NRMSE=3.33246 R2=-10.10532 IC=-0.12001
2026-08-02 11:13:11,982 - options_risk_engine.forecasting.volatility - INFO - HCA Ridge                alpha=0.1 RMSE=0.12889 NRMSE=2.14082 R2=-3.58310 IC=-0.08869
2026-08-02 11:13:11,984 - options_risk_engine.forecasting.volatility - INFO - HCA Ridge                alpha=1 RMSE=0.07162 NRMSE=1.18952 R2=-0.41496 IC=0.04605
2026-08-02 11:13:11,985 - options_risk_engine.forecasting.volatility - INFO - HCA Ridge                alpha=10 RMSE=0.06615 NRMSE=1.09873 R2=-0.20721 IC=0.05241
2026-08-02 11:13:11,987 - options_risk_engine.forecasting.volatility - INFO - HCA Ridge                alpha=100 RMSE=0.06632 NRMSE=1.10160 R2=-0.21353 IC=0.00063
2026-08-02 11:13:11,988 - options_risk_engine.forecasting.volatility - INFO - HCA Ridge                alpha=1000 RMSE=0.06539 NRMSE=1.08608 R2=-0.17958 IC=-0.05587
2026-08-02 11:13:11,990 - options_risk_engine.forecasting.volatility - INFO - HCA Ridge PCA            alpha=0.0001 RMSE=0.06819 NRMSE=1.13266 R2=-0.28291 IC=-0.01169
2026-08-02 11:13:11,991 - options_risk_engine.forecasting.volatility - INFO - HCA Ridge PCA            alpha=0.001 RMSE=0.06819 NRMSE=1.13266 R2=-0.28291 IC=-0.01169
2026-08-02 11:13:11,993 - options_risk_engine.forecasting.volatility - INFO - HCA Ridge PCA            alpha=0.01 RMSE=0.06819 NRMSE=1.13265 R2=-0.28291 IC=-0.01169
2026-08-02 11:13:11,995 - options_risk_engine.forecasting.volatility - INFO - HCA Ridge PCA            alpha=0.1 RMSE=0.06819 NRMSE=1.13262 R2=-0.28284 IC=-0.01169
2026-08-02 11:13:11,996 - options_risk_engine.forecasting.volatility - INFO - HCA Ridge PCA            alpha=1 RMSE=0.06817 NRMSE=1.13233 R2=-0.28216 IC=-0.01170
2026-08-02 11:13:11,998 - options_risk_engine.forecasting.volatility - INFO - HCA Ridge PCA            alpha=10 RMSE=0.06801 NRMSE=1.12953 R2=-0.27583 IC=-0.01179
2026-08-02 11:13:11,999 - options_risk_engine.forecasting.volatility - INFO - HCA Ridge PCA            alpha=100 RMSE=0.06702 NRMSE=1.11310 R2=-0.23900 IC=-0.01562
2026-08-02 11:13:12,001 - options_risk_engine.forecasting.volatility - INFO - HCA Ridge PCA            alpha=1000 RMSE=0.06548 NRMSE=1.08756 R2=-0.18278 IC=-0.05877
2026-08-02 11:13:12,002 - options_risk_engine.forecasting.volatility - INFO - HCA Lasso                alpha=0.0001 RMSE=0.15974 NRMSE=2.65317 R2=-6.03930 IC=-0.10930
2026-08-02 11:13:12,004 - options_risk_engine.forecasting.volatility - INFO - HCA Lasso                alpha=0.001 RMSE=0.06882 NRMSE=1.14311 R2=-0.30669 IC=-0.03641
2026-08-02 11:13:12,006 - options_risk_engine.forecasting.volatility - INFO - HCA Lasso                alpha=0.01 RMSE=0.06821 NRMSE=1.13295 R2=-0.28357 IC=-0.13720
2026-08-02 11:13:12,007 - options_risk_engine.forecasting.volatility - INFO - HCA Lasso                alpha=0.1 RMSE=0.06185 NRMSE=1.02731 R2=-0.05536 IC=-0.00939
2026-08-02 11:13:12,009 - options_risk_engine.forecasting.volatility - INFO - HCA Lasso                alpha=1 RMSE=0.06185 NRMSE=1.02731 R2=-0.05536 IC=-0.00939
2026-08-02 11:13:12,010 - options_risk_engine.forecasting.volatility - INFO - HCA Lasso PCA            alpha=0.0001 RMSE=0.06815 NRMSE=1.13189 R2=-0.28118 IC=-0.01299
2026-08-02 11:13:12,012 - options_risk_engine.forecasting.volatility - INFO - HCA Lasso PCA            alpha=0.001 RMSE=0.06776 NRMSE=1.12540 R2=-0.26653 IC=-0.02437
2026-08-02 11:13:12,014 - options_risk_engine.forecasting.volatility - INFO - HCA Lasso PCA            alpha=0.01 RMSE=0.06825 NRMSE=1.13353 R2=-0.28489 IC=-0.14368
2026-08-02 11:13:12,015 - options_risk_engine.forecasting.volatility - INFO - HCA Lasso PCA            alpha=0.1 RMSE=0.06269 NRMSE=1.04120 R2=-0.08409 IC=-0.03019
2026-08-02 11:13:12,017 - options_risk_engine.forecasting.volatility - INFO - HCA Lasso PCA            alpha=1 RMSE=0.06185 NRMSE=1.02731 R2=-0.05536 IC=-0.00939
2026-08-02 11:13:12,018 - options_risk_engine.forecasting.volatility - INFO - HCA Random Forest        alpha=None RMSE=0.08067 NRMSE=1.33986 R2=-0.79522 IC=-0.02708
2026-08-02 11:13:12,020 - options_risk_engine.forecasting.volatility - INFO - HCA Gradient Boosting    alpha=None RMSE=0.08209 NRMSE=1.36345 R2=-0.85900 IC=-0.06528
2026-08-02 11:13:12,021 - options_risk_engine.forecasting.volatility - INFO - HCA HAR-RV               alpha=None RMSE=0.06672 NRMSE=1.10811 R2=-0.22790 IC=-0.04266
2026-08-02 11:13:12,023 - options_risk_engine.forecasting.volatility - INFO - HCA GARCH                alpha=None RMSE=0.06575 NRMSE=1.09207 R2=-0.19261 IC=-0.08205
2026-08-02 11:13:12,024 - options_risk_engine.forecasting.volatility - INFO - HCA evaluation complete - best model=Train Mean, alpha=nan, RMSE=0.06185, NRMSE=1.02731
2026-08-02 11:13:12,037 - options_risk_engine.database - INFO - Stored 238 rows in model_evaluations
2026-08-02 11:13:12,074 - options_risk_engine.database - INFO - Stored 238 rows in model_evaluations
2026-08-02 11:13:12,478 - options_risk_engine.pricing.chains - INFO - Downloading option chains for 7 ticker objects
2026-08-02 11:13:12,481 - options_risk_engine.pricing.chains - INFO - Downloading option chain for AAPL nearest to 2026-09-16
2026-08-02 11:13:12,775 - options_risk_engine.pricing.chains - INFO - AAPL chain loaded for 2026-09-18: 93 calls and 74 puts
2026-08-02 11:13:12,776 - options_risk_engine.pricing.chains - INFO - Downloading option chain for MSFT nearest to 2026-09-16
2026-08-02 11:13:12,938 - options_risk_engine.pricing.chains - INFO - MSFT chain loaded for 2026-09-18: 90 calls and 82 puts
2026-08-02 11:13:12,939 - options_risk_engine.pricing.chains - INFO - Downloading option chain for META nearest to 2026-09-16
2026-08-02 11:13:13,125 - options_risk_engine.pricing.chains - INFO - META chain loaded for 2026-09-18: 190 calls and 146 puts
2026-08-02 11:13:13,126 - options_risk_engine.pricing.chains - INFO - Downloading option chain for WMT nearest to 2026-09-16
2026-08-02 11:13:13,355 - options_risk_engine.pricing.chains - INFO - WMT chain loaded for 2026-09-18: 34 calls and 28 puts
2026-08-02 11:13:13,356 - options_risk_engine.pricing.chains - INFO - Downloading option chain for GOOGL nearest to 2026-09-16
2026-08-02 11:13:13,542 - options_risk_engine.pricing.chains - INFO - GOOGL chain loaded for 2026-09-18: 134 calls and 98 puts
2026-08-02 11:13:13,543 - options_risk_engine.pricing.chains - INFO - Downloading option chain for AMZN nearest to 2026-09-16
2026-08-02 11:13:13,704 - options_risk_engine.pricing.chains - INFO - AMZN chain loaded for 2026-09-18: 58 calls and 52 puts
2026-08-02 11:13:13,705 - options_risk_engine.pricing.chains - INFO - Downloading option chain for HCA nearest to 2026-09-16
2026-08-02 11:13:13,909 - options_risk_engine.pricing.chains - INFO - HCA chain loaded for 2026-09-18: 73 calls and 59 puts
2026-08-02 11:13:13,910 - options_risk_engine.pricing.chains - INFO - Option-chain download complete: 7 of 7 tickers loaded
2026-08-02 11:13:13,958 - options_risk_engine.database - INFO - Stored 1211 rows in option_chain_snapshots_full
2026-08-02 11:13:13,976 - options_risk_engine.pricing.chains - INFO - Starting option pricing for 7 ticker objects
2026-08-02 11:13:13,977 - options_risk_engine.pricing.chains - INFO - AAPL beginning option-chain pricing
2026-08-02 11:13:13,980 - options_risk_engine.pricing.chains - INFO - AAPL volatility inputs - RV20: 0.3674, RV60: 0.3201, RV252: 0.2591, forecast: 0.2623
2026-08-02 11:13:14,631 - options_risk_engine.pricing.chains - INFO - AAPL implied volatility calculations complete
2026-08-02 11:13:14,637 - options_risk_engine.pricing.chains - INFO - AAPL put-call parity check: 74 matched strikes, maximum absolute error 0.0000000000
2026-08-02 11:13:14,669 - options_risk_engine.pricing.chains - INFO - AAPL pricing complete — 93 total calls, 74 total puts, 0 highlighted calls and 7 highlighted puts
2026-08-02 11:13:14,670 - options_risk_engine.pricing.chains - INFO - MSFT beginning option-chain pricing
2026-08-02 11:13:14,671 - options_risk_engine.pricing.chains - INFO - MSFT volatility inputs - RV20: 0.6016, RV60: 0.4622, RV252: 0.3193, forecast: 0.2609
2026-08-02 11:13:15,374 - options_risk_engine.pricing.chains - INFO - MSFT implied volatility calculations complete
2026-08-02 11:13:15,379 - options_risk_engine.pricing.chains - INFO - MSFT put-call parity check: 82 matched strikes, maximum absolute error 0.0000000000
2026-08-02 11:13:15,408 - options_risk_engine.pricing.chains - INFO - MSFT pricing complete — 90 total calls, 82 total puts, 0 highlighted calls and 6 highlighted puts
2026-08-02 11:13:15,408 - options_risk_engine.pricing.chains - INFO - META beginning option-chain pricing
2026-08-02 11:13:15,410 - options_risk_engine.pricing.chains - INFO - META volatility inputs - RV20: 0.5162, RV60: 0.4580, RV252: 0.3978, forecast: 0.4131
2026-08-02 11:13:16,671 - options_risk_engine.pricing.chains - INFO - META implied volatility calculations complete
2026-08-02 11:13:16,676 - options_risk_engine.pricing.chains - INFO - META put-call parity check: 130 matched strikes, maximum absolute error 0.0000000000
2026-08-02 11:13:16,705 - options_risk_engine.pricing.chains - INFO - META pricing complete — 190 total calls, 146 total puts, 0 highlighted calls and 19 highlighted puts
2026-08-02 11:13:16,705 - options_risk_engine.pricing.chains - INFO - WMT beginning option-chain pricing
2026-08-02 11:13:16,707 - options_risk_engine.pricing.chains - INFO - WMT volatility inputs - RV20: 0.2209, RV60: 0.2760, RV252: 0.2477, forecast: 0.2065
2026-08-02 11:13:16,937 - options_risk_engine.pricing.chains - INFO - WMT implied volatility calculations complete
2026-08-02 11:13:16,941 - options_risk_engine.pricing.chains - INFO - WMT put-call parity check: 28 matched strikes, maximum absolute error 0.0000000000
2026-08-02 11:13:16,969 - options_risk_engine.pricing.chains - INFO - WMT pricing complete — 34 total calls, 28 total puts, 0 highlighted calls and 2 highlighted puts
2026-08-02 11:13:16,970 - options_risk_engine.pricing.chains - INFO - GOOGL beginning option-chain pricing
2026-08-02 11:13:16,972 - options_risk_engine.pricing.chains - INFO - GOOGL volatility inputs - RV20: 0.4610, RV60: 0.3682, RV252: 0.3212, forecast: 0.3099
2026-08-02 11:13:17,868 - options_risk_engine.pricing.chains - INFO - GOOGL implied volatility calculations complete
2026-08-02 11:13:17,873 - options_risk_engine.pricing.chains - INFO - GOOGL put-call parity check: 96 matched strikes, maximum absolute error 0.0000000000
2026-08-02 11:13:17,902 - options_risk_engine.pricing.chains - INFO - GOOGL pricing complete — 134 total calls, 98 total puts, 0 highlighted calls and 12 highlighted puts
2026-08-02 11:13:17,902 - options_risk_engine.pricing.chains - INFO - AMZN beginning option-chain pricing
2026-08-02 11:13:17,904 - options_risk_engine.pricing.chains - INFO - AMZN volatility inputs - RV20: 0.6195, RV60: 0.4402, RV252: 0.3520, forecast: 0.3413
2026-08-02 11:13:18,453 - options_risk_engine.pricing.chains - INFO - AMZN implied volatility calculations complete
2026-08-02 11:13:18,458 - options_risk_engine.pricing.chains - INFO - AMZN put-call parity check: 52 matched strikes, maximum absolute error 0.0000000000
2026-08-02 11:13:18,486 - options_risk_engine.pricing.chains - INFO - AMZN pricing complete — 58 total calls, 52 total puts, 7 highlighted calls and 2 highlighted puts
2026-08-02 11:13:18,486 - options_risk_engine.pricing.chains - INFO - HCA beginning option-chain pricing
2026-08-02 11:13:18,488 - options_risk_engine.pricing.chains - INFO - HCA volatility inputs - RV20: 0.5051, RV60: 0.3752, RV252: 0.3018, forecast: 0.2788
2026-08-02 11:13:18,873 - options_risk_engine.pricing.chains - INFO - HCA implied volatility calculations complete
2026-08-02 11:13:18,877 - options_risk_engine.pricing.chains - INFO - HCA put-call parity check: 56 matched strikes, maximum absolute error 0.0000000000
2026-08-02 11:13:18,906 - options_risk_engine.pricing.chains - INFO - HCA pricing complete — 73 total calls, 59 total puts, 0 highlighted calls and 0 highlighted puts
2026-08-02 11:13:18,907 - options_risk_engine.pricing.chains - INFO - Option pricing finished — 14 full tables, 14 highlighted tables, 7 parity tables and 0 failed tickers
2026-08-02 11:13:18,918 - options_risk_engine.reporting.tables - INFO - Combined 14 option tables into 1211 rows
2026-08-02 11:13:18,920 - options_risk_engine.validation - INFO - Option-universe validation: {'rows': 1211, 'tickers': 7, 'duplicate_contract_symbols': 0, 'invalid_quotes': 417}
2026-08-02 11:13:19,596 - options_risk_engine.database - INFO - Stored 1211 rows in option_pricing_results
2026-08-02 11:13:19,705 - options_risk_engine.pricing.monte_carlo - INFO - Running 10000 Monte Carlo simulations for AAPL
2026-08-02 11:13:19,705 - options_risk_engine.pricing.monte_carlo - INFO - AAPL starting Monte Carlo simulation
2026-08-02 11:13:19,706 - options_risk_engine.pricing.monte_carlo - INFO - AAPL Monte Carlo inputs - S0: 308.91, sigma: 0.2623, T: 0.1288, steps: 34, simulations: 10000
2026-08-02 11:13:19,732 - options_risk_engine.pricing.monte_carlo - INFO - AAPL Monte Carlo simulation complete
2026-08-02 11:13:19,784 - options_risk_engine.pricing.monte_carlo - INFO - AAPL Monte Carlo profit analysis complete
2026-08-02 11:13:19,785 - options_risk_engine.pricing.monte_carlo - INFO - Running 10000 Monte Carlo simulations for MSFT
2026-08-02 11:13:19,785 - options_risk_engine.pricing.monte_carlo - INFO - MSFT starting Monte Carlo simulation
2026-08-02 11:13:19,786 - options_risk_engine.pricing.monte_carlo - INFO - MSFT Monte Carlo inputs - S0: 464.72, sigma: 0.2609, T: 0.1288, steps: 34, simulations: 10000
2026-08-02 11:13:19,802 - options_risk_engine.pricing.monte_carlo - INFO - MSFT Monte Carlo simulation complete
2026-08-02 11:13:19,854 - options_risk_engine.pricing.monte_carlo - INFO - MSFT Monte Carlo profit analysis complete
2026-08-02 11:13:19,855 - options_risk_engine.pricing.monte_carlo - INFO - Running 10000 Monte Carlo simulations for META
2026-08-02 11:13:19,855 - options_risk_engine.pricing.monte_carlo - INFO - META starting Monte Carlo simulation
2026-08-02 11:13:19,856 - options_risk_engine.pricing.monte_carlo - INFO - META Monte Carlo inputs - S0: 556.71, sigma: 0.4131, T: 0.1288, steps: 34, simulations: 10000
2026-08-02 11:13:19,884 - options_risk_engine.pricing.monte_carlo - INFO - META Monte Carlo simulation complete
2026-08-02 11:13:19,966 - options_risk_engine.pricing.monte_carlo - INFO - META Monte Carlo profit analysis complete
2026-08-02 11:13:19,967 - options_risk_engine.pricing.monte_carlo - INFO - Running 10000 Monte Carlo simulations for WMT
2026-08-02 11:13:19,967 - options_risk_engine.pricing.monte_carlo - INFO - WMT starting Monte Carlo simulation
2026-08-02 11:13:19,968 - options_risk_engine.pricing.monte_carlo - INFO - WMT Monte Carlo inputs - S0: 111.20, sigma: 0.2065, T: 0.1288, steps: 34, simulations: 10000
2026-08-02 11:13:19,980 - options_risk_engine.pricing.monte_carlo - INFO - WMT Monte Carlo simulation complete
2026-08-02 11:13:20,007 - options_risk_engine.pricing.monte_carlo - INFO - WMT Monte Carlo profit analysis complete
2026-08-02 11:13:20,007 - options_risk_engine.pricing.monte_carlo - INFO - Running 10000 Monte Carlo simulations for GOOGL
2026-08-02 11:13:20,008 - options_risk_engine.pricing.monte_carlo - INFO - GOOGL starting Monte Carlo simulation
2026-08-02 11:13:20,009 - options_risk_engine.pricing.monte_carlo - INFO - GOOGL Monte Carlo inputs - S0: 356.13, sigma: 0.3099, T: 0.1288, steps: 34, simulations: 10000
2026-08-02 11:13:20,025 - options_risk_engine.pricing.monte_carlo - INFO - GOOGL Monte Carlo simulation complete
2026-08-02 11:13:20,086 - options_risk_engine.pricing.monte_carlo - INFO - GOOGL Monte Carlo profit analysis complete
2026-08-02 11:13:20,086 - options_risk_engine.pricing.monte_carlo - INFO - Running 10000 Monte Carlo simulations for AMZN
2026-08-02 11:13:20,086 - options_risk_engine.pricing.monte_carlo - INFO - AMZN starting Monte Carlo simulation
2026-08-02 11:13:20,087 - options_risk_engine.pricing.monte_carlo - INFO - AMZN Monte Carlo inputs - S0: 271.58, sigma: 0.3413, T: 0.1288, steps: 34, simulations: 10000
2026-08-02 11:13:20,102 - options_risk_engine.pricing.monte_carlo - INFO - AMZN Monte Carlo simulation complete
2026-08-02 11:13:20,138 - options_risk_engine.pricing.monte_carlo - INFO - AMZN Monte Carlo profit analysis complete
2026-08-02 11:13:20,138 - options_risk_engine.pricing.monte_carlo - INFO - Running 10000 Monte Carlo simulations for HCA
2026-08-02 11:13:20,139 - options_risk_engine.pricing.monte_carlo - INFO - HCA starting Monte Carlo simulation
2026-08-02 11:13:20,140 - options_risk_engine.pricing.monte_carlo - INFO - HCA Monte Carlo inputs - S0: 402.59, sigma: 0.2788, T: 0.1288, steps: 34, simulations: 10000
2026-08-02 11:13:20,153 - options_risk_engine.pricing.monte_carlo - INFO - HCA Monte Carlo simulation complete
2026-08-02 11:13:20,194 - options_risk_engine.pricing.monte_carlo - INFO - HCA Monte Carlo profit analysis complete
2026-08-02 11:13:20,205 - options_risk_engine.reporting.tables - INFO - Combined 14 option tables into 1211 rows
2026-08-02 11:13:20,231 - options_risk_engine.reporting.tables - INFO - Created findings table with 52 groups
2026-08-02 11:13:20,277 - options_risk_engine.risk.portfolio - INFO - Preparing option universe for the portfolio risk engine: 1211 rows
2026-08-02 11:13:20,281 - options_risk_engine.risk.portfolio - INFO - Risk-engine input cleaned: 959 usable option rows; 252 rows removed
2026-08-02 11:13:20,285 - options_risk_engine.risk.portfolio - INFO - Created reproducible test option positions: 471 long and 488 short
2026-08-02 11:13:20,311 - options_risk_engine.risk.portfolio - INFO - Added 7 share positions; combined portfolio now contains 966 rows
2026-08-02 11:13:20,314 - options_risk_engine.risk.portfolio - INFO - Portfolio positions prepared: gross market value 17747056.90; current P&L -64853.89
2026-08-02 11:13:20,316 - options_risk_engine.risk.portfolio - INFO - Building current portfolio risk summary from 966 positions
2026-08-02 11:13:20,323 - options_risk_engine.risk.portfolio - INFO - Ticker-level risk calculated for 7 tickers
2026-08-02 11:13:20,325 - options_risk_engine.risk.portfolio - INFO - Portfolio risk summary complete: net value -695290.30; gross value 17747056.90; delta 1592.81
2026-08-02 11:13:21,154 - options_risk_engine.database - INFO - Stored 966 rows in portfolio_positions
2026-08-02 11:13:21,157 - options_risk_engine.database - INFO - Stored 8 rows in portfolio_risk
2026-08-02 11:13:21,164 - options_risk_engine.risk.scenarios - INFO - Generating 1000 random scenarios with up to 30 days forward; seed=42
2026-08-02 11:13:21,167 - options_risk_engine.risk.scenarios - INFO - Scenario generation complete: 1001 total rows including BASE
2026-08-02 11:13:21,191 - options_risk_engine.risk.scenarios - INFO - Starting scenario engine: 966 positions across 1001 scenarios
2026-08-02 11:13:21,195 - options_risk_engine.risk.scenarios - INFO - Scenario positions classified: 565 calls, 394 puts and 7 shares
2026-08-02 11:13:21,204 - options_risk_engine.risk.scenarios - INFO - Base model prices calculated for 966 positions
2026-08-02 11:13:21,206 - options_risk_engine.risk.scenarios - INFO - Revaluing scenario 1/1001: BASE
2026-08-02 11:13:21,546 - options_risk_engine.risk.scenarios - INFO - Revaluing scenario 100/1001: R0099
2026-08-02 11:13:21,902 - options_risk_engine.risk.scenarios - INFO - Revaluing scenario 200/1001: R0199
2026-08-02 11:13:22,242 - options_risk_engine.risk.scenarios - INFO - Revaluing scenario 300/1001: R0299
2026-08-02 11:13:22,582 - options_risk_engine.risk.scenarios - INFO - Revaluing scenario 400/1001: R0399
2026-08-02 11:13:22,920 - options_risk_engine.risk.scenarios - INFO - Revaluing scenario 500/1001: R0499
2026-08-02 11:13:23,255 - options_risk_engine.risk.scenarios - INFO - Revaluing scenario 600/1001: R0599
2026-08-02 11:13:23,591 - options_risk_engine.risk.scenarios - INFO - Revaluing scenario 700/1001: R0699
2026-08-02 11:13:23,927 - options_risk_engine.risk.scenarios - INFO - Revaluing scenario 800/1001: R0799
2026-08-02 11:13:24,265 - options_risk_engine.risk.scenarios - INFO - Revaluing scenario 900/1001: R0899
2026-08-02 11:13:24,601 - options_risk_engine.risk.scenarios - INFO - Revaluing scenario 1000/1001: R0999
2026-08-02 11:13:24,605 - options_risk_engine.risk.scenarios - INFO - Revaluing scenario 1001/1001: R1000
2026-08-02 11:13:24,695 - options_risk_engine.risk.scenarios - INFO - Position-level scenario results created: 966966 rows
2026-08-02 11:13:25,216 - options_risk_engine.risk.scenarios - INFO - Analysing scenario outputs: 966966 position rows, 7007 ticker rows and 1001 portfolio rows
2026-08-02 11:13:25,334 - options_risk_engine.risk.scenarios - INFO - Base scenario validation passed: portfolio P&L 0.00000000
2026-08-02 11:13:25,338 - options_risk_engine.risk.scenarios - INFO - All scenario positions were repriced successfully
2026-08-02 11:13:25,342 - options_risk_engine.risk.scenarios - INFO - Scenario distribution analysed: worst P&L -258974.50; 5th percentile -62652.47; probability of loss 56.20%
2026-08-02 11:13:25,395 - options_risk_engine.risk.scenarios - WARNING - 11 portfolio scenarios breached the 100000.00 loss limit
2026-08-02 11:13:25,395 - options_risk_engine.risk.scenarios - WARNING - 1473 ticker-scenario rows breached the 25000.00 loss limit
2026-08-02 11:13:25,396 - options_risk_engine.risk.scenarios - INFO - Scenario analysis complete; worst scenario is R0950
2026-08-02 11:13:25,803 - options_risk_engine.risk.attribution - INFO - Starting Greek P&L attribution
2026-08-02 11:13:26,297 - options_risk_engine.risk.attribution - INFO - Greek attribution accounting check passed
2026-08-02 11:13:26,298 - options_risk_engine.risk.attribution - INFO - Greek attribution completed for 966966 position-scenario rows and 1001 scenarios
2026-08-02 11:13:26,299 - options_risk_engine.risk.attribution - INFO - Starting Greek attribution analysis
2026-08-02 11:13:26,446 - options_risk_engine.risk.attribution - INFO - Scenario shocks attached to 1001 attribution rows
2026-08-02 11:13:26,448 - options_risk_engine.risk.attribution - INFO - Greek attribution accounting check passed
2026-08-02 11:13:26,594 - options_risk_engine.risk.attribution - INFO - BASE Greek attribution validation passed
2026-08-02 11:13:27,361 - options_risk_engine.risk.attribution - INFO - Greek attribution analysis completed for 1000 scenarios
2026-08-02 11:13:28,598 - options_risk_engine.validation - INFO - All risk-engine validation checks passed
2026-08-02 11:13:28,641 - options_risk_engine.database - INFO - Stored 1001 rows in scenario_definitions
2026-08-02 11:13:32,189 - options_risk_engine.database - INFO - Stored 966966 rows in scenario_position_results
2026-08-02 11:13:45,802 - options_risk_engine.database - INFO - Stored 7007 rows in scenario_ticker_results
2026-08-02 11:13:45,830 - options_risk_engine.database - INFO - Stored 1001 rows in scenario_portfolio_results
2026-08-02 11:13:50,915 - options_risk_engine.database - INFO - Stored 966966 rows in attribution_position_results
2026-08-02 11:14:12,298 - options_risk_engine.database - INFO - Stored 1001 rows in scenario_attribution
2026-08-02 11:14:12,365 - options_risk_engine.recommendations.contracts - INFO - Preparing standardised contract analysis from 1211 option rows
2026-08-02 11:14:12,413 - options_risk_engine.recommendations.contracts - INFO - Prepared 794 standardised long-one-contract positions
2026-08-02 11:14:12,453 - options_risk_engine.recommendations.contracts - INFO - All standardised contract validation checks passed
2026-08-02 11:14:12,468 - options_risk_engine.risk.scenarios - INFO - Starting scenario engine: 794 positions across 1001 scenarios
2026-08-02 11:14:12,471 - options_risk_engine.risk.scenarios - INFO - Scenario positions classified: 564 calls, 230 puts and 0 shares
2026-08-02 11:14:12,479 - options_risk_engine.risk.scenarios - INFO - Base model prices calculated for 794 positions
2026-08-02 11:14:12,479 - options_risk_engine.risk.scenarios - INFO - Revaluing scenario 1/1001: BASE
2026-08-02 11:14:12,840 - options_risk_engine.risk.scenarios - INFO - Revaluing scenario 100/1001: R0099
2026-08-02 11:14:13,180 - options_risk_engine.risk.scenarios - INFO - Revaluing scenario 200/1001: R0199
2026-08-02 11:14:13,519 - options_risk_engine.risk.scenarios - INFO - Revaluing scenario 300/1001: R0299
2026-08-02 11:14:13,857 - options_risk_engine.risk.scenarios - INFO - Revaluing scenario 400/1001: R0399
2026-08-02 11:14:14,195 - options_risk_engine.risk.scenarios - INFO - Revaluing scenario 500/1001: R0499
2026-08-02 11:14:14,533 - options_risk_engine.risk.scenarios - INFO - Revaluing scenario 600/1001: R0599
2026-08-02 11:14:14,872 - options_risk_engine.risk.scenarios - INFO - Revaluing scenario 700/1001: R0699
2026-08-02 11:14:15,208 - options_risk_engine.risk.scenarios - INFO - Revaluing scenario 800/1001: R0799
2026-08-02 11:14:15,542 - options_risk_engine.risk.scenarios - INFO - Revaluing scenario 900/1001: R0899
2026-08-02 11:14:15,878 - options_risk_engine.risk.scenarios - INFO - Revaluing scenario 1000/1001: R0999
2026-08-02 11:14:15,882 - options_risk_engine.risk.scenarios - INFO - Revaluing scenario 1001/1001: R1000
2026-08-02 11:14:15,978 - options_risk_engine.risk.scenarios - INFO - Position-level scenario results created: 794794 rows
2026-08-02 11:14:16,592 - options_risk_engine.recommendations.contracts - INFO - Attached purchase-at-ask P&L to 794794 scenario rows
2026-08-02 11:14:16,727 - options_risk_engine.recommendations.contracts - INFO - Aggregating 794794 contract-scenario rows
2026-08-02 11:14:19,267 - options_risk_engine.recommendations.contracts - INFO - Created scenario summaries for 794 contracts
2026-08-02 11:14:19,436 - options_risk_engine.recommendations.contracts - INFO - All contract scenario summary checks passed
2026-08-02 11:14:20,112 - options_risk_engine.database - INFO - Stored 794 rows in contract_scenario_summary
2026-08-02 11:14:20,117 - options_risk_engine.database - INFO - Stored 3 rows in initial_action_comparison
2026-08-02 11:30:44,566 - options_risk_engine.database - INFO - SQLite database initialised at /Users/sam/Progressive-Projects/Projects/Option Pricer N Risk Engine/data/options_risk_engine.db
2026-08-02 11:30:44,727 - options_risk_engine.data.market_data - INFO - Downloading historical data for 7 symbols
2026-08-02 11:30:45,359 - options_risk_engine.data.market_data - INFO - Historical data downloaded: 1255 rows
2026-08-02 11:30:46,985 - options_risk_engine.database - INFO - Stored 8785 rows in equity_prices
2026-08-02 11:30:47,046 - options_risk_engine.data.market_data - INFO - Feature dataset created: 1255 rows, 21 engineered features per ticker
2026-08-02 11:30:47,729 - options_risk_engine.database - INFO - Stored 1255 rows in volatility_features
2026-08-02 11:30:47,744 - options_risk_engine.forecasting.volatility - INFO - Creating model specifications
2026-08-02 11:30:47,747 - options_risk_engine.forecasting.volatility - INFO - Created 34 model configurations
2026-08-02 11:30:47,796 - options_risk_engine.forecasting.volatility - INFO - AAPL starting model evaluation
2026-08-02 11:30:47,801 - options_risk_engine.forecasting.volatility - INFO - AAPL has 971 usable rows and 21 features
2026-08-02 11:30:47,802 - options_risk_engine.forecasting.volatility - INFO - Creating model specifications
2026-08-02 11:30:47,802 - options_risk_engine.forecasting.volatility - INFO - Created 34 model configurations
2026-08-02 11:30:47,803 - options_risk_engine.forecasting.volatility - INFO - AAPL walk-forward starts at row 284 with window=30, step=30, purge=32
2026-08-02 11:30:59,025 - options_risk_engine.database - INFO - SQLite database initialised at /Users/sam/Progressive-Projects/Projects/Option Pricer N Risk Engine/data/options_risk_engine.db
2026-08-02 11:30:59,423 - options_risk_engine.data.market_data - INFO - Downloading historical data for 7 symbols
2026-08-02 11:30:59,932 - options_risk_engine.data.market_data - INFO - Historical data downloaded: 1255 rows
2026-08-02 11:31:01,855 - options_risk_engine.database - INFO - Stored 8785 rows in equity_prices
2026-08-02 11:31:01,909 - options_risk_engine.data.market_data - INFO - Feature dataset created: 1255 rows, 21 engineered features per ticker
2026-08-02 11:31:02,456 - options_risk_engine.database - INFO - Stored 1255 rows in volatility_features
2026-08-02 11:31:04,162 - options_risk_engine.forecasting.volatility - INFO - Creating model specifications
2026-08-02 11:31:04,163 - options_risk_engine.forecasting.volatility - INFO - Created 34 model configurations
2026-08-02 11:31:04,181 - options_risk_engine.forecasting.volatility - INFO - AAPL starting model evaluation
2026-08-02 11:31:04,185 - options_risk_engine.forecasting.volatility - INFO - AAPL has 971 usable rows and 21 features
2026-08-02 11:31:04,186 - options_risk_engine.forecasting.volatility - INFO - Creating model specifications
2026-08-02 11:31:04,187 - options_risk_engine.forecasting.volatility - INFO - Created 34 model configurations
2026-08-02 11:31:04,187 - options_risk_engine.forecasting.volatility - INFO - AAPL walk-forward starts at row 284 with window=30, step=30, purge=32
2026-08-02 11:31:26,474 - options_risk_engine.forecasting.volatility - INFO - AAPL completed 22 walk-forward folds
2026-08-02 11:31:26,476 - options_risk_engine.forecasting.volatility - INFO - AAPL calculating model comparison metrics
2026-08-02 11:31:26,479 - options_risk_engine.forecasting.volatility - INFO - AAPL Train Mean           alpha=None RMSE=0.10960 NRMSE=1.04761 R2=-0.09748 IC=-0.48458
2026-08-02 11:31:26,480 - options_risk_engine.forecasting.volatility - INFO - AAPL RV20 Baseline        alpha=None RMSE=0.13733 NRMSE=1.31268 R2=-0.72312 IC=0.22482
2026-08-02 11:31:26,482 - options_risk_engine.forecasting.volatility - INFO - AAPL OLS                  alpha=None RMSE=0.14282 NRMSE=1.36521 R2=-0.86379 IC=-0.02723
2026-08-02 11:31:26,484 - options_risk_engine.forecasting.volatility - INFO - AAPL OLS PCA              alpha=None RMSE=0.12644 NRMSE=1.20862 R2=-0.46075 IC=0.00080
2026-08-02 11:31:26,486 - options_risk_engine.forecasting.volatility - INFO - AAPL Ridge                alpha=0.0001 RMSE=0.14282 NRMSE=1.36520 R2=-0.86376 IC=-0.02723
2026-08-02 11:31:26,488 - options_risk_engine.forecasting.volatility - INFO - AAPL Ridge                alpha=0.001 RMSE=0.14281 NRMSE=1.36512 R2=-0.86355 IC=-0.02721
2026-08-02 11:31:26,490 - options_risk_engine.forecasting.volatility - INFO - AAPL Ridge                alpha=0.01 RMSE=0.14273 NRMSE=1.36436 R2=-0.86147 IC=-0.02704
2026-08-02 11:31:26,492 - options_risk_engine.forecasting.volatility - INFO - AAPL Ridge                alpha=0.1 RMSE=0.14201 NRMSE=1.35747 R2=-0.84274 IC=-0.02493
2026-08-02 11:31:26,494 - options_risk_engine.forecasting.volatility - INFO - AAPL Ridge                alpha=1 RMSE=0.13805 NRMSE=1.31959 R2=-0.74132 IC=-0.00726
2026-08-02 11:31:26,495 - options_risk_engine.forecasting.volatility - INFO - AAPL Ridge                alpha=10 RMSE=0.12879 NRMSE=1.23109 R2=-0.51558 IC=0.03284
2026-08-02 11:31:26,497 - options_risk_engine.forecasting.volatility - INFO - AAPL Ridge                alpha=100 RMSE=0.11727 NRMSE=1.12098 R2=-0.25659 IC=0.08764
2026-08-02 11:31:26,499 - options_risk_engine.forecasting.volatility - INFO - AAPL Ridge                alpha=1000 RMSE=0.10993 NRMSE=1.05079 R2=-0.10416 IC=0.14536
2026-08-02 11:31:26,501 - options_risk_engine.forecasting.volatility - INFO - AAPL Ridge PCA            alpha=0.0001 RMSE=0.12644 NRMSE=1.20862 R2=-0.46075 IC=0.00080
2026-08-02 11:31:26,503 - options_risk_engine.forecasting.volatility - INFO - AAPL Ridge PCA            alpha=0.001 RMSE=0.12644 NRMSE=1.20861 R2=-0.46075 IC=0.00080
2026-08-02 11:31:26,504 - options_risk_engine.forecasting.volatility - INFO - AAPL Ridge PCA            alpha=0.01 RMSE=0.12644 NRMSE=1.20860 R2=-0.46072 IC=0.00081
2026-08-02 11:31:26,506 - options_risk_engine.forecasting.volatility - INFO - AAPL Ridge PCA            alpha=0.1 RMSE=0.12643 NRMSE=1.20846 R2=-0.46038 IC=0.00091
2026-08-02 11:31:26,508 - options_risk_engine.forecasting.volatility - INFO - AAPL Ridge PCA            alpha=1 RMSE=0.12628 NRMSE=1.20711 R2=-0.45711 IC=0.00188
2026-08-02 11:31:26,509 - options_risk_engine.forecasting.volatility - INFO - AAPL Ridge PCA            alpha=10 RMSE=0.12498 NRMSE=1.19461 R2=-0.42710 IC=0.01113
2026-08-02 11:31:26,511 - options_risk_engine.forecasting.volatility - INFO - AAPL Ridge PCA            alpha=100 RMSE=0.11804 NRMSE=1.12834 R2=-0.27315 IC=0.07141
2026-08-02 11:31:26,513 - options_risk_engine.forecasting.volatility - INFO - AAPL Ridge PCA            alpha=1000 RMSE=0.11031 NRMSE=1.05443 R2=-0.11183 IC=0.14089
2026-08-02 11:31:26,514 - options_risk_engine.forecasting.volatility - INFO - AAPL Lasso                alpha=0.0001 RMSE=0.14003 NRMSE=1.33849 R2=-0.79156 IC=-0.01808
2026-08-02 11:31:26,516 - options_risk_engine.forecasting.volatility - INFO - AAPL Lasso                alpha=0.001 RMSE=0.12662 NRMSE=1.21037 R2=-0.46499 IC=0.01207
2026-08-02 11:31:26,518 - options_risk_engine.forecasting.volatility - INFO - AAPL Lasso                alpha=0.01 RMSE=0.11395 NRMSE=1.08925 R2=-0.18646 IC=0.04100
2026-08-02 11:31:26,519 - options_risk_engine.forecasting.volatility - INFO - AAPL Lasso                alpha=0.1 RMSE=0.10960 NRMSE=1.04761 R2=-0.09748 IC=-0.48458
2026-08-02 11:31:26,521 - options_risk_engine.forecasting.volatility - INFO - AAPL Lasso                alpha=1 RMSE=0.10960 NRMSE=1.04761 R2=-0.09748 IC=-0.48458
2026-08-02 11:31:26,523 - options_risk_engine.forecasting.volatility - INFO - AAPL Lasso PCA            alpha=0.0001 RMSE=0.12637 NRMSE=1.20793 R2=-0.45910 IC=0.00095
2026-08-02 11:31:26,525 - options_risk_engine.forecasting.volatility - INFO - AAPL Lasso PCA            alpha=0.001 RMSE=0.12570 NRMSE=1.20156 R2=-0.44375 IC=0.00222
2026-08-02 11:31:26,526 - options_risk_engine.forecasting.volatility - INFO - AAPL Lasso PCA            alpha=0.01 RMSE=0.11686 NRMSE=1.11705 R2=-0.24780 IC=0.06681
2026-08-02 11:31:26,528 - options_risk_engine.forecasting.volatility - INFO - AAPL Lasso PCA            alpha=0.1 RMSE=0.10562 NRMSE=1.00955 R2=-0.01919 IC=0.05694
2026-08-02 11:31:26,529 - options_risk_engine.forecasting.volatility - INFO - AAPL Lasso PCA            alpha=1 RMSE=0.10960 NRMSE=1.04761 R2=-0.09748 IC=-0.48458
2026-08-02 11:31:26,531 - options_risk_engine.forecasting.volatility - INFO - AAPL Random Forest        alpha=None RMSE=0.13723 NRMSE=1.31173 R2=-0.72064 IC=-0.04851
2026-08-02 11:31:26,533 - options_risk_engine.forecasting.volatility - INFO - AAPL Gradient Boosting    alpha=None RMSE=0.12808 NRMSE=1.22428 R2=-0.49887 IC=-0.03559
2026-08-02 11:31:26,534 - options_risk_engine.forecasting.volatility - INFO - AAPL HAR-RV               alpha=None RMSE=0.12635 NRMSE=1.20779 R2=-0.45875 IC=-0.01064
2026-08-02 11:31:26,536 - options_risk_engine.forecasting.volatility - INFO - AAPL GARCH                alpha=None RMSE=0.11599 NRMSE=1.10875 R2=-0.22932 IC=0.14355
2026-08-02 11:31:26,539 - options_risk_engine.forecasting.volatility - INFO - AAPL evaluation complete - best model=Lasso PCA, alpha=0.1, RMSE=0.10562, NRMSE=1.00955
2026-08-02 11:31:26,543 - options_risk_engine.forecasting.volatility - INFO - MSFT starting model evaluation
2026-08-02 11:31:26,546 - options_risk_engine.forecasting.volatility - INFO - MSFT has 971 usable rows and 21 features
2026-08-02 11:31:26,547 - options_risk_engine.forecasting.volatility - INFO - Creating model specifications
2026-08-02 11:31:26,547 - options_risk_engine.forecasting.volatility - INFO - Created 34 model configurations
2026-08-02 11:31:26,548 - options_risk_engine.forecasting.volatility - INFO - MSFT walk-forward starts at row 284 with window=30, step=30, purge=32
2026-08-02 11:31:43,820 - options_risk_engine.forecasting.volatility - INFO - MSFT completed 22 walk-forward folds
2026-08-02 11:31:43,822 - options_risk_engine.forecasting.volatility - INFO - MSFT calculating model comparison metrics
2026-08-02 11:31:43,824 - options_risk_engine.forecasting.volatility - INFO - MSFT Train Mean           alpha=None RMSE=0.08842 NRMSE=1.18225 R2=-0.39772 IC=-0.35506
2026-08-02 11:31:43,825 - options_risk_engine.forecasting.volatility - INFO - MSFT RV20 Baseline        alpha=None RMSE=0.10463 NRMSE=1.39906 R2=-0.95737 IC=0.12329
2026-08-02 11:31:43,828 - options_risk_engine.forecasting.volatility - INFO - MSFT OLS                  alpha=None RMSE=0.09843 NRMSE=1.31606 R2=-0.73203 IC=-0.01404
2026-08-02 11:31:43,830 - options_risk_engine.forecasting.volatility - INFO - MSFT OLS PCA              alpha=None RMSE=0.09562 NRMSE=1.27859 R2=-0.63480 IC=-0.07146
2026-08-02 11:31:43,832 - options_risk_engine.forecasting.volatility - INFO - MSFT Ridge                alpha=0.0001 RMSE=0.09843 NRMSE=1.31606 R2=-0.73203 IC=-0.01407
2026-08-02 11:31:43,834 - options_risk_engine.forecasting.volatility - INFO - MSFT Ridge                alpha=0.001 RMSE=0.09843 NRMSE=1.31606 R2=-0.73202 IC=-0.01431
2026-08-02 11:31:43,836 - options_risk_engine.forecasting.volatility - INFO - MSFT Ridge                alpha=0.01 RMSE=0.09842 NRMSE=1.31602 R2=-0.73191 IC=-0.01656
2026-08-02 11:31:43,837 - options_risk_engine.forecasting.volatility - INFO - MSFT Ridge                alpha=0.1 RMSE=0.09836 NRMSE=1.31518 R2=-0.72971 IC=-0.03094
2026-08-02 11:31:43,839 - options_risk_engine.forecasting.volatility - INFO - MSFT Ridge                alpha=1 RMSE=0.09780 NRMSE=1.30775 R2=-0.71020 IC=-0.05072
2026-08-02 11:31:43,841 - options_risk_engine.forecasting.volatility - INFO - MSFT Ridge                alpha=10 RMSE=0.09637 NRMSE=1.28861 R2=-0.66052 IC=-0.05241
2026-08-02 11:31:43,843 - options_risk_engine.forecasting.volatility - INFO - MSFT Ridge                alpha=100 RMSE=0.09140 NRMSE=1.22216 R2=-0.49368 IC=-0.03740
2026-08-02 11:31:43,845 - options_risk_engine.forecasting.volatility - INFO - MSFT Ridge                alpha=1000 RMSE=0.08417 NRMSE=1.12539 R2=-0.26651 IC=-0.03361
2026-08-02 11:31:43,847 - options_risk_engine.forecasting.volatility - INFO - MSFT Ridge PCA            alpha=0.0001 RMSE=0.09562 NRMSE=1.27859 R2=-0.63480 IC=-0.07146
2026-08-02 11:31:43,849 - options_risk_engine.forecasting.volatility - INFO - MSFT Ridge PCA            alpha=0.001 RMSE=0.09562 NRMSE=1.27859 R2=-0.63480 IC=-0.07146
2026-08-02 11:31:43,851 - options_risk_engine.forecasting.volatility - INFO - MSFT Ridge PCA            alpha=0.01 RMSE=0.09562 NRMSE=1.27858 R2=-0.63478 IC=-0.07145
2026-08-02 11:31:43,852 - options_risk_engine.forecasting.volatility - INFO - MSFT Ridge PCA            alpha=0.1 RMSE=0.09562 NRMSE=1.27850 R2=-0.63455 IC=-0.07142
2026-08-02 11:31:43,854 - options_risk_engine.forecasting.volatility - INFO - MSFT Ridge PCA            alpha=1 RMSE=0.09555 NRMSE=1.27761 R2=-0.63228 IC=-0.07109
2026-08-02 11:31:43,856 - options_risk_engine.forecasting.volatility - INFO - MSFT Ridge PCA            alpha=10 RMSE=0.09492 NRMSE=1.26924 R2=-0.61096 IC=-0.06792
2026-08-02 11:31:43,858 - options_risk_engine.forecasting.volatility - INFO - MSFT Ridge PCA            alpha=100 RMSE=0.09097 NRMSE=1.21631 R2=-0.47942 IC=-0.04783
2026-08-02 11:31:43,859 - options_risk_engine.forecasting.volatility - INFO - MSFT Ridge PCA            alpha=1000 RMSE=0.08422 NRMSE=1.12610 R2=-0.26810 IC=-0.03965
2026-08-02 11:31:43,861 - options_risk_engine.forecasting.volatility - INFO - MSFT Lasso                alpha=0.0001 RMSE=0.09819 NRMSE=1.31289 R2=-0.72367 IC=-0.03737
2026-08-02 11:31:43,863 - options_risk_engine.forecasting.volatility - INFO - MSFT Lasso                alpha=0.001 RMSE=0.09536 NRMSE=1.27508 R2=-0.62582 IC=-0.08360
2026-08-02 11:31:43,865 - options_risk_engine.forecasting.volatility - INFO - MSFT Lasso                alpha=0.01 RMSE=0.08695 NRMSE=1.16263 R2=-0.35170 IC=-0.11585
2026-08-02 11:31:43,867 - options_risk_engine.forecasting.volatility - INFO - MSFT Lasso                alpha=0.1 RMSE=0.08842 NRMSE=1.18225 R2=-0.39772 IC=-0.35506
2026-08-02 11:31:43,869 - options_risk_engine.forecasting.volatility - INFO - MSFT Lasso                alpha=1 RMSE=0.08842 NRMSE=1.18225 R2=-0.39772 IC=-0.35506
2026-08-02 11:31:43,871 - options_risk_engine.forecasting.volatility - INFO - MSFT Lasso PCA            alpha=0.0001 RMSE=0.09551 NRMSE=1.27701 R2=-0.63076 IC=-0.07138
2026-08-02 11:31:43,872 - options_risk_engine.forecasting.volatility - INFO - MSFT Lasso PCA            alpha=0.001 RMSE=0.09455 NRMSE=1.26416 R2=-0.59811 IC=-0.07083
2026-08-02 11:31:43,875 - options_risk_engine.forecasting.volatility - INFO - MSFT Lasso PCA            alpha=0.01 RMSE=0.08802 NRMSE=1.17691 R2=-0.38513 IC=-0.07801
2026-08-02 11:31:43,877 - options_risk_engine.forecasting.volatility - INFO - MSFT Lasso PCA            alpha=0.1 RMSE=0.08625 NRMSE=1.15323 R2=-0.32995 IC=-0.29033
2026-08-02 11:31:43,878 - options_risk_engine.forecasting.volatility - INFO - MSFT Lasso PCA            alpha=1 RMSE=0.08842 NRMSE=1.18225 R2=-0.39772 IC=-0.35506
2026-08-02 11:31:43,880 - options_risk_engine.forecasting.volatility - INFO - MSFT Random Forest        alpha=None RMSE=0.10497 NRMSE=1.40353 R2=-0.96988 IC=-0.07105
2026-08-02 11:31:43,882 - options_risk_engine.forecasting.volatility - INFO - MSFT Gradient Boosting    alpha=None RMSE=0.10098 NRMSE=1.35016 R2=-0.82293 IC=-0.06593
2026-08-02 11:31:43,883 - options_risk_engine.forecasting.volatility - INFO - MSFT HAR-RV               alpha=None RMSE=0.09716 NRMSE=1.29912 R2=-0.68770 IC=-0.13337
2026-08-02 11:31:43,885 - options_risk_engine.forecasting.volatility - INFO - MSFT GARCH                alpha=None RMSE=0.08325 NRMSE=1.11313 R2=-0.23905 IC=0.04316
2026-08-02 11:31:43,886 - options_risk_engine.forecasting.volatility - INFO - MSFT evaluation complete - best model=GARCH, alpha=nan, RMSE=0.08325, NRMSE=1.11313
2026-08-02 11:31:43,890 - options_risk_engine.forecasting.volatility - INFO - META starting model evaluation
2026-08-02 11:31:43,892 - options_risk_engine.forecasting.volatility - INFO - META has 971 usable rows and 21 features
2026-08-02 11:31:43,893 - options_risk_engine.forecasting.volatility - INFO - Creating model specifications
2026-08-02 11:31:43,893 - options_risk_engine.forecasting.volatility - INFO - Created 34 model configurations
2026-08-02 11:31:43,894 - options_risk_engine.forecasting.volatility - INFO - META walk-forward starts at row 284 with window=30, step=30, purge=32
2026-08-02 11:32:04,751 - options_risk_engine.forecasting.volatility - INFO - META completed 22 walk-forward folds
2026-08-02 11:32:04,754 - options_risk_engine.forecasting.volatility - INFO - META calculating model comparison metrics
2026-08-02 11:32:04,757 - options_risk_engine.forecasting.volatility - INFO - META Train Mean           alpha=None RMSE=0.14507 NRMSE=1.19096 R2=-0.41839 IC=-0.12845
2026-08-02 11:32:04,760 - options_risk_engine.forecasting.volatility - INFO - META RV20 Baseline        alpha=None RMSE=0.20570 NRMSE=1.68873 R2=-1.85181 IC=-0.17340
2026-08-02 11:32:04,763 - options_risk_engine.forecasting.volatility - INFO - META OLS                  alpha=None RMSE=0.20237 NRMSE=1.66144 R2=-1.76037 IC=-0.12235
2026-08-02 11:32:04,766 - options_risk_engine.forecasting.volatility - INFO - META OLS PCA              alpha=None RMSE=0.15624 NRMSE=1.28268 R2=-0.64527 IC=0.02020
2026-08-02 11:32:04,768 - options_risk_engine.forecasting.volatility - INFO - META Ridge                alpha=0.0001 RMSE=0.20235 NRMSE=1.66123 R2=-1.75967 IC=-0.12233
2026-08-02 11:32:04,769 - options_risk_engine.forecasting.volatility - INFO - META Ridge                alpha=0.001 RMSE=0.20212 NRMSE=1.65936 R2=-1.75346 IC=-0.12216
2026-08-02 11:32:04,773 - options_risk_engine.forecasting.volatility - INFO - META Ridge                alpha=0.01 RMSE=0.19996 NRMSE=1.64164 R2=-1.69497 IC=-0.12047
2026-08-02 11:32:04,775 - options_risk_engine.forecasting.volatility - INFO - META Ridge                alpha=0.1 RMSE=0.18614 NRMSE=1.52813 R2=-1.33520 IC=-0.10331
2026-08-02 11:32:04,777 - options_risk_engine.forecasting.volatility - INFO - META Ridge                alpha=1 RMSE=0.16780 NRMSE=1.37760 R2=-0.89778 IC=-0.04000
2026-08-02 11:32:04,780 - options_risk_engine.forecasting.volatility - INFO - META Ridge                alpha=10 RMSE=0.16220 NRMSE=1.33163 R2=-0.77324 IC=0.00200
2026-08-02 11:32:04,783 - options_risk_engine.forecasting.volatility - INFO - META Ridge                alpha=100 RMSE=0.14859 NRMSE=1.21988 R2=-0.48810 IC=-0.00626
2026-08-02 11:32:04,786 - options_risk_engine.forecasting.volatility - INFO - META Ridge                alpha=1000 RMSE=0.13927 NRMSE=1.14336 R2=-0.30727 IC=-0.13577
2026-08-02 11:32:04,789 - options_risk_engine.forecasting.volatility - INFO - META Ridge PCA            alpha=0.0001 RMSE=0.15624 NRMSE=1.28268 R2=-0.64527 IC=0.02020
2026-08-02 11:32:04,792 - options_risk_engine.forecasting.volatility - INFO - META Ridge PCA            alpha=0.001 RMSE=0.15624 NRMSE=1.28268 R2=-0.64527 IC=0.02020
2026-08-02 11:32:04,794 - options_risk_engine.forecasting.volatility - INFO - META Ridge PCA            alpha=0.01 RMSE=0.15624 NRMSE=1.28267 R2=-0.64524 IC=0.02020
2026-08-02 11:32:04,797 - options_risk_engine.forecasting.volatility - INFO - META Ridge PCA            alpha=0.1 RMSE=0.15622 NRMSE=1.28257 R2=-0.64498 IC=0.02017
2026-08-02 11:32:04,799 - options_risk_engine.forecasting.volatility - INFO - META Ridge PCA            alpha=1 RMSE=0.15610 NRMSE=1.28154 R2=-0.64235 IC=0.01986
2026-08-02 11:32:04,801 - options_risk_engine.forecasting.volatility - INFO - META Ridge PCA            alpha=10 RMSE=0.15492 NRMSE=1.27188 R2=-0.61769 IC=0.01678
2026-08-02 11:32:04,804 - options_risk_engine.forecasting.volatility - INFO - META Ridge PCA            alpha=100 RMSE=0.14773 NRMSE=1.21281 R2=-0.47090 IC=-0.01070
2026-08-02 11:32:04,805 - options_risk_engine.forecasting.volatility - INFO - META Ridge PCA            alpha=1000 RMSE=0.13981 NRMSE=1.14781 R2=-0.31746 IC=-0.13662
2026-08-02 11:32:04,808 - options_risk_engine.forecasting.volatility - INFO - META Lasso                alpha=0.0001 RMSE=0.18685 NRMSE=1.53399 R2=-1.35314 IC=-0.12709
2026-08-02 11:32:04,810 - options_risk_engine.forecasting.volatility - INFO - META Lasso                alpha=0.001 RMSE=0.16370 NRMSE=1.34396 R2=-0.80623 IC=0.00980
2026-08-02 11:32:04,811 - options_risk_engine.forecasting.volatility - INFO - META Lasso                alpha=0.01 RMSE=0.15531 NRMSE=1.27504 R2=-0.62573 IC=0.01041
2026-08-02 11:32:04,814 - options_risk_engine.forecasting.volatility - INFO - META Lasso                alpha=0.1 RMSE=0.14562 NRMSE=1.19553 R2=-0.42928 IC=-0.13743
2026-08-02 11:32:04,816 - options_risk_engine.forecasting.volatility - INFO - META Lasso                alpha=1 RMSE=0.14507 NRMSE=1.19096 R2=-0.41839 IC=-0.12845
2026-08-02 11:32:04,819 - options_risk_engine.forecasting.volatility - INFO - META Lasso PCA            alpha=0.0001 RMSE=0.15615 NRMSE=1.28192 R2=-0.64331 IC=0.01987
2026-08-02 11:32:04,821 - options_risk_engine.forecasting.volatility - INFO - META Lasso PCA            alpha=0.001 RMSE=0.15532 NRMSE=1.27517 R2=-0.62606 IC=0.01679
2026-08-02 11:32:04,823 - options_risk_engine.forecasting.volatility - INFO - META Lasso PCA            alpha=0.01 RMSE=0.14884 NRMSE=1.22192 R2=-0.49308 IC=-0.02273
2026-08-02 11:32:04,825 - options_risk_engine.forecasting.volatility - INFO - META Lasso PCA            alpha=0.1 RMSE=0.14774 NRMSE=1.21292 R2=-0.47117 IC=-0.26553
2026-08-02 11:32:04,827 - options_risk_engine.forecasting.volatility - INFO - META Lasso PCA            alpha=1 RMSE=0.14507 NRMSE=1.19096 R2=-0.41839 IC=-0.12845
2026-08-02 11:32:04,830 - options_risk_engine.forecasting.volatility - INFO - META Random Forest        alpha=None RMSE=0.16866 NRMSE=1.38470 R2=-0.91738 IC=-0.09888
2026-08-02 11:32:04,832 - options_risk_engine.forecasting.volatility - INFO - META Gradient Boosting    alpha=None RMSE=0.15070 NRMSE=1.23725 R2=-0.53079 IC=0.02976
2026-08-02 11:32:04,834 - options_risk_engine.forecasting.volatility - INFO - META HAR-RV               alpha=None RMSE=0.16757 NRMSE=1.37573 R2=-0.89262 IC=0.01569
2026-08-02 11:32:04,835 - options_risk_engine.forecasting.volatility - INFO - META GARCH                alpha=None RMSE=0.21776 NRMSE=1.78776 R2=-2.19609 IC=-0.01975
2026-08-02 11:32:04,837 - options_risk_engine.forecasting.volatility - INFO - META evaluation complete - best model=Ridge, alpha=1000.0, RMSE=0.13927, NRMSE=1.14336
2026-08-02 11:32:04,843 - options_risk_engine.forecasting.volatility - INFO - WMT starting model evaluation
2026-08-02 11:32:04,845 - options_risk_engine.forecasting.volatility - INFO - WMT has 971 usable rows and 21 features
2026-08-02 11:32:04,845 - options_risk_engine.forecasting.volatility - INFO - Creating model specifications
2026-08-02 11:32:04,846 - options_risk_engine.forecasting.volatility - INFO - Created 34 model configurations
2026-08-02 11:32:04,847 - options_risk_engine.forecasting.volatility - INFO - WMT walk-forward starts at row 284 with window=30, step=30, purge=32
2026-08-02 11:32:26,997 - options_risk_engine.forecasting.volatility - INFO - WMT completed 22 walk-forward folds
2026-08-02 11:32:26,999 - options_risk_engine.forecasting.volatility - INFO - WMT calculating model comparison metrics
2026-08-02 11:32:27,001 - options_risk_engine.forecasting.volatility - INFO - WMT Train Mean           alpha=None RMSE=0.07943 NRMSE=1.12322 R2=-0.26161 IC=0.23053
2026-08-02 11:32:27,005 - options_risk_engine.forecasting.volatility - INFO - WMT RV20 Baseline        alpha=None RMSE=0.09972 NRMSE=1.41001 R2=-0.98812 IC=0.16391
2026-08-02 11:32:27,007 - options_risk_engine.forecasting.volatility - INFO - WMT OLS                  alpha=None RMSE=0.10481 NRMSE=1.48210 R2=-1.19662 IC=-0.01525
2026-08-02 11:32:27,011 - options_risk_engine.forecasting.volatility - INFO - WMT OLS PCA              alpha=None RMSE=0.08305 NRMSE=1.17429 R2=-0.37896 IC=0.03277
2026-08-02 11:32:27,012 - options_risk_engine.forecasting.volatility - INFO - WMT Ridge                alpha=0.0001 RMSE=0.10481 NRMSE=1.48200 R2=-1.19632 IC=-0.01526
2026-08-02 11:32:27,015 - options_risk_engine.forecasting.volatility - INFO - WMT Ridge                alpha=0.001 RMSE=0.10474 NRMSE=1.48108 R2=-1.19361 IC=-0.01531
2026-08-02 11:32:27,017 - options_risk_engine.forecasting.volatility - INFO - WMT Ridge                alpha=0.01 RMSE=0.10413 NRMSE=1.47245 R2=-1.16812 IC=-0.01579
2026-08-02 11:32:27,019 - options_risk_engine.forecasting.volatility - INFO - WMT Ridge                alpha=0.1 RMSE=0.10027 NRMSE=1.41783 R2=-1.01023 IC=-0.01895
2026-08-02 11:32:27,021 - options_risk_engine.forecasting.volatility - INFO - WMT Ridge                alpha=1 RMSE=0.09354 NRMSE=1.32271 R2=-0.74956 IC=-0.01860
2026-08-02 11:32:27,024 - options_risk_engine.forecasting.volatility - INFO - WMT Ridge                alpha=10 RMSE=0.08761 NRMSE=1.23883 R2=-0.53470 IC=0.02083
2026-08-02 11:32:27,027 - options_risk_engine.forecasting.volatility - INFO - WMT Ridge                alpha=100 RMSE=0.08149 NRMSE=1.15225 R2=-0.32767 IC=0.07524
2026-08-02 11:32:27,030 - options_risk_engine.forecasting.volatility - INFO - WMT Ridge                alpha=1000 RMSE=0.07914 NRMSE=1.11904 R2=-0.25224 IC=0.11965
2026-08-02 11:32:27,031 - options_risk_engine.forecasting.volatility - INFO - WMT Ridge PCA            alpha=0.0001 RMSE=0.08305 NRMSE=1.17429 R2=-0.37896 IC=0.03277
2026-08-02 11:32:27,034 - options_risk_engine.forecasting.volatility - INFO - WMT Ridge PCA            alpha=0.001 RMSE=0.08305 NRMSE=1.17429 R2=-0.37896 IC=0.03277
2026-08-02 11:32:27,036 - options_risk_engine.forecasting.volatility - INFO - WMT Ridge PCA            alpha=0.01 RMSE=0.08305 NRMSE=1.17429 R2=-0.37895 IC=0.03277
2026-08-02 11:32:27,037 - options_risk_engine.forecasting.volatility - INFO - WMT Ridge PCA            alpha=0.1 RMSE=0.08304 NRMSE=1.17425 R2=-0.37887 IC=0.03281
2026-08-02 11:32:27,039 - options_risk_engine.forecasting.volatility - INFO - WMT Ridge PCA            alpha=1 RMSE=0.08302 NRMSE=1.17389 R2=-0.37801 IC=0.03316
2026-08-02 11:32:27,041 - options_risk_engine.forecasting.volatility - INFO - WMT Ridge PCA            alpha=10 RMSE=0.08278 NRMSE=1.17049 R2=-0.37005 IC=0.03654
2026-08-02 11:32:27,042 - options_risk_engine.forecasting.volatility - INFO - WMT Ridge PCA            alpha=100 RMSE=0.08141 NRMSE=1.15112 R2=-0.32509 IC=0.06005
2026-08-02 11:32:27,045 - options_risk_engine.forecasting.volatility - INFO - WMT Ridge PCA            alpha=1000 RMSE=0.07945 NRMSE=1.12342 R2=-0.26207 IC=0.11297
2026-08-02 11:32:27,046 - options_risk_engine.forecasting.volatility - INFO - WMT Lasso                alpha=0.0001 RMSE=0.09299 NRMSE=1.31489 R2=-0.72894 IC=-0.00161
2026-08-02 11:32:27,048 - options_risk_engine.forecasting.volatility - INFO - WMT Lasso                alpha=0.001 RMSE=0.08682 NRMSE=1.22763 R2=-0.50708 IC=0.01923
2026-08-02 11:32:27,050 - options_risk_engine.forecasting.volatility - INFO - WMT Lasso                alpha=0.01 RMSE=0.08319 NRMSE=1.17635 R2=-0.38381 IC=-0.06812
2026-08-02 11:32:27,052 - options_risk_engine.forecasting.volatility - INFO - WMT Lasso                alpha=0.1 RMSE=0.07943 NRMSE=1.12322 R2=-0.26161 IC=0.23053
2026-08-02 11:32:27,054 - options_risk_engine.forecasting.volatility - INFO - WMT Lasso                alpha=1 RMSE=0.07943 NRMSE=1.12322 R2=-0.26161 IC=0.23053
2026-08-02 11:32:27,056 - options_risk_engine.forecasting.volatility - INFO - WMT Lasso PCA            alpha=0.0001 RMSE=0.08296 NRMSE=1.17314 R2=-0.37626 IC=0.03383
2026-08-02 11:32:27,057 - options_risk_engine.forecasting.volatility - INFO - WMT Lasso PCA            alpha=0.001 RMSE=0.08229 NRMSE=1.16363 R2=-0.35405 IC=0.04331
2026-08-02 11:32:27,059 - options_risk_engine.forecasting.volatility - INFO - WMT Lasso PCA            alpha=0.01 RMSE=0.08131 NRMSE=1.14975 R2=-0.32193 IC=0.08996
2026-08-02 11:32:27,061 - options_risk_engine.forecasting.volatility - INFO - WMT Lasso PCA            alpha=0.1 RMSE=0.07997 NRMSE=1.13082 R2=-0.27875 IC=0.18300
2026-08-02 11:32:27,064 - options_risk_engine.forecasting.volatility - INFO - WMT Lasso PCA            alpha=1 RMSE=0.07943 NRMSE=1.12322 R2=-0.26161 IC=0.23053
2026-08-02 11:32:27,066 - options_risk_engine.forecasting.volatility - INFO - WMT Random Forest        alpha=None RMSE=0.08557 NRMSE=1.20998 R2=-0.46406 IC=-0.07496
2026-08-02 11:32:27,068 - options_risk_engine.forecasting.volatility - INFO - WMT Gradient Boosting    alpha=None RMSE=0.08831 NRMSE=1.24878 R2=-0.55945 IC=-0.08730
2026-08-02 11:32:27,070 - options_risk_engine.forecasting.volatility - INFO - WMT HAR-RV               alpha=None RMSE=0.08569 NRMSE=1.21167 R2=-0.46814 IC=-0.19011
2026-08-02 11:32:27,073 - options_risk_engine.forecasting.volatility - INFO - WMT GARCH                alpha=None RMSE=0.08412 NRMSE=1.18943 R2=-0.41475 IC=0.12353
2026-08-02 11:32:27,074 - options_risk_engine.forecasting.volatility - INFO - WMT evaluation complete - best model=Ridge, alpha=1000.0, RMSE=0.07914, NRMSE=1.11904
2026-08-02 11:32:27,079 - options_risk_engine.forecasting.volatility - INFO - GOOGL starting model evaluation
2026-08-02 11:32:27,081 - options_risk_engine.forecasting.volatility - INFO - GOOGL has 971 usable rows and 21 features
2026-08-02 11:32:27,081 - options_risk_engine.forecasting.volatility - INFO - Creating model specifications
2026-08-02 11:32:27,081 - options_risk_engine.forecasting.volatility - INFO - Created 34 model configurations
2026-08-02 11:32:27,082 - options_risk_engine.forecasting.volatility - INFO - GOOGL walk-forward starts at row 284 with window=30, step=30, purge=32
2026-08-02 11:32:48,692 - options_risk_engine.forecasting.volatility - INFO - GOOGL completed 22 walk-forward folds
2026-08-02 11:32:48,693 - options_risk_engine.forecasting.volatility - INFO - GOOGL calculating model comparison metrics
2026-08-02 11:32:48,696 - options_risk_engine.forecasting.volatility - INFO - GOOGL Train Mean           alpha=None RMSE=0.07436 NRMSE=1.07006 R2=-0.14504 IC=-0.20185
2026-08-02 11:32:48,698 - options_risk_engine.forecasting.volatility - INFO - GOOGL RV20 Baseline        alpha=None RMSE=0.11222 NRMSE=1.61476 R2=-1.60746 IC=-0.03534
2026-08-02 11:32:48,700 - options_risk_engine.forecasting.volatility - INFO - GOOGL OLS                  alpha=None RMSE=0.09815 NRMSE=1.41226 R2=-0.99448 IC=0.12447
2026-08-02 11:32:48,702 - options_risk_engine.forecasting.volatility - INFO - GOOGL OLS PCA              alpha=None RMSE=0.08116 NRMSE=1.16786 R2=-0.36390 IC=-0.01548
2026-08-02 11:32:48,704 - options_risk_engine.forecasting.volatility - INFO - GOOGL Ridge                alpha=0.0001 RMSE=0.09813 NRMSE=1.41208 R2=-0.99396 IC=0.12444
2026-08-02 11:32:48,706 - options_risk_engine.forecasting.volatility - INFO - GOOGL Ridge                alpha=0.001 RMSE=0.09802 NRMSE=1.41043 R2=-0.98931 IC=0.12419
2026-08-02 11:32:48,707 - options_risk_engine.forecasting.volatility - INFO - GOOGL Ridge                alpha=0.01 RMSE=0.09697 NRMSE=1.39539 R2=-0.94713 IC=0.12174
2026-08-02 11:32:48,709 - options_risk_engine.forecasting.volatility - INFO - GOOGL Ridge                alpha=0.1 RMSE=0.09173 NRMSE=1.31991 R2=-0.74216 IC=0.10369
2026-08-02 11:32:48,711 - options_risk_engine.forecasting.volatility - INFO - GOOGL Ridge                alpha=1 RMSE=0.08597 NRMSE=1.23709 R2=-0.53038 IC=0.07439
2026-08-02 11:32:48,713 - options_risk_engine.forecasting.volatility - INFO - GOOGL Ridge                alpha=10 RMSE=0.08158 NRMSE=1.17389 R2=-0.37801 IC=0.07840
2026-08-02 11:32:48,714 - options_risk_engine.forecasting.volatility - INFO - GOOGL Ridge                alpha=100 RMSE=0.07810 NRMSE=1.12383 R2=-0.26299 IC=0.02447
2026-08-02 11:32:48,716 - options_risk_engine.forecasting.volatility - INFO - GOOGL Ridge                alpha=1000 RMSE=0.07485 NRMSE=1.07697 R2=-0.15988 IC=-0.12187
2026-08-02 11:32:48,718 - options_risk_engine.forecasting.volatility - INFO - GOOGL Ridge PCA            alpha=0.0001 RMSE=0.08116 NRMSE=1.16786 R2=-0.36390 IC=-0.01548
2026-08-02 11:32:48,720 - options_risk_engine.forecasting.volatility - INFO - GOOGL Ridge PCA            alpha=0.001 RMSE=0.08116 NRMSE=1.16786 R2=-0.36390 IC=-0.01548
2026-08-02 11:32:48,721 - options_risk_engine.forecasting.volatility - INFO - GOOGL Ridge PCA            alpha=0.01 RMSE=0.08116 NRMSE=1.16786 R2=-0.36389 IC=-0.01548
2026-08-02 11:32:48,723 - options_risk_engine.forecasting.volatility - INFO - GOOGL Ridge PCA            alpha=0.1 RMSE=0.08116 NRMSE=1.16782 R2=-0.36381 IC=-0.01552
2026-08-02 11:32:48,724 - options_risk_engine.forecasting.volatility - INFO - GOOGL Ridge PCA            alpha=1 RMSE=0.08114 NRMSE=1.16750 R2=-0.36306 IC=-0.01590
2026-08-02 11:32:48,726 - options_risk_engine.forecasting.volatility - INFO - GOOGL Ridge PCA            alpha=10 RMSE=0.08092 NRMSE=1.16437 R2=-0.35575 IC=-0.01951
2026-08-02 11:32:48,728 - options_risk_engine.forecasting.volatility - INFO - GOOGL Ridge PCA            alpha=100 RMSE=0.07930 NRMSE=1.14106 R2=-0.30202 IC=-0.04677
2026-08-02 11:32:48,729 - options_risk_engine.forecasting.volatility - INFO - GOOGL Ridge PCA            alpha=1000 RMSE=0.07532 NRMSE=1.08377 R2=-0.17455 IC=-0.14719
2026-08-02 11:32:48,733 - options_risk_engine.forecasting.volatility - INFO - GOOGL Lasso                alpha=0.0001 RMSE=0.09202 NRMSE=1.32408 R2=-0.75318 IC=0.12169
2026-08-02 11:32:48,735 - options_risk_engine.forecasting.volatility - INFO - GOOGL Lasso                alpha=0.001 RMSE=0.08162 NRMSE=1.17443 R2=-0.37928 IC=0.07169
2026-08-02 11:32:48,737 - options_risk_engine.forecasting.volatility - INFO - GOOGL Lasso                alpha=0.01 RMSE=0.07513 NRMSE=1.08103 R2=-0.16864 IC=-0.12171
2026-08-02 11:32:48,739 - options_risk_engine.forecasting.volatility - INFO - GOOGL Lasso                alpha=0.1 RMSE=0.07436 NRMSE=1.07006 R2=-0.14504 IC=-0.20185
2026-08-02 11:32:48,741 - options_risk_engine.forecasting.volatility - INFO - GOOGL Lasso                alpha=1 RMSE=0.07436 NRMSE=1.07006 R2=-0.14504 IC=-0.20185
2026-08-02 11:32:48,742 - options_risk_engine.forecasting.volatility - INFO - GOOGL Lasso PCA            alpha=0.0001 RMSE=0.08110 NRMSE=1.16696 R2=-0.36180 IC=-0.01576
2026-08-02 11:32:48,744 - options_risk_engine.forecasting.volatility - INFO - GOOGL Lasso PCA            alpha=0.001 RMSE=0.08058 NRMSE=1.15949 R2=-0.34443 IC=-0.01884
2026-08-02 11:32:48,746 - options_risk_engine.forecasting.volatility - INFO - GOOGL Lasso PCA            alpha=0.01 RMSE=0.07663 NRMSE=1.10263 R2=-0.21579 IC=-0.06975
2026-08-02 11:32:48,748 - options_risk_engine.forecasting.volatility - INFO - GOOGL Lasso PCA            alpha=0.1 RMSE=0.07436 NRMSE=1.07006 R2=-0.14504 IC=-0.20185
2026-08-02 11:32:48,749 - options_risk_engine.forecasting.volatility - INFO - GOOGL Lasso PCA            alpha=1 RMSE=0.07436 NRMSE=1.07006 R2=-0.14504 IC=-0.20185
2026-08-02 11:32:48,751 - options_risk_engine.forecasting.volatility - INFO - GOOGL Random Forest        alpha=None RMSE=0.09436 NRMSE=1.35777 R2=-0.84354 IC=-0.16561
2026-08-02 11:32:48,753 - options_risk_engine.forecasting.volatility - INFO - GOOGL Gradient Boosting    alpha=None RMSE=0.09148 NRMSE=1.31627 R2=-0.73258 IC=-0.11494
2026-08-02 11:32:48,755 - options_risk_engine.forecasting.volatility - INFO - GOOGL HAR-RV               alpha=None RMSE=0.08313 NRMSE=1.19621 R2=-0.43093 IC=-0.17770
2026-08-02 11:32:48,757 - options_risk_engine.forecasting.volatility - INFO - GOOGL GARCH                alpha=None RMSE=0.07616 NRMSE=1.09596 R2=-0.20113 IC=-0.29409
2026-08-02 11:32:48,758 - options_risk_engine.forecasting.volatility - INFO - GOOGL evaluation complete - best model=Train Mean, alpha=nan, RMSE=0.07436, NRMSE=1.07006
2026-08-02 11:32:48,762 - options_risk_engine.forecasting.volatility - INFO - AMZN starting model evaluation
2026-08-02 11:32:48,765 - options_risk_engine.forecasting.volatility - INFO - AMZN has 971 usable rows and 21 features
2026-08-02 11:32:48,765 - options_risk_engine.forecasting.volatility - INFO - Creating model specifications
2026-08-02 11:32:48,766 - options_risk_engine.forecasting.volatility - INFO - Created 34 model configurations
2026-08-02 11:32:48,767 - options_risk_engine.forecasting.volatility - INFO - AMZN walk-forward starts at row 284 with window=30, step=30, purge=32
2026-08-02 11:33:07,473 - options_risk_engine.forecasting.volatility - INFO - AMZN completed 22 walk-forward folds
2026-08-02 11:33:07,476 - options_risk_engine.forecasting.volatility - INFO - AMZN calculating model comparison metrics
2026-08-02 11:33:07,481 - options_risk_engine.forecasting.volatility - INFO - AMZN Train Mean           alpha=None RMSE=0.09926 NRMSE=1.16814 R2=-0.36456 IC=-0.25176
2026-08-02 11:33:07,484 - options_risk_engine.forecasting.volatility - INFO - AMZN RV20 Baseline        alpha=None RMSE=0.13576 NRMSE=1.59759 R2=-1.55229 IC=-0.07732
2026-08-02 11:33:07,488 - options_risk_engine.forecasting.volatility - INFO - AMZN OLS                  alpha=None RMSE=0.11565 NRMSE=1.36093 R2=-0.85212 IC=0.09202
2026-08-02 11:33:07,492 - options_risk_engine.forecasting.volatility - INFO - AMZN OLS PCA              alpha=None RMSE=0.09816 NRMSE=1.15513 R2=-0.33432 IC=0.08226
2026-08-02 11:33:07,495 - options_risk_engine.forecasting.volatility - INFO - AMZN Ridge                alpha=0.0001 RMSE=0.11564 NRMSE=1.36089 R2=-0.85202 IC=0.09200
2026-08-02 11:33:07,497 - options_risk_engine.forecasting.volatility - INFO - AMZN Ridge                alpha=0.001 RMSE=0.11562 NRMSE=1.36057 R2=-0.85115 IC=0.09182
2026-08-02 11:33:07,499 - options_risk_engine.forecasting.volatility - INFO - AMZN Ridge                alpha=0.01 RMSE=0.11536 NRMSE=1.35750 R2=-0.84281 IC=0.09007
2026-08-02 11:33:07,502 - options_risk_engine.forecasting.volatility - INFO - AMZN Ridge                alpha=0.1 RMSE=0.11345 NRMSE=1.33510 R2=-0.78250 IC=0.07910
2026-08-02 11:33:07,504 - options_risk_engine.forecasting.volatility - INFO - AMZN Ridge                alpha=1 RMSE=0.10721 NRMSE=1.26166 R2=-0.59177 IC=0.06181
2026-08-02 11:33:07,507 - options_risk_engine.forecasting.volatility - INFO - AMZN Ridge                alpha=10 RMSE=0.10173 NRMSE=1.19716 R2=-0.43320 IC=0.05639
2026-08-02 11:33:07,510 - options_risk_engine.forecasting.volatility - INFO - AMZN Ridge                alpha=100 RMSE=0.09569 NRMSE=1.12611 R2=-0.26812 IC=0.05235
2026-08-02 11:33:07,513 - options_risk_engine.forecasting.volatility - INFO - AMZN Ridge                alpha=1000 RMSE=0.09323 NRMSE=1.09712 R2=-0.20367 IC=-0.10137
2026-08-02 11:33:07,516 - options_risk_engine.forecasting.volatility - INFO - AMZN Ridge PCA            alpha=0.0001 RMSE=0.09816 NRMSE=1.15513 R2=-0.33432 IC=0.08226
2026-08-02 11:33:07,518 - options_risk_engine.forecasting.volatility - INFO - AMZN Ridge PCA            alpha=0.001 RMSE=0.09816 NRMSE=1.15513 R2=-0.33432 IC=0.08226
2026-08-02 11:33:07,521 - options_risk_engine.forecasting.volatility - INFO - AMZN Ridge PCA            alpha=0.01 RMSE=0.09816 NRMSE=1.15512 R2=-0.33431 IC=0.08226
2026-08-02 11:33:07,524 - options_risk_engine.forecasting.volatility - INFO - AMZN Ridge PCA            alpha=0.1 RMSE=0.09815 NRMSE=1.15507 R2=-0.33418 IC=0.08224
2026-08-02 11:33:07,526 - options_risk_engine.forecasting.volatility - INFO - AMZN Ridge PCA            alpha=1 RMSE=0.09811 NRMSE=1.15453 R2=-0.33294 IC=0.08207
2026-08-02 11:33:07,527 - options_risk_engine.forecasting.volatility - INFO - AMZN Ridge PCA            alpha=10 RMSE=0.09768 NRMSE=1.14946 R2=-0.32125 IC=0.08027
2026-08-02 11:33:07,529 - options_risk_engine.forecasting.volatility - INFO - AMZN Ridge PCA            alpha=100 RMSE=0.09501 NRMSE=1.11810 R2=-0.25014 IC=0.05842
2026-08-02 11:33:07,532 - options_risk_engine.forecasting.volatility - INFO - AMZN Ridge PCA            alpha=1000 RMSE=0.09321 NRMSE=1.09690 R2=-0.20319 IC=-0.10037
2026-08-02 11:33:07,534 - options_risk_engine.forecasting.volatility - INFO - AMZN Lasso                alpha=0.0001 RMSE=0.11287 NRMSE=1.32821 R2=-0.76413 IC=0.06921
2026-08-02 11:33:07,537 - options_risk_engine.forecasting.volatility - INFO - AMZN Lasso                alpha=0.001 RMSE=0.10223 NRMSE=1.20299 R2=-0.44717 IC=0.03921
2026-08-02 11:33:07,539 - options_risk_engine.forecasting.volatility - INFO - AMZN Lasso                alpha=0.01 RMSE=0.10038 NRMSE=1.18125 R2=-0.39535 IC=-0.10457
2026-08-02 11:33:07,542 - options_risk_engine.forecasting.volatility - INFO - AMZN Lasso                alpha=0.1 RMSE=0.09926 NRMSE=1.16814 R2=-0.36456 IC=-0.25176
2026-08-02 11:33:07,545 - options_risk_engine.forecasting.volatility - INFO - AMZN Lasso                alpha=1 RMSE=0.09926 NRMSE=1.16814 R2=-0.36456 IC=-0.25176
2026-08-02 11:33:07,547 - options_risk_engine.forecasting.volatility - INFO - AMZN Lasso PCA            alpha=0.0001 RMSE=0.09812 NRMSE=1.15463 R2=-0.33317 IC=0.08120
2026-08-02 11:33:07,550 - options_risk_engine.forecasting.volatility - INFO - AMZN Lasso PCA            alpha=0.001 RMSE=0.09774 NRMSE=1.15024 R2=-0.32306 IC=0.07164
2026-08-02 11:33:07,552 - options_risk_engine.forecasting.volatility - INFO - AMZN Lasso PCA            alpha=0.01 RMSE=0.09568 NRMSE=1.12597 R2=-0.26780 IC=-0.02421
2026-08-02 11:33:07,554 - options_risk_engine.forecasting.volatility - INFO - AMZN Lasso PCA            alpha=0.1 RMSE=0.09897 NRMSE=1.16473 R2=-0.35660 IC=-0.26160
2026-08-02 11:33:07,557 - options_risk_engine.forecasting.volatility - INFO - AMZN Lasso PCA            alpha=1 RMSE=0.09926 NRMSE=1.16814 R2=-0.36456 IC=-0.25176
2026-08-02 11:33:07,559 - options_risk_engine.forecasting.volatility - INFO - AMZN Random Forest        alpha=None RMSE=0.13022 NRMSE=1.53237 R2=-1.34816 IC=-0.21254
2026-08-02 11:33:07,561 - options_risk_engine.forecasting.volatility - INFO - AMZN Gradient Boosting    alpha=None RMSE=0.13195 NRMSE=1.55276 R2=-1.41107 IC=-0.20027
2026-08-02 11:33:07,564 - options_risk_engine.forecasting.volatility - INFO - AMZN HAR-RV               alpha=None RMSE=0.10573 NRMSE=1.24425 R2=-0.54816 IC=-0.11051
2026-08-02 11:33:07,566 - options_risk_engine.forecasting.volatility - INFO - AMZN GARCH                alpha=None RMSE=0.10847 NRMSE=1.27649 R2=-0.62942 IC=-0.22516
2026-08-02 11:33:07,568 - options_risk_engine.forecasting.volatility - INFO - AMZN evaluation complete - best model=Ridge PCA, alpha=1000.0, RMSE=0.09321, NRMSE=1.09690
2026-08-02 11:33:07,574 - options_risk_engine.forecasting.volatility - INFO - HCA starting model evaluation
2026-08-02 11:33:07,576 - options_risk_engine.forecasting.volatility - INFO - HCA has 971 usable rows and 21 features
2026-08-02 11:33:07,577 - options_risk_engine.forecasting.volatility - INFO - Creating model specifications
2026-08-02 11:33:07,577 - options_risk_engine.forecasting.volatility - INFO - Created 34 model configurations
2026-08-02 11:33:07,578 - options_risk_engine.forecasting.volatility - INFO - HCA walk-forward starts at row 284 with window=30, step=30, purge=32
2026-08-02 11:33:27,983 - options_risk_engine.forecasting.volatility - INFO - HCA completed 22 walk-forward folds
2026-08-02 11:33:27,990 - options_risk_engine.forecasting.volatility - INFO - HCA calculating model comparison metrics
2026-08-02 11:33:27,993 - options_risk_engine.forecasting.volatility - INFO - HCA Train Mean           alpha=None RMSE=0.06185 NRMSE=1.02731 R2=-0.05536 IC=-0.00940
2026-08-02 11:33:27,994 - options_risk_engine.forecasting.volatility - INFO - HCA RV20 Baseline        alpha=None RMSE=0.10173 NRMSE=1.68971 R2=-1.85512 IC=-0.14081
2026-08-02 11:33:27,997 - options_risk_engine.forecasting.volatility - INFO - HCA OLS                  alpha=None RMSE=0.21718 NRMSE=3.60712 R2=-12.01131 IC=-0.12365
2026-08-02 11:33:27,999 - options_risk_engine.forecasting.volatility - INFO - HCA OLS PCA              alpha=None RMSE=0.06819 NRMSE=1.13266 R2=-0.28291 IC=-0.01169
2026-08-02 11:33:28,000 - options_risk_engine.forecasting.volatility - INFO - HCA Ridge                alpha=0.0001 RMSE=0.21699 NRMSE=3.60409 R2=-11.98946 IC=-0.12361
2026-08-02 11:33:28,002 - options_risk_engine.forecasting.volatility - INFO - HCA Ridge                alpha=0.001 RMSE=0.21537 NRMSE=3.57709 R2=-11.79559 IC=-0.12328
2026-08-02 11:33:28,015 - options_risk_engine.forecasting.volatility - INFO - HCA Ridge                alpha=0.01 RMSE=0.20064 NRMSE=3.33242 R2=-10.10502 IC=-0.12001
2026-08-02 11:33:28,017 - options_risk_engine.forecasting.volatility - INFO - HCA Ridge                alpha=0.1 RMSE=0.12889 NRMSE=2.14080 R2=-3.58302 IC=-0.08870
2026-08-02 11:33:28,019 - options_risk_engine.forecasting.volatility - INFO - HCA Ridge                alpha=1 RMSE=0.07162 NRMSE=1.18952 R2=-0.41495 IC=0.04605
2026-08-02 11:33:28,021 - options_risk_engine.forecasting.volatility - INFO - HCA Ridge                alpha=10 RMSE=0.06615 NRMSE=1.09873 R2=-0.20721 IC=0.05241
2026-08-02 11:33:28,025 - options_risk_engine.forecasting.volatility - INFO - HCA Ridge                alpha=100 RMSE=0.06632 NRMSE=1.10160 R2=-0.21353 IC=0.00063
2026-08-02 11:33:28,027 - options_risk_engine.forecasting.volatility - INFO - HCA Ridge                alpha=1000 RMSE=0.06539 NRMSE=1.08608 R2=-0.17957 IC=-0.05587
2026-08-02 11:33:28,028 - options_risk_engine.forecasting.volatility - INFO - HCA Ridge PCA            alpha=0.0001 RMSE=0.06819 NRMSE=1.13266 R2=-0.28291 IC=-0.01169
2026-08-02 11:33:28,030 - options_risk_engine.forecasting.volatility - INFO - HCA Ridge PCA            alpha=0.001 RMSE=0.06819 NRMSE=1.13266 R2=-0.28291 IC=-0.01169
2026-08-02 11:33:28,032 - options_risk_engine.forecasting.volatility - INFO - HCA Ridge PCA            alpha=0.01 RMSE=0.06819 NRMSE=1.13265 R2=-0.28291 IC=-0.01169
2026-08-02 11:33:28,034 - options_risk_engine.forecasting.volatility - INFO - HCA Ridge PCA            alpha=0.1 RMSE=0.06819 NRMSE=1.13262 R2=-0.28284 IC=-0.01169
2026-08-02 11:33:28,036 - options_risk_engine.forecasting.volatility - INFO - HCA Ridge PCA            alpha=1 RMSE=0.06817 NRMSE=1.13232 R2=-0.28216 IC=-0.01170
2026-08-02 11:33:28,038 - options_risk_engine.forecasting.volatility - INFO - HCA Ridge PCA            alpha=10 RMSE=0.06801 NRMSE=1.12953 R2=-0.27583 IC=-0.01179
2026-08-02 11:33:28,040 - options_risk_engine.forecasting.volatility - INFO - HCA Ridge PCA            alpha=100 RMSE=0.06702 NRMSE=1.11310 R2=-0.23899 IC=-0.01561
2026-08-02 11:33:28,042 - options_risk_engine.forecasting.volatility - INFO - HCA Ridge PCA            alpha=1000 RMSE=0.06548 NRMSE=1.08755 R2=-0.18277 IC=-0.05877
2026-08-02 11:33:28,044 - options_risk_engine.forecasting.volatility - INFO - HCA Lasso                alpha=0.0001 RMSE=0.15974 NRMSE=2.65313 R2=-6.03912 IC=-0.10930
2026-08-02 11:33:28,046 - options_risk_engine.forecasting.volatility - INFO - HCA Lasso                alpha=0.001 RMSE=0.06882 NRMSE=1.14311 R2=-0.30669 IC=-0.03641
2026-08-02 11:33:28,047 - options_risk_engine.forecasting.volatility - INFO - HCA Lasso                alpha=0.01 RMSE=0.06821 NRMSE=1.13295 R2=-0.28357 IC=-0.13720
2026-08-02 11:33:28,049 - options_risk_engine.forecasting.volatility - INFO - HCA Lasso                alpha=0.1 RMSE=0.06185 NRMSE=1.02731 R2=-0.05536 IC=-0.00940
2026-08-02 11:33:28,051 - options_risk_engine.forecasting.volatility - INFO - HCA Lasso                alpha=1 RMSE=0.06185 NRMSE=1.02731 R2=-0.05536 IC=-0.00940
2026-08-02 11:33:28,053 - options_risk_engine.forecasting.volatility - INFO - HCA Lasso PCA            alpha=0.0001 RMSE=0.06815 NRMSE=1.13189 R2=-0.28118 IC=-0.01299
2026-08-02 11:33:28,055 - options_risk_engine.forecasting.volatility - INFO - HCA Lasso PCA            alpha=0.001 RMSE=0.06776 NRMSE=1.12540 R2=-0.26653 IC=-0.02437
2026-08-02 11:33:28,057 - options_risk_engine.forecasting.volatility - INFO - HCA Lasso PCA            alpha=0.01 RMSE=0.06825 NRMSE=1.13353 R2=-0.28489 IC=-0.14368
2026-08-02 11:33:28,059 - options_risk_engine.forecasting.volatility - INFO - HCA Lasso PCA            alpha=0.1 RMSE=0.06269 NRMSE=1.04120 R2=-0.08409 IC=-0.03019
2026-08-02 11:33:28,061 - options_risk_engine.forecasting.volatility - INFO - HCA Lasso PCA            alpha=1 RMSE=0.06185 NRMSE=1.02731 R2=-0.05536 IC=-0.00940
2026-08-02 11:33:28,063 - options_risk_engine.forecasting.volatility - INFO - HCA Random Forest        alpha=None RMSE=0.08059 NRMSE=1.33858 R2=-0.79179 IC=-0.03345
2026-08-02 11:33:28,066 - options_risk_engine.forecasting.volatility - INFO - HCA Gradient Boosting    alpha=None RMSE=0.08185 NRMSE=1.35954 R2=-0.84836 IC=-0.06857
2026-08-02 11:33:28,068 - options_risk_engine.forecasting.volatility - INFO - HCA HAR-RV               alpha=None RMSE=0.06672 NRMSE=1.10810 R2=-0.22790 IC=-0.04266
2026-08-02 11:33:28,071 - options_risk_engine.forecasting.volatility - INFO - HCA GARCH                alpha=None RMSE=0.06575 NRMSE=1.09207 R2=-0.19261 IC=-0.08205
2026-08-02 11:33:28,077 - options_risk_engine.forecasting.volatility - INFO - HCA evaluation complete - best model=Train Mean, alpha=nan, RMSE=0.06185, NRMSE=1.02731
2026-08-02 11:33:28,100 - options_risk_engine.database - INFO - Stored 238 rows in model_evaluations
2026-08-02 11:33:28,139 - options_risk_engine.database - INFO - Stored 238 rows in model_evaluations
2026-08-02 11:33:28,598 - options_risk_engine.pricing.chains - INFO - Downloading option chains for 7 ticker objects
2026-08-02 11:33:28,600 - options_risk_engine.pricing.chains - INFO - Downloading option chain for AAPL nearest to 2026-09-16
2026-08-02 11:33:28,818 - options_risk_engine.pricing.chains - INFO - AAPL chain loaded for 2026-09-18: 93 calls and 74 puts
2026-08-02 11:33:28,819 - options_risk_engine.pricing.chains - INFO - Downloading option chain for MSFT nearest to 2026-09-16
2026-08-02 11:33:28,976 - options_risk_engine.pricing.chains - INFO - MSFT chain loaded for 2026-09-18: 90 calls and 82 puts
2026-08-02 11:33:28,977 - options_risk_engine.pricing.chains - INFO - Downloading option chain for META nearest to 2026-09-16
2026-08-02 11:33:29,214 - options_risk_engine.pricing.chains - INFO - META chain loaded for 2026-09-18: 190 calls and 146 puts
2026-08-02 11:33:29,215 - options_risk_engine.pricing.chains - INFO - Downloading option chain for WMT nearest to 2026-09-16
2026-08-02 11:33:29,375 - options_risk_engine.pricing.chains - INFO - WMT chain loaded for 2026-09-18: 34 calls and 28 puts
2026-08-02 11:33:29,376 - options_risk_engine.pricing.chains - INFO - Downloading option chain for GOOGL nearest to 2026-09-16
2026-08-02 11:33:29,613 - options_risk_engine.pricing.chains - INFO - GOOGL chain loaded for 2026-09-18: 134 calls and 98 puts
2026-08-02 11:33:29,614 - options_risk_engine.pricing.chains - INFO - Downloading option chain for AMZN nearest to 2026-09-16
2026-08-02 11:33:29,769 - options_risk_engine.pricing.chains - INFO - AMZN chain loaded for 2026-09-18: 58 calls and 52 puts
2026-08-02 11:33:29,770 - options_risk_engine.pricing.chains - INFO - Downloading option chain for HCA nearest to 2026-09-16
2026-08-02 11:33:29,911 - options_risk_engine.pricing.chains - INFO - HCA chain loaded for 2026-09-18: 73 calls and 59 puts
2026-08-02 11:33:29,911 - options_risk_engine.pricing.chains - INFO - Option-chain download complete: 7 of 7 tickers loaded
2026-08-02 11:33:29,952 - options_risk_engine.database - INFO - Stored 1211 rows in option_chain_snapshots_full
2026-08-02 11:33:29,971 - options_risk_engine.pricing.chains - INFO - Starting option pricing for 7 ticker objects
2026-08-02 11:33:29,973 - options_risk_engine.pricing.chains - INFO - AAPL beginning option-chain pricing
2026-08-02 11:33:29,976 - options_risk_engine.pricing.chains - INFO - AAPL volatility inputs - RV20: 0.3674, RV60: 0.3201, RV252: 0.2591, forecast: 0.2623
2026-08-02 11:33:30,656 - options_risk_engine.pricing.chains - INFO - AAPL implied volatility calculations complete
2026-08-02 11:33:30,662 - options_risk_engine.pricing.chains - INFO - AAPL put-call parity check: 74 matched strikes, maximum absolute error 0.0000000000
2026-08-02 11:33:30,693 - options_risk_engine.pricing.chains - INFO - AAPL pricing complete — 93 total calls, 74 total puts, 0 highlighted calls and 7 highlighted puts
2026-08-02 11:33:30,694 - options_risk_engine.pricing.chains - INFO - MSFT beginning option-chain pricing
2026-08-02 11:33:30,695 - options_risk_engine.pricing.chains - INFO - MSFT volatility inputs - RV20: 0.6016, RV60: 0.4622, RV252: 0.3193, forecast: 0.2609
2026-08-02 11:33:31,439 - options_risk_engine.pricing.chains - INFO - MSFT implied volatility calculations complete
2026-08-02 11:33:31,444 - options_risk_engine.pricing.chains - INFO - MSFT put-call parity check: 82 matched strikes, maximum absolute error 0.0000000000
2026-08-02 11:33:31,482 - options_risk_engine.pricing.chains - INFO - MSFT pricing complete — 90 total calls, 82 total puts, 0 highlighted calls and 6 highlighted puts
2026-08-02 11:33:31,482 - options_risk_engine.pricing.chains - INFO - META beginning option-chain pricing
2026-08-02 11:33:31,484 - options_risk_engine.pricing.chains - INFO - META volatility inputs - RV20: 0.5162, RV60: 0.4580, RV252: 0.3978, forecast: 0.4131
2026-08-02 11:33:32,753 - options_risk_engine.pricing.chains - INFO - META implied volatility calculations complete
2026-08-02 11:33:32,758 - options_risk_engine.pricing.chains - INFO - META put-call parity check: 130 matched strikes, maximum absolute error 0.0000000000
2026-08-02 11:33:32,788 - options_risk_engine.pricing.chains - INFO - META pricing complete — 190 total calls, 146 total puts, 0 highlighted calls and 19 highlighted puts
2026-08-02 11:33:32,788 - options_risk_engine.pricing.chains - INFO - WMT beginning option-chain pricing
2026-08-02 11:33:32,790 - options_risk_engine.pricing.chains - INFO - WMT volatility inputs - RV20: 0.2209, RV60: 0.2760, RV252: 0.2477, forecast: 0.2065
2026-08-02 11:33:33,025 - options_risk_engine.pricing.chains - INFO - WMT implied volatility calculations complete
2026-08-02 11:33:33,029 - options_risk_engine.pricing.chains - INFO - WMT put-call parity check: 28 matched strikes, maximum absolute error 0.0000000000
2026-08-02 11:33:33,059 - options_risk_engine.pricing.chains - INFO - WMT pricing complete — 34 total calls, 28 total puts, 0 highlighted calls and 2 highlighted puts
2026-08-02 11:33:33,059 - options_risk_engine.pricing.chains - INFO - GOOGL beginning option-chain pricing
2026-08-02 11:33:33,061 - options_risk_engine.pricing.chains - INFO - GOOGL volatility inputs - RV20: 0.4610, RV60: 0.3682, RV252: 0.3212, forecast: 0.3099
2026-08-02 11:33:33,970 - options_risk_engine.pricing.chains - INFO - GOOGL implied volatility calculations complete
2026-08-02 11:33:33,976 - options_risk_engine.pricing.chains - INFO - GOOGL put-call parity check: 96 matched strikes, maximum absolute error 0.0000000000
2026-08-02 11:33:34,005 - options_risk_engine.pricing.chains - INFO - GOOGL pricing complete — 134 total calls, 98 total puts, 0 highlighted calls and 12 highlighted puts
2026-08-02 11:33:34,006 - options_risk_engine.pricing.chains - INFO - AMZN beginning option-chain pricing
2026-08-02 11:33:34,007 - options_risk_engine.pricing.chains - INFO - AMZN volatility inputs - RV20: 0.6195, RV60: 0.4402, RV252: 0.3520, forecast: 0.3413
2026-08-02 11:33:34,577 - options_risk_engine.pricing.chains - INFO - AMZN implied volatility calculations complete
2026-08-02 11:33:34,581 - options_risk_engine.pricing.chains - INFO - AMZN put-call parity check: 52 matched strikes, maximum absolute error 0.0000000000
2026-08-02 11:33:34,611 - options_risk_engine.pricing.chains - INFO - AMZN pricing complete — 58 total calls, 52 total puts, 7 highlighted calls and 2 highlighted puts
2026-08-02 11:33:34,612 - options_risk_engine.pricing.chains - INFO - HCA beginning option-chain pricing
2026-08-02 11:33:34,613 - options_risk_engine.pricing.chains - INFO - HCA volatility inputs - RV20: 0.5051, RV60: 0.3752, RV252: 0.3018, forecast: 0.2788
2026-08-02 11:33:35,009 - options_risk_engine.pricing.chains - INFO - HCA implied volatility calculations complete
2026-08-02 11:33:35,014 - options_risk_engine.pricing.chains - INFO - HCA put-call parity check: 56 matched strikes, maximum absolute error 0.0000000000
2026-08-02 11:33:35,043 - options_risk_engine.pricing.chains - INFO - HCA pricing complete — 73 total calls, 59 total puts, 0 highlighted calls and 0 highlighted puts
2026-08-02 11:33:35,044 - options_risk_engine.pricing.chains - INFO - Option pricing finished — 14 full tables, 14 highlighted tables, 7 parity tables and 0 failed tickers
2026-08-02 11:33:35,056 - options_risk_engine.reporting.tables - INFO - Combined 14 option tables into 1211 rows
2026-08-02 11:33:35,057 - options_risk_engine.validation - INFO - Option-universe validation: {'rows': 1211, 'tickers': 7, 'duplicate_contract_symbols': 0, 'invalid_quotes': 417}
2026-08-02 11:33:35,663 - options_risk_engine.database - INFO - Stored 1211 rows in option_pricing_results
2026-08-02 11:33:35,770 - options_risk_engine.pricing.monte_carlo - INFO - Running 10000 Monte Carlo simulations for AAPL
2026-08-02 11:33:35,770 - options_risk_engine.pricing.monte_carlo - INFO - AAPL starting Monte Carlo simulation
2026-08-02 11:33:35,772 - options_risk_engine.pricing.monte_carlo - INFO - AAPL Monte Carlo inputs - S0: 308.91, sigma: 0.2623, T: 0.1288, steps: 34, simulations: 10000
2026-08-02 11:33:35,796 - options_risk_engine.pricing.monte_carlo - INFO - AAPL Monte Carlo simulation complete
2026-08-02 11:33:35,848 - options_risk_engine.pricing.monte_carlo - INFO - AAPL Monte Carlo profit analysis complete
2026-08-02 11:33:35,849 - options_risk_engine.pricing.monte_carlo - INFO - Running 10000 Monte Carlo simulations for MSFT
2026-08-02 11:33:35,850 - options_risk_engine.pricing.monte_carlo - INFO - MSFT starting Monte Carlo simulation
2026-08-02 11:33:35,852 - options_risk_engine.pricing.monte_carlo - INFO - MSFT Monte Carlo inputs - S0: 464.72, sigma: 0.2609, T: 0.1288, steps: 34, simulations: 10000
2026-08-02 11:33:35,876 - options_risk_engine.pricing.monte_carlo - INFO - MSFT Monte Carlo simulation complete
2026-08-02 11:33:35,941 - options_risk_engine.pricing.monte_carlo - INFO - MSFT Monte Carlo profit analysis complete
2026-08-02 11:33:35,942 - options_risk_engine.pricing.monte_carlo - INFO - Running 10000 Monte Carlo simulations for META
2026-08-02 11:33:35,942 - options_risk_engine.pricing.monte_carlo - INFO - META starting Monte Carlo simulation
2026-08-02 11:33:35,943 - options_risk_engine.pricing.monte_carlo - INFO - META Monte Carlo inputs - S0: 556.71, sigma: 0.4131, T: 0.1288, steps: 34, simulations: 10000
2026-08-02 11:33:35,974 - options_risk_engine.pricing.monte_carlo - INFO - META Monte Carlo simulation complete
2026-08-02 11:33:36,061 - options_risk_engine.pricing.monte_carlo - INFO - META Monte Carlo profit analysis complete
2026-08-02 11:33:36,062 - options_risk_engine.pricing.monte_carlo - INFO - Running 10000 Monte Carlo simulations for WMT
2026-08-02 11:33:36,063 - options_risk_engine.pricing.monte_carlo - INFO - WMT starting Monte Carlo simulation
2026-08-02 11:33:36,063 - options_risk_engine.pricing.monte_carlo - INFO - WMT Monte Carlo inputs - S0: 111.20, sigma: 0.2065, T: 0.1288, steps: 34, simulations: 10000
2026-08-02 11:33:36,078 - options_risk_engine.pricing.monte_carlo - INFO - WMT Monte Carlo simulation complete
2026-08-02 11:33:36,136 - options_risk_engine.pricing.monte_carlo - INFO - WMT Monte Carlo profit analysis complete
2026-08-02 11:33:36,137 - options_risk_engine.pricing.monte_carlo - INFO - Running 10000 Monte Carlo simulations for GOOGL
2026-08-02 11:33:36,138 - options_risk_engine.pricing.monte_carlo - INFO - GOOGL starting Monte Carlo simulation
2026-08-02 11:33:36,139 - options_risk_engine.pricing.monte_carlo - INFO - GOOGL Monte Carlo inputs - S0: 356.13, sigma: 0.3099, T: 0.1288, steps: 34, simulations: 10000
2026-08-02 11:33:36,158 - options_risk_engine.pricing.monte_carlo - INFO - GOOGL Monte Carlo simulation complete
2026-08-02 11:33:36,223 - options_risk_engine.pricing.monte_carlo - INFO - GOOGL Monte Carlo profit analysis complete
2026-08-02 11:33:36,224 - options_risk_engine.pricing.monte_carlo - INFO - Running 10000 Monte Carlo simulations for AMZN
2026-08-02 11:33:36,224 - options_risk_engine.pricing.monte_carlo - INFO - AMZN starting Monte Carlo simulation
2026-08-02 11:33:36,225 - options_risk_engine.pricing.monte_carlo - INFO - AMZN Monte Carlo inputs - S0: 271.58, sigma: 0.3413, T: 0.1288, steps: 34, simulations: 10000
2026-08-02 11:33:36,244 - options_risk_engine.pricing.monte_carlo - INFO - AMZN Monte Carlo simulation complete
2026-08-02 11:33:36,287 - options_risk_engine.pricing.monte_carlo - INFO - AMZN Monte Carlo profit analysis complete
2026-08-02 11:33:36,288 - options_risk_engine.pricing.monte_carlo - INFO - Running 10000 Monte Carlo simulations for HCA
2026-08-02 11:33:36,288 - options_risk_engine.pricing.monte_carlo - INFO - HCA starting Monte Carlo simulation
2026-08-02 11:33:36,289 - options_risk_engine.pricing.monte_carlo - INFO - HCA Monte Carlo inputs - S0: 402.59, sigma: 0.2788, T: 0.1288, steps: 34, simulations: 10000
2026-08-02 11:33:36,305 - options_risk_engine.pricing.monte_carlo - INFO - HCA Monte Carlo simulation complete
2026-08-02 11:33:36,353 - options_risk_engine.pricing.monte_carlo - INFO - HCA Monte Carlo profit analysis complete
2026-08-02 11:33:36,367 - options_risk_engine.reporting.tables - INFO - Combined 14 option tables into 1211 rows
2026-08-02 11:33:36,399 - options_risk_engine.reporting.tables - INFO - Created findings table with 52 groups
2026-08-02 11:33:36,472 - options_risk_engine.risk.portfolio - INFO - Preparing option universe for the portfolio risk engine: 1211 rows
2026-08-02 11:33:36,477 - options_risk_engine.risk.portfolio - INFO - Risk-engine input cleaned: 959 usable option rows; 252 rows removed
2026-08-02 11:33:36,482 - options_risk_engine.risk.portfolio - INFO - Created reproducible test option positions: 471 long and 488 short
2026-08-02 11:33:36,515 - options_risk_engine.risk.portfolio - INFO - Added 7 share positions; combined portfolio now contains 966 rows
2026-08-02 11:33:36,518 - options_risk_engine.risk.portfolio - INFO - Portfolio positions prepared: gross market value 17747056.90; current P&L -64853.89
2026-08-02 11:33:36,520 - options_risk_engine.risk.portfolio - INFO - Building current portfolio risk summary from 966 positions
2026-08-02 11:33:36,535 - options_risk_engine.risk.portfolio - INFO - Ticker-level risk calculated for 7 tickers
2026-08-02 11:33:36,537 - options_risk_engine.risk.portfolio - INFO - Portfolio risk summary complete: net value -695290.30; gross value 17747056.90; delta 1592.81
2026-08-02 11:33:38,601 - options_risk_engine.database - INFO - Stored 966 rows in portfolio_positions
2026-08-02 11:33:38,605 - options_risk_engine.database - INFO - Stored 8 rows in portfolio_risk
2026-08-02 11:33:38,612 - options_risk_engine.risk.scenarios - INFO - Generating 1000 random scenarios with up to 30 days forward; seed=42
2026-08-02 11:33:38,618 - options_risk_engine.risk.scenarios - INFO - Scenario generation complete: 1001 total rows including BASE
2026-08-02 11:33:38,641 - options_risk_engine.risk.scenarios - INFO - Starting scenario engine: 966 positions across 1001 scenarios
2026-08-02 11:33:38,644 - options_risk_engine.risk.scenarios - INFO - Scenario positions classified: 565 calls, 394 puts and 7 shares
2026-08-02 11:33:38,651 - options_risk_engine.risk.scenarios - INFO - Base model prices calculated for 966 positions
2026-08-02 11:33:38,652 - options_risk_engine.risk.scenarios - INFO - Revaluing scenario 1/1001: BASE
2026-08-02 11:33:39,158 - options_risk_engine.risk.scenarios - INFO - Revaluing scenario 100/1001: R0099
2026-08-02 11:33:39,520 - options_risk_engine.risk.scenarios - INFO - Revaluing scenario 200/1001: R0199
2026-08-02 11:33:39,911 - options_risk_engine.risk.scenarios - INFO - Revaluing scenario 300/1001: R0299
2026-08-02 11:33:40,797 - options_risk_engine.risk.scenarios - INFO - Revaluing scenario 400/1001: R0399
2026-08-02 11:33:41,436 - options_risk_engine.risk.scenarios - INFO - Revaluing scenario 500/1001: R0499
2026-08-02 11:33:41,848 - options_risk_engine.risk.scenarios - INFO - Revaluing scenario 600/1001: R0599
2026-08-02 11:33:42,192 - options_risk_engine.risk.scenarios - INFO - Revaluing scenario 700/1001: R0699
2026-08-02 11:33:42,635 - options_risk_engine.risk.scenarios - INFO - Revaluing scenario 800/1001: R0799
2026-08-02 11:33:42,996 - options_risk_engine.risk.scenarios - INFO - Revaluing scenario 900/1001: R0899
2026-08-02 11:33:43,346 - options_risk_engine.risk.scenarios - INFO - Revaluing scenario 1000/1001: R0999
2026-08-02 11:33:43,352 - options_risk_engine.risk.scenarios - INFO - Revaluing scenario 1001/1001: R1000
2026-08-02 11:33:43,515 - options_risk_engine.risk.scenarios - INFO - Position-level scenario results created: 966966 rows
2026-08-02 11:33:44,475 - options_risk_engine.risk.scenarios - INFO - Analysing scenario outputs: 966966 position rows, 7007 ticker rows and 1001 portfolio rows
2026-08-02 11:33:44,616 - options_risk_engine.risk.scenarios - INFO - Base scenario validation passed: portfolio P&L 0.00000000
2026-08-02 11:33:44,625 - options_risk_engine.risk.scenarios - INFO - All scenario positions were repriced successfully
2026-08-02 11:33:44,629 - options_risk_engine.risk.scenarios - INFO - Scenario distribution analysed: worst P&L -258974.50; 5th percentile -62652.47; probability of loss 56.20%
2026-08-02 11:33:44,691 - options_risk_engine.risk.scenarios - WARNING - 11 portfolio scenarios breached the 100000.00 loss limit
2026-08-02 11:33:44,692 - options_risk_engine.risk.scenarios - WARNING - 1473 ticker-scenario rows breached the 25000.00 loss limit
2026-08-02 11:33:44,692 - options_risk_engine.risk.scenarios - INFO - Scenario analysis complete; worst scenario is R0950
2026-08-02 11:33:45,160 - options_risk_engine.risk.attribution - INFO - Starting Greek P&L attribution
2026-08-02 11:33:45,880 - options_risk_engine.risk.attribution - INFO - Greek attribution accounting check passed
2026-08-02 11:33:45,882 - options_risk_engine.risk.attribution - INFO - Greek attribution completed for 966966 position-scenario rows and 1001 scenarios
2026-08-02 11:33:45,883 - options_risk_engine.risk.attribution - INFO - Starting Greek attribution analysis
2026-08-02 11:33:46,167 - options_risk_engine.risk.attribution - INFO - Scenario shocks attached to 1001 attribution rows
2026-08-02 11:33:46,170 - options_risk_engine.risk.attribution - INFO - Greek attribution accounting check passed
2026-08-02 11:33:46,430 - options_risk_engine.risk.attribution - INFO - BASE Greek attribution validation passed
2026-08-02 11:33:48,032 - options_risk_engine.risk.attribution - INFO - Greek attribution analysis completed for 1000 scenarios
2026-08-02 11:33:49,548 - options_risk_engine.validation - INFO - All risk-engine validation checks passed
2026-08-02 11:33:49,578 - options_risk_engine.database - INFO - Stored 1001 rows in scenario_definitions
2026-08-02 11:33:56,710 - options_risk_engine.database - INFO - Stored 966966 rows in scenario_position_results
2026-08-02 11:34:10,822 - options_risk_engine.database - INFO - Stored 7007 rows in scenario_ticker_results
2026-08-02 11:34:10,850 - options_risk_engine.database - INFO - Stored 1001 rows in scenario_portfolio_results
2026-08-02 11:34:17,035 - options_risk_engine.database - INFO - Stored 966966 rows in attribution_position_results
2026-08-02 11:34:39,046 - options_risk_engine.database - INFO - Stored 1001 rows in scenario_attribution
2026-08-02 11:34:39,103 - options_risk_engine.recommendations.contracts - INFO - Preparing standardised contract analysis from 1211 option rows
2026-08-02 11:34:39,121 - options_risk_engine.recommendations.contracts - INFO - Prepared 794 standardised long-one-contract positions
2026-08-02 11:34:39,161 - options_risk_engine.recommendations.contracts - INFO - All standardised contract validation checks passed
2026-08-02 11:34:39,173 - options_risk_engine.risk.scenarios - INFO - Starting scenario engine: 794 positions across 1001 scenarios
2026-08-02 11:34:39,176 - options_risk_engine.risk.scenarios - INFO - Scenario positions classified: 564 calls, 230 puts and 0 shares
2026-08-02 11:34:39,183 - options_risk_engine.risk.scenarios - INFO - Base model prices calculated for 794 positions
2026-08-02 11:34:39,184 - options_risk_engine.risk.scenarios - INFO - Revaluing scenario 1/1001: BASE
2026-08-02 11:34:39,547 - options_risk_engine.risk.scenarios - INFO - Revaluing scenario 100/1001: R0099
2026-08-02 11:34:39,890 - options_risk_engine.risk.scenarios - INFO - Revaluing scenario 200/1001: R0199
2026-08-02 11:34:40,233 - options_risk_engine.risk.scenarios - INFO - Revaluing scenario 300/1001: R0299
2026-08-02 11:34:40,600 - options_risk_engine.risk.scenarios - INFO - Revaluing scenario 400/1001: R0399
2026-08-02 11:34:40,949 - options_risk_engine.risk.scenarios - INFO - Revaluing scenario 500/1001: R0499
2026-08-02 11:34:41,288 - options_risk_engine.risk.scenarios - INFO - Revaluing scenario 600/1001: R0599
2026-08-02 11:34:41,623 - options_risk_engine.risk.scenarios - INFO - Revaluing scenario 700/1001: R0699
2026-08-02 11:34:41,959 - options_risk_engine.risk.scenarios - INFO - Revaluing scenario 800/1001: R0799
2026-08-02 11:34:42,297 - options_risk_engine.risk.scenarios - INFO - Revaluing scenario 900/1001: R0899
2026-08-02 11:34:42,633 - options_risk_engine.risk.scenarios - INFO - Revaluing scenario 1000/1001: R0999
2026-08-02 11:34:42,637 - options_risk_engine.risk.scenarios - INFO - Revaluing scenario 1001/1001: R1000
2026-08-02 11:34:42,722 - options_risk_engine.risk.scenarios - INFO - Position-level scenario results created: 794794 rows
2026-08-02 11:34:43,239 - options_risk_engine.recommendations.contracts - INFO - Attached purchase-at-ask P&L to 794794 scenario rows
2026-08-02 11:34:43,429 - options_risk_engine.recommendations.contracts - INFO - Aggregating 794794 contract-scenario rows
2026-08-02 11:34:45,794 - options_risk_engine.recommendations.contracts - INFO - Created scenario summaries for 794 contracts
2026-08-02 11:34:45,960 - options_risk_engine.recommendations.contracts - INFO - All contract scenario summary checks passed
2026-08-02 11:34:46,486 - options_risk_engine.database - INFO - Stored 794 rows in contract_scenario_summary
2026-08-02 11:34:46,490 - options_risk_engine.database - INFO - Stored 3 rows in initial_action_comparison
2026-08-02 11:35:06,166 - options_risk_engine.risk.attribution - INFO - Starting Greek P&L attribution
2026-08-02 11:40:13,574 - options_risk_engine.risk.attribution - INFO - Starting Greek P&L attribution
2026-08-02 11:40:34,595 - options_risk_engine.database - INFO - SQLite database initialised at /Users/sam/Progressive-Projects/Projects/Option Pricer N Risk Engine/data/options_risk_engine.db
2026-08-02 11:40:34,941 - options_risk_engine.data.market_data - INFO - Downloading historical data for 7 symbols
2026-08-02 11:40:35,594 - options_risk_engine.data.market_data - INFO - Historical data downloaded: 1255 rows
2026-08-02 11:40:37,521 - options_risk_engine.database - INFO - Stored 8785 rows in equity_prices
2026-08-02 11:40:37,570 - options_risk_engine.data.market_data - INFO - Feature dataset created: 1255 rows, 21 engineered features per ticker
2026-08-02 11:40:38,105 - options_risk_engine.database - INFO - Stored 1255 rows in volatility_features
2026-08-02 11:40:39,846 - options_risk_engine.forecasting.volatility - INFO - Creating model specifications
2026-08-02 11:40:39,846 - options_risk_engine.forecasting.volatility - INFO - Created 34 model configurations
2026-08-02 11:40:39,864 - options_risk_engine.forecasting.volatility - INFO - AAPL starting model evaluation
2026-08-02 11:40:39,867 - options_risk_engine.forecasting.volatility - INFO - AAPL has 971 usable rows and 21 features
2026-08-02 11:40:39,867 - options_risk_engine.forecasting.volatility - INFO - Creating model specifications
2026-08-02 11:40:39,868 - options_risk_engine.forecasting.volatility - INFO - Created 34 model configurations
2026-08-02 11:40:39,868 - options_risk_engine.forecasting.volatility - INFO - AAPL walk-forward starts at row 284 with window=30, step=30, purge=32
2026-08-02 11:40:56,686 - options_risk_engine.forecasting.volatility - INFO - AAPL completed 22 walk-forward folds
2026-08-02 11:40:56,688 - options_risk_engine.forecasting.volatility - INFO - AAPL calculating model comparison metrics
2026-08-02 11:40:56,690 - options_risk_engine.forecasting.volatility - INFO - AAPL Train Mean           alpha=None RMSE=0.10960 NRMSE=1.04761 R2=-0.09748 IC=-0.48458
2026-08-02 11:40:56,692 - options_risk_engine.forecasting.volatility - INFO - AAPL RV20 Baseline        alpha=None RMSE=0.13733 NRMSE=1.31268 R2=-0.72312 IC=0.22481
2026-08-02 11:40:56,694 - options_risk_engine.forecasting.volatility - INFO - AAPL OLS                  alpha=None RMSE=0.14282 NRMSE=1.36521 R2=-0.86379 IC=-0.02723
2026-08-02 11:40:56,697 - options_risk_engine.forecasting.volatility - INFO - AAPL OLS PCA              alpha=None RMSE=0.12644 NRMSE=1.20862 R2=-0.46076 IC=0.00080
2026-08-02 11:40:56,699 - options_risk_engine.forecasting.volatility - INFO - AAPL Ridge                alpha=0.0001 RMSE=0.14282 NRMSE=1.36520 R2=-0.86377 IC=-0.02723
2026-08-02 11:40:56,701 - options_risk_engine.forecasting.volatility - INFO - AAPL Ridge                alpha=0.001 RMSE=0.14281 NRMSE=1.36512 R2=-0.86356 IC=-0.02721
2026-08-02 11:40:56,703 - options_risk_engine.forecasting.volatility - INFO - AAPL Ridge                alpha=0.01 RMSE=0.14273 NRMSE=1.36436 R2=-0.86147 IC=-0.02704
2026-08-02 11:40:56,706 - options_risk_engine.forecasting.volatility - INFO - AAPL Ridge                alpha=0.1 RMSE=0.14201 NRMSE=1.35748 R2=-0.84274 IC=-0.02493
2026-08-02 11:40:56,708 - options_risk_engine.forecasting.volatility - INFO - AAPL Ridge                alpha=1 RMSE=0.13805 NRMSE=1.31959 R2=-0.74132 IC=-0.00726
2026-08-02 11:40:56,711 - options_risk_engine.forecasting.volatility - INFO - AAPL Ridge                alpha=10 RMSE=0.12879 NRMSE=1.23109 R2=-0.51558 IC=0.03284
2026-08-02 11:40:56,713 - options_risk_engine.forecasting.volatility - INFO - AAPL Ridge                alpha=100 RMSE=0.11727 NRMSE=1.12098 R2=-0.25659 IC=0.08764
2026-08-02 11:40:56,716 - options_risk_engine.forecasting.volatility - INFO - AAPL Ridge                alpha=1000 RMSE=0.10993 NRMSE=1.05079 R2=-0.10416 IC=0.14536
2026-08-02 11:40:56,718 - options_risk_engine.forecasting.volatility - INFO - AAPL Ridge PCA            alpha=0.0001 RMSE=0.12644 NRMSE=1.20862 R2=-0.46076 IC=0.00080
2026-08-02 11:40:56,721 - options_risk_engine.forecasting.volatility - INFO - AAPL Ridge PCA            alpha=0.001 RMSE=0.12644 NRMSE=1.20862 R2=-0.46075 IC=0.00080
2026-08-02 11:40:56,722 - options_risk_engine.forecasting.volatility - INFO - AAPL Ridge PCA            alpha=0.01 RMSE=0.12644 NRMSE=1.20860 R2=-0.46072 IC=0.00081
2026-08-02 11:40:56,725 - options_risk_engine.forecasting.volatility - INFO - AAPL Ridge PCA            alpha=0.1 RMSE=0.12643 NRMSE=1.20847 R2=-0.46039 IC=0.00091
2026-08-02 11:40:56,727 - options_risk_engine.forecasting.volatility - INFO - AAPL Ridge PCA            alpha=1 RMSE=0.12628 NRMSE=1.20711 R2=-0.45711 IC=0.00188
2026-08-02 11:40:56,729 - options_risk_engine.forecasting.volatility - INFO - AAPL Ridge PCA            alpha=10 RMSE=0.12498 NRMSE=1.19461 R2=-0.42710 IC=0.01113
2026-08-02 11:40:56,731 - options_risk_engine.forecasting.volatility - INFO - AAPL Ridge PCA            alpha=100 RMSE=0.11804 NRMSE=1.12834 R2=-0.27315 IC=0.07141
2026-08-02 11:40:56,733 - options_risk_engine.forecasting.volatility - INFO - AAPL Ridge PCA            alpha=1000 RMSE=0.11031 NRMSE=1.05443 R2=-0.11183 IC=0.14089
2026-08-02 11:40:56,735 - options_risk_engine.forecasting.volatility - INFO - AAPL Lasso                alpha=0.0001 RMSE=0.14003 NRMSE=1.33849 R2=-0.79156 IC=-0.01808
2026-08-02 11:40:56,737 - options_risk_engine.forecasting.volatility - INFO - AAPL Lasso                alpha=0.001 RMSE=0.12662 NRMSE=1.21037 R2=-0.46499 IC=0.01207
2026-08-02 11:40:56,739 - options_risk_engine.forecasting.volatility - INFO - AAPL Lasso                alpha=0.01 RMSE=0.11395 NRMSE=1.08925 R2=-0.18646 IC=0.04100
2026-08-02 11:40:56,741 - options_risk_engine.forecasting.volatility - INFO - AAPL Lasso                alpha=0.1 RMSE=0.10960 NRMSE=1.04761 R2=-0.09748 IC=-0.48458
2026-08-02 11:40:56,744 - options_risk_engine.forecasting.volatility - INFO - AAPL Lasso                alpha=1 RMSE=0.10960 NRMSE=1.04761 R2=-0.09748 IC=-0.48458
2026-08-02 11:40:56,745 - options_risk_engine.forecasting.volatility - INFO - AAPL Lasso PCA            alpha=0.0001 RMSE=0.12637 NRMSE=1.20794 R2=-0.45911 IC=0.00095
2026-08-02 11:40:56,748 - options_risk_engine.forecasting.volatility - INFO - AAPL Lasso PCA            alpha=0.001 RMSE=0.12570 NRMSE=1.20156 R2=-0.44375 IC=0.00222
2026-08-02 11:40:56,750 - options_risk_engine.forecasting.volatility - INFO - AAPL Lasso PCA            alpha=0.01 RMSE=0.11686 NRMSE=1.11705 R2=-0.24780 IC=0.06681
2026-08-02 11:40:56,752 - options_risk_engine.forecasting.volatility - INFO - AAPL Lasso PCA            alpha=0.1 RMSE=0.10562 NRMSE=1.00955 R2=-0.01919 IC=0.05694
2026-08-02 11:40:56,754 - options_risk_engine.forecasting.volatility - INFO - AAPL Lasso PCA            alpha=1 RMSE=0.10960 NRMSE=1.04761 R2=-0.09748 IC=-0.48458
2026-08-02 11:40:56,756 - options_risk_engine.forecasting.volatility - INFO - AAPL Random Forest        alpha=None RMSE=0.13774 NRMSE=1.31663 R2=-0.73351 IC=-0.04189
2026-08-02 11:40:56,759 - options_risk_engine.forecasting.volatility - INFO - AAPL Gradient Boosting    alpha=None RMSE=0.12840 NRMSE=1.22734 R2=-0.50637 IC=-0.03487
2026-08-02 11:40:56,762 - options_risk_engine.forecasting.volatility - INFO - AAPL HAR-RV               alpha=None RMSE=0.12635 NRMSE=1.20779 R2=-0.45875 IC=-0.01064
2026-08-02 11:40:56,764 - options_risk_engine.forecasting.volatility - INFO - AAPL GARCH                alpha=None RMSE=0.11599 NRMSE=1.10875 R2=-0.22932 IC=0.14355
2026-08-02 11:40:56,768 - options_risk_engine.forecasting.volatility - INFO - AAPL evaluation complete - best model=Lasso PCA, alpha=0.1, RMSE=0.10562, NRMSE=1.00955
2026-08-02 11:40:56,773 - options_risk_engine.forecasting.volatility - INFO - MSFT starting model evaluation
2026-08-02 11:40:56,777 - options_risk_engine.forecasting.volatility - INFO - MSFT has 971 usable rows and 21 features
2026-08-02 11:40:56,778 - options_risk_engine.forecasting.volatility - INFO - Creating model specifications
2026-08-02 11:40:56,779 - options_risk_engine.forecasting.volatility - INFO - Created 34 model configurations
2026-08-02 11:40:56,780 - options_risk_engine.forecasting.volatility - INFO - MSFT walk-forward starts at row 284 with window=30, step=30, purge=32
2026-08-02 11:41:13,313 - options_risk_engine.forecasting.volatility - INFO - MSFT completed 22 walk-forward folds
2026-08-02 11:41:13,314 - options_risk_engine.forecasting.volatility - INFO - MSFT calculating model comparison metrics
2026-08-02 11:41:13,317 - options_risk_engine.forecasting.volatility - INFO - MSFT Train Mean           alpha=None RMSE=0.08842 NRMSE=1.18225 R2=-0.39772 IC=-0.35506
2026-08-02 11:41:13,319 - options_risk_engine.forecasting.volatility - INFO - MSFT RV20 Baseline        alpha=None RMSE=0.10463 NRMSE=1.39906 R2=-0.95737 IC=0.12329
2026-08-02 11:41:13,320 - options_risk_engine.forecasting.volatility - INFO - MSFT OLS                  alpha=None RMSE=0.09843 NRMSE=1.31606 R2=-0.73202 IC=-0.01404
2026-08-02 11:41:13,322 - options_risk_engine.forecasting.volatility - INFO - MSFT OLS PCA              alpha=None RMSE=0.09562 NRMSE=1.27859 R2=-0.63481 IC=-0.07146
2026-08-02 11:41:13,324 - options_risk_engine.forecasting.volatility - INFO - MSFT Ridge                alpha=0.0001 RMSE=0.09843 NRMSE=1.31606 R2=-0.73202 IC=-0.01407
2026-08-02 11:41:13,325 - options_risk_engine.forecasting.volatility - INFO - MSFT Ridge                alpha=0.001 RMSE=0.09843 NRMSE=1.31606 R2=-0.73201 IC=-0.01430
2026-08-02 11:41:13,327 - options_risk_engine.forecasting.volatility - INFO - MSFT Ridge                alpha=0.01 RMSE=0.09842 NRMSE=1.31602 R2=-0.73190 IC=-0.01656
2026-08-02 11:41:13,329 - options_risk_engine.forecasting.volatility - INFO - MSFT Ridge                alpha=0.1 RMSE=0.09836 NRMSE=1.31518 R2=-0.72971 IC=-0.03094
2026-08-02 11:41:13,330 - options_risk_engine.forecasting.volatility - INFO - MSFT Ridge                alpha=1 RMSE=0.09781 NRMSE=1.30775 R2=-0.71020 IC=-0.05072
2026-08-02 11:41:13,332 - options_risk_engine.forecasting.volatility - INFO - MSFT Ridge                alpha=10 RMSE=0.09637 NRMSE=1.28861 R2=-0.66052 IC=-0.05241
2026-08-02 11:41:13,334 - options_risk_engine.forecasting.volatility - INFO - MSFT Ridge                alpha=100 RMSE=0.09140 NRMSE=1.22216 R2=-0.49368 IC=-0.03740
2026-08-02 11:41:13,335 - options_risk_engine.forecasting.volatility - INFO - MSFT Ridge                alpha=1000 RMSE=0.08417 NRMSE=1.12539 R2=-0.26651 IC=-0.03361
2026-08-02 11:41:13,337 - options_risk_engine.forecasting.volatility - INFO - MSFT Ridge PCA            alpha=0.0001 RMSE=0.09562 NRMSE=1.27859 R2=-0.63480 IC=-0.07146
2026-08-02 11:41:13,339 - options_risk_engine.forecasting.volatility - INFO - MSFT Ridge PCA            alpha=0.001 RMSE=0.09562 NRMSE=1.27859 R2=-0.63480 IC=-0.07146
2026-08-02 11:41:13,340 - options_risk_engine.forecasting.volatility - INFO - MSFT Ridge PCA            alpha=0.01 RMSE=0.09562 NRMSE=1.27859 R2=-0.63478 IC=-0.07145
2026-08-02 11:41:13,342 - options_risk_engine.forecasting.volatility - INFO - MSFT Ridge PCA            alpha=0.1 RMSE=0.09562 NRMSE=1.27850 R2=-0.63455 IC=-0.07142
2026-08-02 11:41:13,344 - options_risk_engine.forecasting.volatility - INFO - MSFT Ridge PCA            alpha=1 RMSE=0.09555 NRMSE=1.27761 R2=-0.63228 IC=-0.07109
2026-08-02 11:41:13,345 - options_risk_engine.forecasting.volatility - INFO - MSFT Ridge PCA            alpha=10 RMSE=0.09492 NRMSE=1.26924 R2=-0.61096 IC=-0.06792
2026-08-02 11:41:13,347 - options_risk_engine.forecasting.volatility - INFO - MSFT Ridge PCA            alpha=100 RMSE=0.09097 NRMSE=1.21631 R2=-0.47942 IC=-0.04782
2026-08-02 11:41:13,349 - options_risk_engine.forecasting.volatility - INFO - MSFT Ridge PCA            alpha=1000 RMSE=0.08422 NRMSE=1.12610 R2=-0.26809 IC=-0.03965
2026-08-02 11:41:13,351 - options_risk_engine.forecasting.volatility - INFO - MSFT Lasso                alpha=0.0001 RMSE=0.09819 NRMSE=1.31288 R2=-0.72367 IC=-0.03737
2026-08-02 11:41:13,353 - options_risk_engine.forecasting.volatility - INFO - MSFT Lasso                alpha=0.001 RMSE=0.09536 NRMSE=1.27508 R2=-0.62582 IC=-0.08360
2026-08-02 11:41:13,355 - options_risk_engine.forecasting.volatility - INFO - MSFT Lasso                alpha=0.01 RMSE=0.08695 NRMSE=1.16263 R2=-0.35170 IC=-0.11585
2026-08-02 11:41:13,356 - options_risk_engine.forecasting.volatility - INFO - MSFT Lasso                alpha=0.1 RMSE=0.08842 NRMSE=1.18225 R2=-0.39772 IC=-0.35506
2026-08-02 11:41:13,358 - options_risk_engine.forecasting.volatility - INFO - MSFT Lasso                alpha=1 RMSE=0.08842 NRMSE=1.18225 R2=-0.39772 IC=-0.35506
2026-08-02 11:41:13,360 - options_risk_engine.forecasting.volatility - INFO - MSFT Lasso PCA            alpha=0.0001 RMSE=0.09551 NRMSE=1.27701 R2=-0.63076 IC=-0.07138
2026-08-02 11:41:13,362 - options_risk_engine.forecasting.volatility - INFO - MSFT Lasso PCA            alpha=0.001 RMSE=0.09455 NRMSE=1.26416 R2=-0.59811 IC=-0.07083
2026-08-02 11:41:13,363 - options_risk_engine.forecasting.volatility - INFO - MSFT Lasso PCA            alpha=0.01 RMSE=0.08802 NRMSE=1.17691 R2=-0.38513 IC=-0.07801
2026-08-02 11:41:13,365 - options_risk_engine.forecasting.volatility - INFO - MSFT Lasso PCA            alpha=0.1 RMSE=0.08625 NRMSE=1.15323 R2=-0.32994 IC=-0.29033
2026-08-02 11:41:13,367 - options_risk_engine.forecasting.volatility - INFO - MSFT Lasso PCA            alpha=1 RMSE=0.08842 NRMSE=1.18225 R2=-0.39772 IC=-0.35506
2026-08-02 11:41:13,369 - options_risk_engine.forecasting.volatility - INFO - MSFT Random Forest        alpha=None RMSE=0.10488 NRMSE=1.40232 R2=-0.96651 IC=-0.07393
2026-08-02 11:41:13,371 - options_risk_engine.forecasting.volatility - INFO - MSFT Gradient Boosting    alpha=None RMSE=0.10120 NRMSE=1.35315 R2=-0.83100 IC=-0.06620
2026-08-02 11:41:13,373 - options_risk_engine.forecasting.volatility - INFO - MSFT HAR-RV               alpha=None RMSE=0.09716 NRMSE=1.29912 R2=-0.68771 IC=-0.13337
2026-08-02 11:41:13,374 - options_risk_engine.forecasting.volatility - INFO - MSFT GARCH                alpha=None RMSE=0.08325 NRMSE=1.11313 R2=-0.23905 IC=0.04316
2026-08-02 11:41:13,376 - options_risk_engine.forecasting.volatility - INFO - MSFT evaluation complete - best model=GARCH, alpha=nan, RMSE=0.08325, NRMSE=1.11313
2026-08-02 11:41:13,380 - options_risk_engine.forecasting.volatility - INFO - META starting model evaluation
2026-08-02 11:41:13,382 - options_risk_engine.forecasting.volatility - INFO - META has 971 usable rows and 21 features
2026-08-02 11:41:13,383 - options_risk_engine.forecasting.volatility - INFO - Creating model specifications
2026-08-02 11:41:13,383 - options_risk_engine.forecasting.volatility - INFO - Created 34 model configurations
2026-08-02 11:41:13,384 - options_risk_engine.forecasting.volatility - INFO - META walk-forward starts at row 284 with window=30, step=30, purge=32
2026-08-02 11:41:30,774 - options_risk_engine.forecasting.volatility - INFO - META completed 22 walk-forward folds
2026-08-02 11:41:30,776 - options_risk_engine.forecasting.volatility - INFO - META calculating model comparison metrics
2026-08-02 11:41:30,778 - options_risk_engine.forecasting.volatility - INFO - META Train Mean           alpha=None RMSE=0.14507 NRMSE=1.19096 R2=-0.41839 IC=-0.12845
2026-08-02 11:41:30,780 - options_risk_engine.forecasting.volatility - INFO - META RV20 Baseline        alpha=None RMSE=0.20570 NRMSE=1.68873 R2=-1.85181 IC=-0.17340
2026-08-02 11:41:30,783 - options_risk_engine.forecasting.volatility - INFO - META OLS                  alpha=None RMSE=0.20237 NRMSE=1.66144 R2=-1.76038 IC=-0.12235
2026-08-02 11:41:30,784 - options_risk_engine.forecasting.volatility - INFO - META OLS PCA              alpha=None RMSE=0.15624 NRMSE=1.28268 R2=-0.64527 IC=0.02020
2026-08-02 11:41:30,787 - options_risk_engine.forecasting.volatility - INFO - META Ridge                alpha=0.0001 RMSE=0.20235 NRMSE=1.66123 R2=-1.75968 IC=-0.12233
2026-08-02 11:41:30,789 - options_risk_engine.forecasting.volatility - INFO - META Ridge                alpha=0.001 RMSE=0.20212 NRMSE=1.65936 R2=-1.75347 IC=-0.12216
2026-08-02 11:41:30,791 - options_risk_engine.forecasting.volatility - INFO - META Ridge                alpha=0.01 RMSE=0.19996 NRMSE=1.64164 R2=-1.69498 IC=-0.12047
2026-08-02 11:41:30,792 - options_risk_engine.forecasting.volatility - INFO - META Ridge                alpha=0.1 RMSE=0.18614 NRMSE=1.52814 R2=-1.33521 IC=-0.10331
2026-08-02 11:41:30,795 - options_risk_engine.forecasting.volatility - INFO - META Ridge                alpha=1 RMSE=0.16780 NRMSE=1.37760 R2=-0.89779 IC=-0.04000
2026-08-02 11:41:30,799 - options_risk_engine.forecasting.volatility - INFO - META Ridge                alpha=10 RMSE=0.16220 NRMSE=1.33163 R2=-0.77325 IC=0.00200
2026-08-02 11:41:30,803 - options_risk_engine.forecasting.volatility - INFO - META Ridge                alpha=100 RMSE=0.14859 NRMSE=1.21988 R2=-0.48810 IC=-0.00626
2026-08-02 11:41:30,811 - options_risk_engine.forecasting.volatility - INFO - META Ridge                alpha=1000 RMSE=0.13927 NRMSE=1.14336 R2=-0.30727 IC=-0.13577
2026-08-02 11:41:30,818 - options_risk_engine.forecasting.volatility - INFO - META Ridge PCA            alpha=0.0001 RMSE=0.15624 NRMSE=1.28268 R2=-0.64527 IC=0.02020
2026-08-02 11:41:30,827 - options_risk_engine.forecasting.volatility - INFO - META Ridge PCA            alpha=0.001 RMSE=0.15624 NRMSE=1.28268 R2=-0.64527 IC=0.02020
2026-08-02 11:41:30,831 - options_risk_engine.forecasting.volatility - INFO - META Ridge PCA            alpha=0.01 RMSE=0.15624 NRMSE=1.28267 R2=-0.64524 IC=0.02020
2026-08-02 11:41:30,850 - options_risk_engine.forecasting.volatility - INFO - META Ridge PCA            alpha=0.1 RMSE=0.15622 NRMSE=1.28257 R2=-0.64498 IC=0.02017
2026-08-02 11:41:30,866 - options_risk_engine.forecasting.volatility - INFO - META Ridge PCA            alpha=1 RMSE=0.15610 NRMSE=1.28154 R2=-0.64235 IC=0.01986
2026-08-02 11:41:30,898 - options_risk_engine.forecasting.volatility - INFO - META Ridge PCA            alpha=10 RMSE=0.15492 NRMSE=1.27188 R2=-0.61768 IC=0.01678
2026-08-02 11:41:30,903 - options_risk_engine.forecasting.volatility - INFO - META Ridge PCA            alpha=100 RMSE=0.14773 NRMSE=1.21281 R2=-0.47090 IC=-0.01070
2026-08-02 11:41:30,905 - options_risk_engine.forecasting.volatility - INFO - META Ridge PCA            alpha=1000 RMSE=0.13981 NRMSE=1.14781 R2=-0.31746 IC=-0.13663
2026-08-02 11:41:30,907 - options_risk_engine.forecasting.volatility - INFO - META Lasso                alpha=0.0001 RMSE=0.18685 NRMSE=1.53400 R2=-1.35315 IC=-0.12709
2026-08-02 11:41:30,908 - options_risk_engine.forecasting.volatility - INFO - META Lasso                alpha=0.001 RMSE=0.16370 NRMSE=1.34396 R2=-0.80624 IC=0.00980
2026-08-02 11:41:30,910 - options_risk_engine.forecasting.volatility - INFO - META Lasso                alpha=0.01 RMSE=0.15531 NRMSE=1.27504 R2=-0.62573 IC=0.01041
2026-08-02 11:41:30,912 - options_risk_engine.forecasting.volatility - INFO - META Lasso                alpha=0.1 RMSE=0.14562 NRMSE=1.19553 R2=-0.42928 IC=-0.13743
2026-08-02 11:41:30,914 - options_risk_engine.forecasting.volatility - INFO - META Lasso                alpha=1 RMSE=0.14507 NRMSE=1.19096 R2=-0.41839 IC=-0.12845
2026-08-02 11:41:30,917 - options_risk_engine.forecasting.volatility - INFO - META Lasso PCA            alpha=0.0001 RMSE=0.15614 NRMSE=1.28192 R2=-0.64331 IC=0.01987
2026-08-02 11:41:30,919 - options_risk_engine.forecasting.volatility - INFO - META Lasso PCA            alpha=0.001 RMSE=0.15532 NRMSE=1.27517 R2=-0.62606 IC=0.01679
2026-08-02 11:41:30,921 - options_risk_engine.forecasting.volatility - INFO - META Lasso PCA            alpha=0.01 RMSE=0.14884 NRMSE=1.22192 R2=-0.49308 IC=-0.02273
2026-08-02 11:41:30,925 - options_risk_engine.forecasting.volatility - INFO - META Lasso PCA            alpha=0.1 RMSE=0.14774 NRMSE=1.21292 R2=-0.47117 IC=-0.26553
2026-08-02 11:41:30,927 - options_risk_engine.forecasting.volatility - INFO - META Lasso PCA            alpha=1 RMSE=0.14507 NRMSE=1.19096 R2=-0.41839 IC=-0.12845
2026-08-02 11:41:30,930 - options_risk_engine.forecasting.volatility - INFO - META Random Forest        alpha=None RMSE=0.16931 NRMSE=1.38999 R2=-0.93207 IC=-0.10558
2026-08-02 11:41:30,946 - options_risk_engine.forecasting.volatility - INFO - META Gradient Boosting    alpha=None RMSE=0.14921 NRMSE=1.22500 R2=-0.50062 IC=0.03979
2026-08-02 11:41:30,952 - options_risk_engine.forecasting.volatility - INFO - META HAR-RV               alpha=None RMSE=0.16757 NRMSE=1.37573 R2=-0.89262 IC=0.01569
2026-08-02 11:41:30,957 - options_risk_engine.forecasting.volatility - INFO - META GARCH                alpha=None RMSE=0.21776 NRMSE=1.78776 R2=-2.19610 IC=-0.01975
2026-08-02 11:41:30,959 - options_risk_engine.forecasting.volatility - INFO - META evaluation complete - best model=Ridge, alpha=1000.0, RMSE=0.13927, NRMSE=1.14336
2026-08-02 11:41:30,964 - options_risk_engine.forecasting.volatility - INFO - WMT starting model evaluation
2026-08-02 11:41:30,967 - options_risk_engine.forecasting.volatility - INFO - WMT has 971 usable rows and 21 features
2026-08-02 11:41:30,968 - options_risk_engine.forecasting.volatility - INFO - Creating model specifications
2026-08-02 11:41:30,969 - options_risk_engine.forecasting.volatility - INFO - Created 34 model configurations
2026-08-02 11:41:30,970 - options_risk_engine.forecasting.volatility - INFO - WMT walk-forward starts at row 284 with window=30, step=30, purge=32
2026-08-02 11:41:47,081 - options_risk_engine.forecasting.volatility - INFO - WMT completed 22 walk-forward folds
2026-08-02 11:41:47,082 - options_risk_engine.forecasting.volatility - INFO - WMT calculating model comparison metrics
2026-08-02 11:41:47,084 - options_risk_engine.forecasting.volatility - INFO - WMT Train Mean           alpha=None RMSE=0.07943 NRMSE=1.12322 R2=-0.26161 IC=0.23053
2026-08-02 11:41:47,085 - options_risk_engine.forecasting.volatility - INFO - WMT RV20 Baseline        alpha=None RMSE=0.09972 NRMSE=1.41001 R2=-0.98812 IC=0.16391
2026-08-02 11:41:47,087 - options_risk_engine.forecasting.volatility - INFO - WMT OLS                  alpha=None RMSE=0.10481 NRMSE=1.48210 R2=-1.19662 IC=-0.01525
2026-08-02 11:41:47,089 - options_risk_engine.forecasting.volatility - INFO - WMT OLS PCA              alpha=None RMSE=0.08305 NRMSE=1.17429 R2=-0.37896 IC=0.03277
2026-08-02 11:41:47,090 - options_risk_engine.forecasting.volatility - INFO - WMT Ridge                alpha=0.0001 RMSE=0.10481 NRMSE=1.48200 R2=-1.19632 IC=-0.01525
2026-08-02 11:41:47,092 - options_risk_engine.forecasting.volatility - INFO - WMT Ridge                alpha=0.001 RMSE=0.10474 NRMSE=1.48108 R2=-1.19361 IC=-0.01530
2026-08-02 11:41:47,094 - options_risk_engine.forecasting.volatility - INFO - WMT Ridge                alpha=0.01 RMSE=0.10413 NRMSE=1.47245 R2=-1.16812 IC=-0.01579
2026-08-02 11:41:47,095 - options_risk_engine.forecasting.volatility - INFO - WMT Ridge                alpha=0.1 RMSE=0.10027 NRMSE=1.41782 R2=-1.01023 IC=-0.01894
2026-08-02 11:41:47,097 - options_risk_engine.forecasting.volatility - INFO - WMT Ridge                alpha=1 RMSE=0.09354 NRMSE=1.32271 R2=-0.74956 IC=-0.01860
2026-08-02 11:41:47,099 - options_risk_engine.forecasting.volatility - INFO - WMT Ridge                alpha=10 RMSE=0.08761 NRMSE=1.23883 R2=-0.53469 IC=0.02083
2026-08-02 11:41:47,100 - options_risk_engine.forecasting.volatility - INFO - WMT Ridge                alpha=100 RMSE=0.08149 NRMSE=1.15225 R2=-0.32767 IC=0.07524
2026-08-02 11:41:47,102 - options_risk_engine.forecasting.volatility - INFO - WMT Ridge                alpha=1000 RMSE=0.07914 NRMSE=1.11904 R2=-0.25225 IC=0.11965
2026-08-02 11:41:47,104 - options_risk_engine.forecasting.volatility - INFO - WMT Ridge PCA            alpha=0.0001 RMSE=0.08305 NRMSE=1.17429 R2=-0.37896 IC=0.03277
2026-08-02 11:41:47,105 - options_risk_engine.forecasting.volatility - INFO - WMT Ridge PCA            alpha=0.001 RMSE=0.08305 NRMSE=1.17429 R2=-0.37896 IC=0.03277
2026-08-02 11:41:47,107 - options_risk_engine.forecasting.volatility - INFO - WMT Ridge PCA            alpha=0.01 RMSE=0.08305 NRMSE=1.17429 R2=-0.37895 IC=0.03277
2026-08-02 11:41:47,109 - options_risk_engine.forecasting.volatility - INFO - WMT Ridge PCA            alpha=0.1 RMSE=0.08304 NRMSE=1.17425 R2=-0.37886 IC=0.03281
2026-08-02 11:41:47,110 - options_risk_engine.forecasting.volatility - INFO - WMT Ridge PCA            alpha=1 RMSE=0.08302 NRMSE=1.17389 R2=-0.37801 IC=0.03316
2026-08-02 11:41:47,111 - options_risk_engine.forecasting.volatility - INFO - WMT Ridge PCA            alpha=10 RMSE=0.08278 NRMSE=1.17049 R2=-0.37005 IC=0.03654
2026-08-02 11:41:47,113 - options_risk_engine.forecasting.volatility - INFO - WMT Ridge PCA            alpha=100 RMSE=0.08141 NRMSE=1.15112 R2=-0.32509 IC=0.06005
2026-08-02 11:41:47,114 - options_risk_engine.forecasting.volatility - INFO - WMT Ridge PCA            alpha=1000 RMSE=0.07945 NRMSE=1.12342 R2=-0.26208 IC=0.11297
2026-08-02 11:41:47,117 - options_risk_engine.forecasting.volatility - INFO - WMT Lasso                alpha=0.0001 RMSE=0.09299 NRMSE=1.31489 R2=-0.72894 IC=-0.00161
2026-08-02 11:41:47,118 - options_risk_engine.forecasting.volatility - INFO - WMT Lasso                alpha=0.001 RMSE=0.08682 NRMSE=1.22763 R2=-0.50708 IC=0.01923
2026-08-02 11:41:47,120 - options_risk_engine.forecasting.volatility - INFO - WMT Lasso                alpha=0.01 RMSE=0.08319 NRMSE=1.17636 R2=-0.38381 IC=-0.06811
2026-08-02 11:41:47,121 - options_risk_engine.forecasting.volatility - INFO - WMT Lasso                alpha=0.1 RMSE=0.07943 NRMSE=1.12322 R2=-0.26161 IC=0.23053
2026-08-02 11:41:47,123 - options_risk_engine.forecasting.volatility - INFO - WMT Lasso                alpha=1 RMSE=0.07943 NRMSE=1.12322 R2=-0.26161 IC=0.23053
2026-08-02 11:41:47,125 - options_risk_engine.forecasting.volatility - INFO - WMT Lasso PCA            alpha=0.0001 RMSE=0.08296 NRMSE=1.17314 R2=-0.37626 IC=0.03384
2026-08-02 11:41:47,127 - options_risk_engine.forecasting.volatility - INFO - WMT Lasso PCA            alpha=0.001 RMSE=0.08229 NRMSE=1.16363 R2=-0.35404 IC=0.04331
2026-08-02 11:41:47,128 - options_risk_engine.forecasting.volatility - INFO - WMT Lasso PCA            alpha=0.01 RMSE=0.08131 NRMSE=1.14975 R2=-0.32193 IC=0.08996
2026-08-02 11:41:47,130 - options_risk_engine.forecasting.volatility - INFO - WMT Lasso PCA            alpha=0.1 RMSE=0.07997 NRMSE=1.13082 R2=-0.27875 IC=0.18300
2026-08-02 11:41:47,131 - options_risk_engine.forecasting.volatility - INFO - WMT Lasso PCA            alpha=1 RMSE=0.07943 NRMSE=1.12322 R2=-0.26161 IC=0.23053
2026-08-02 11:41:47,133 - options_risk_engine.forecasting.volatility - INFO - WMT Random Forest        alpha=None RMSE=0.08553 NRMSE=1.20946 R2=-0.46280 IC=-0.07730
2026-08-02 11:41:47,135 - options_risk_engine.forecasting.volatility - INFO - WMT Gradient Boosting    alpha=None RMSE=0.08800 NRMSE=1.24436 R2=-0.54843 IC=-0.07880
2026-08-02 11:41:47,137 - options_risk_engine.forecasting.volatility - INFO - WMT HAR-RV               alpha=None RMSE=0.08569 NRMSE=1.21167 R2=-0.46814 IC=-0.19010
2026-08-02 11:41:47,138 - options_risk_engine.forecasting.volatility - INFO - WMT GARCH                alpha=None RMSE=0.08412 NRMSE=1.18944 R2=-0.41476 IC=0.12352
2026-08-02 11:41:47,139 - options_risk_engine.forecasting.volatility - INFO - WMT evaluation complete - best model=Ridge, alpha=1000.0, RMSE=0.07914, NRMSE=1.11904
2026-08-02 11:41:47,143 - options_risk_engine.forecasting.volatility - INFO - GOOGL starting model evaluation
2026-08-02 11:41:47,144 - options_risk_engine.forecasting.volatility - INFO - GOOGL has 971 usable rows and 21 features
2026-08-02 11:41:47,145 - options_risk_engine.forecasting.volatility - INFO - Creating model specifications
2026-08-02 11:41:47,145 - options_risk_engine.forecasting.volatility - INFO - Created 34 model configurations
2026-08-02 11:41:47,146 - options_risk_engine.forecasting.volatility - INFO - GOOGL walk-forward starts at row 284 with window=30, step=30, purge=32
2026-08-02 11:42:03,543 - options_risk_engine.forecasting.volatility - INFO - GOOGL completed 22 walk-forward folds
2026-08-02 11:42:03,544 - options_risk_engine.forecasting.volatility - INFO - GOOGL calculating model comparison metrics
2026-08-02 11:42:03,546 - options_risk_engine.forecasting.volatility - INFO - GOOGL Train Mean           alpha=None RMSE=0.07436 NRMSE=1.07006 R2=-0.14504 IC=-0.20185
2026-08-02 11:42:03,548 - options_risk_engine.forecasting.volatility - INFO - GOOGL RV20 Baseline        alpha=None RMSE=0.11222 NRMSE=1.61477 R2=-1.60747 IC=-0.03534
2026-08-02 11:42:03,549 - options_risk_engine.forecasting.volatility - INFO - GOOGL OLS                  alpha=None RMSE=0.09815 NRMSE=1.41226 R2=-0.99448 IC=0.12447
2026-08-02 11:42:03,551 - options_risk_engine.forecasting.volatility - INFO - GOOGL OLS PCA              alpha=None RMSE=0.08116 NRMSE=1.16786 R2=-0.36389 IC=-0.01547
2026-08-02 11:42:03,553 - options_risk_engine.forecasting.volatility - INFO - GOOGL Ridge                alpha=0.0001 RMSE=0.09813 NRMSE=1.41208 R2=-0.99396 IC=0.12444
2026-08-02 11:42:03,554 - options_risk_engine.forecasting.volatility - INFO - GOOGL Ridge                alpha=0.001 RMSE=0.09802 NRMSE=1.41043 R2=-0.98931 IC=0.12419
2026-08-02 11:42:03,556 - options_risk_engine.forecasting.volatility - INFO - GOOGL Ridge                alpha=0.01 RMSE=0.09697 NRMSE=1.39539 R2=-0.94713 IC=0.12174
2026-08-02 11:42:03,558 - options_risk_engine.forecasting.volatility - INFO - GOOGL Ridge                alpha=0.1 RMSE=0.09173 NRMSE=1.31991 R2=-0.74216 IC=0.10369
2026-08-02 11:42:03,559 - options_risk_engine.forecasting.volatility - INFO - GOOGL Ridge                alpha=1 RMSE=0.08597 NRMSE=1.23709 R2=-0.53038 IC=0.07439
2026-08-02 11:42:03,561 - options_risk_engine.forecasting.volatility - INFO - GOOGL Ridge                alpha=10 RMSE=0.08158 NRMSE=1.17389 R2=-0.37801 IC=0.07840
2026-08-02 11:42:03,563 - options_risk_engine.forecasting.volatility - INFO - GOOGL Ridge                alpha=100 RMSE=0.07810 NRMSE=1.12383 R2=-0.26299 IC=0.02448
2026-08-02 11:42:03,564 - options_risk_engine.forecasting.volatility - INFO - GOOGL Ridge                alpha=1000 RMSE=0.07485 NRMSE=1.07697 R2=-0.15987 IC=-0.12187
2026-08-02 11:42:03,566 - options_risk_engine.forecasting.volatility - INFO - GOOGL Ridge PCA            alpha=0.0001 RMSE=0.08116 NRMSE=1.16786 R2=-0.36389 IC=-0.01547
2026-08-02 11:42:03,568 - options_risk_engine.forecasting.volatility - INFO - GOOGL Ridge PCA            alpha=0.001 RMSE=0.08116 NRMSE=1.16786 R2=-0.36389 IC=-0.01548
2026-08-02 11:42:03,570 - options_risk_engine.forecasting.volatility - INFO - GOOGL Ridge PCA            alpha=0.01 RMSE=0.08116 NRMSE=1.16786 R2=-0.36389 IC=-0.01548
2026-08-02 11:42:03,571 - options_risk_engine.forecasting.volatility - INFO - GOOGL Ridge PCA            alpha=0.1 RMSE=0.08116 NRMSE=1.16782 R2=-0.36381 IC=-0.01552
2026-08-02 11:42:03,573 - options_risk_engine.forecasting.volatility - INFO - GOOGL Ridge PCA            alpha=1 RMSE=0.08114 NRMSE=1.16750 R2=-0.36305 IC=-0.01589
2026-08-02 11:42:03,574 - options_risk_engine.forecasting.volatility - INFO - GOOGL Ridge PCA            alpha=10 RMSE=0.08092 NRMSE=1.16436 R2=-0.35574 IC=-0.01951
2026-08-02 11:42:03,576 - options_risk_engine.forecasting.volatility - INFO - GOOGL Ridge PCA            alpha=100 RMSE=0.07930 NRMSE=1.14106 R2=-0.30202 IC=-0.04676
2026-08-02 11:42:03,578 - options_risk_engine.forecasting.volatility - INFO - GOOGL Ridge PCA            alpha=1000 RMSE=0.07532 NRMSE=1.08377 R2=-0.17455 IC=-0.14719
2026-08-02 11:42:03,580 - options_risk_engine.forecasting.volatility - INFO - GOOGL Lasso                alpha=0.0001 RMSE=0.09202 NRMSE=1.32408 R2=-0.75318 IC=0.12169
2026-08-02 11:42:03,581 - options_risk_engine.forecasting.volatility - INFO - GOOGL Lasso                alpha=0.001 RMSE=0.08162 NRMSE=1.17443 R2=-0.37929 IC=0.07169
2026-08-02 11:42:03,583 - options_risk_engine.forecasting.volatility - INFO - GOOGL Lasso                alpha=0.01 RMSE=0.07513 NRMSE=1.08103 R2=-0.16863 IC=-0.12171
2026-08-02 11:42:03,584 - options_risk_engine.forecasting.volatility - INFO - GOOGL Lasso                alpha=0.1 RMSE=0.07436 NRMSE=1.07006 R2=-0.14504 IC=-0.20185
2026-08-02 11:42:03,586 - options_risk_engine.forecasting.volatility - INFO - GOOGL Lasso                alpha=1 RMSE=0.07436 NRMSE=1.07006 R2=-0.14504 IC=-0.20185
2026-08-02 11:42:03,587 - options_risk_engine.forecasting.volatility - INFO - GOOGL Lasso PCA            alpha=0.0001 RMSE=0.08110 NRMSE=1.16696 R2=-0.36179 IC=-0.01576
2026-08-02 11:42:03,589 - options_risk_engine.forecasting.volatility - INFO - GOOGL Lasso PCA            alpha=0.001 RMSE=0.08058 NRMSE=1.15949 R2=-0.34442 IC=-0.01884
2026-08-02 11:42:03,590 - options_risk_engine.forecasting.volatility - INFO - GOOGL Lasso PCA            alpha=0.01 RMSE=0.07663 NRMSE=1.10263 R2=-0.21579 IC=-0.06975
2026-08-02 11:42:03,592 - options_risk_engine.forecasting.volatility - INFO - GOOGL Lasso PCA            alpha=0.1 RMSE=0.07436 NRMSE=1.07006 R2=-0.14504 IC=-0.20185
2026-08-02 11:42:03,593 - options_risk_engine.forecasting.volatility - INFO - GOOGL Lasso PCA            alpha=1 RMSE=0.07436 NRMSE=1.07006 R2=-0.14504 IC=-0.20185
2026-08-02 11:42:03,595 - options_risk_engine.forecasting.volatility - INFO - GOOGL Random Forest        alpha=None RMSE=0.09536 NRMSE=1.37222 R2=-0.88298 IC=-0.18376
2026-08-02 11:42:03,597 - options_risk_engine.forecasting.volatility - INFO - GOOGL Gradient Boosting    alpha=None RMSE=0.09185 NRMSE=1.32162 R2=-0.74668 IC=-0.11726
2026-08-02 11:42:03,598 - options_risk_engine.forecasting.volatility - INFO - GOOGL HAR-RV               alpha=None RMSE=0.08313 NRMSE=1.19621 R2=-0.43093 IC=-0.17770
2026-08-02 11:42:03,600 - options_risk_engine.forecasting.volatility - INFO - GOOGL GARCH                alpha=None RMSE=0.07616 NRMSE=1.09596 R2=-0.20113 IC=-0.29409
2026-08-02 11:42:03,601 - options_risk_engine.forecasting.volatility - INFO - GOOGL evaluation complete - best model=Train Mean, alpha=nan, RMSE=0.07436, NRMSE=1.07006
2026-08-02 11:42:03,604 - options_risk_engine.forecasting.volatility - INFO - AMZN starting model evaluation
2026-08-02 11:42:03,606 - options_risk_engine.forecasting.volatility - INFO - AMZN has 971 usable rows and 21 features
2026-08-02 11:42:03,607 - options_risk_engine.forecasting.volatility - INFO - Creating model specifications
2026-08-02 11:42:03,607 - options_risk_engine.forecasting.volatility - INFO - Created 34 model configurations
2026-08-02 11:42:03,608 - options_risk_engine.forecasting.volatility - INFO - AMZN walk-forward starts at row 284 with window=30, step=30, purge=32
2026-08-02 11:42:19,836 - options_risk_engine.forecasting.volatility - INFO - AMZN completed 22 walk-forward folds
2026-08-02 11:42:19,838 - options_risk_engine.forecasting.volatility - INFO - AMZN calculating model comparison metrics
2026-08-02 11:42:19,839 - options_risk_engine.forecasting.volatility - INFO - AMZN Train Mean           alpha=None RMSE=0.09926 NRMSE=1.16814 R2=-0.36456 IC=-0.25176
2026-08-02 11:42:19,841 - options_risk_engine.forecasting.volatility - INFO - AMZN RV20 Baseline        alpha=None RMSE=0.13576 NRMSE=1.59759 R2=-1.55229 IC=-0.07732
2026-08-02 11:42:19,843 - options_risk_engine.forecasting.volatility - INFO - AMZN OLS                  alpha=None RMSE=0.11565 NRMSE=1.36093 R2=-0.85212 IC=0.09202
2026-08-02 11:42:19,844 - options_risk_engine.forecasting.volatility - INFO - AMZN OLS PCA              alpha=None RMSE=0.09816 NRMSE=1.15513 R2=-0.33432 IC=0.08226
2026-08-02 11:42:19,846 - options_risk_engine.forecasting.volatility - INFO - AMZN Ridge                alpha=0.0001 RMSE=0.11564 NRMSE=1.36089 R2=-0.85202 IC=0.09200
2026-08-02 11:42:19,848 - options_risk_engine.forecasting.volatility - INFO - AMZN Ridge                alpha=0.001 RMSE=0.11562 NRMSE=1.36057 R2=-0.85115 IC=0.09182
2026-08-02 11:42:19,849 - options_risk_engine.forecasting.volatility - INFO - AMZN Ridge                alpha=0.01 RMSE=0.11536 NRMSE=1.35750 R2=-0.84281 IC=0.09007
2026-08-02 11:42:19,851 - options_risk_engine.forecasting.volatility - INFO - AMZN Ridge                alpha=0.1 RMSE=0.11345 NRMSE=1.33510 R2=-0.78250 IC=0.07910
2026-08-02 11:42:19,853 - options_risk_engine.forecasting.volatility - INFO - AMZN Ridge                alpha=1 RMSE=0.10721 NRMSE=1.26166 R2=-0.59177 IC=0.06181
2026-08-02 11:42:19,854 - options_risk_engine.forecasting.volatility - INFO - AMZN Ridge                alpha=10 RMSE=0.10173 NRMSE=1.19716 R2=-0.43320 IC=0.05639
2026-08-02 11:42:19,856 - options_risk_engine.forecasting.volatility - INFO - AMZN Ridge                alpha=100 RMSE=0.09569 NRMSE=1.12611 R2=-0.26812 IC=0.05235
2026-08-02 11:42:19,857 - options_risk_engine.forecasting.volatility - INFO - AMZN Ridge                alpha=1000 RMSE=0.09323 NRMSE=1.09712 R2=-0.20367 IC=-0.10137
2026-08-02 11:42:19,859 - options_risk_engine.forecasting.volatility - INFO - AMZN Ridge PCA            alpha=0.0001 RMSE=0.09816 NRMSE=1.15513 R2=-0.33432 IC=0.08226
2026-08-02 11:42:19,861 - options_risk_engine.forecasting.volatility - INFO - AMZN Ridge PCA            alpha=0.001 RMSE=0.09816 NRMSE=1.15513 R2=-0.33432 IC=0.08226
2026-08-02 11:42:19,862 - options_risk_engine.forecasting.volatility - INFO - AMZN Ridge PCA            alpha=0.01 RMSE=0.09816 NRMSE=1.15512 R2=-0.33431 IC=0.08226
2026-08-02 11:42:19,864 - options_risk_engine.forecasting.volatility - INFO - AMZN Ridge PCA            alpha=0.1 RMSE=0.09815 NRMSE=1.15507 R2=-0.33418 IC=0.08224
2026-08-02 11:42:19,865 - options_risk_engine.forecasting.volatility - INFO - AMZN Ridge PCA            alpha=1 RMSE=0.09811 NRMSE=1.15453 R2=-0.33294 IC=0.08207
2026-08-02 11:42:19,867 - options_risk_engine.forecasting.volatility - INFO - AMZN Ridge PCA            alpha=10 RMSE=0.09768 NRMSE=1.14946 R2=-0.32125 IC=0.08027
2026-08-02 11:42:19,869 - options_risk_engine.forecasting.volatility - INFO - AMZN Ridge PCA            alpha=100 RMSE=0.09501 NRMSE=1.11810 R2=-0.25014 IC=0.05842
2026-08-02 11:42:19,870 - options_risk_engine.forecasting.volatility - INFO - AMZN Ridge PCA            alpha=1000 RMSE=0.09321 NRMSE=1.09690 R2=-0.20319 IC=-0.10037
2026-08-02 11:42:19,871 - options_risk_engine.forecasting.volatility - INFO - AMZN Lasso                alpha=0.0001 RMSE=0.11287 NRMSE=1.32821 R2=-0.76413 IC=0.06921
2026-08-02 11:42:19,873 - options_risk_engine.forecasting.volatility - INFO - AMZN Lasso                alpha=0.001 RMSE=0.10223 NRMSE=1.20299 R2=-0.44717 IC=0.03921
2026-08-02 11:42:19,875 - options_risk_engine.forecasting.volatility - INFO - AMZN Lasso                alpha=0.01 RMSE=0.10038 NRMSE=1.18125 R2=-0.39535 IC=-0.10457
2026-08-02 11:42:19,876 - options_risk_engine.forecasting.volatility - INFO - AMZN Lasso                alpha=0.1 RMSE=0.09926 NRMSE=1.16814 R2=-0.36456 IC=-0.25176
2026-08-02 11:42:19,878 - options_risk_engine.forecasting.volatility - INFO - AMZN Lasso                alpha=1 RMSE=0.09926 NRMSE=1.16814 R2=-0.36456 IC=-0.25176
2026-08-02 11:42:19,880 - options_risk_engine.forecasting.volatility - INFO - AMZN Lasso PCA            alpha=0.0001 RMSE=0.09812 NRMSE=1.15463 R2=-0.33317 IC=0.08120
2026-08-02 11:42:19,881 - options_risk_engine.forecasting.volatility - INFO - AMZN Lasso PCA            alpha=0.001 RMSE=0.09774 NRMSE=1.15024 R2=-0.32306 IC=0.07164
2026-08-02 11:42:19,883 - options_risk_engine.forecasting.volatility - INFO - AMZN Lasso PCA            alpha=0.01 RMSE=0.09568 NRMSE=1.12597 R2=-0.26780 IC=-0.02421
2026-08-02 11:42:19,884 - options_risk_engine.forecasting.volatility - INFO - AMZN Lasso PCA            alpha=0.1 RMSE=0.09897 NRMSE=1.16473 R2=-0.35660 IC=-0.26160
2026-08-02 11:42:19,886 - options_risk_engine.forecasting.volatility - INFO - AMZN Lasso PCA            alpha=1 RMSE=0.09926 NRMSE=1.16814 R2=-0.36456 IC=-0.25176
2026-08-02 11:42:19,887 - options_risk_engine.forecasting.volatility - INFO - AMZN Random Forest        alpha=None RMSE=0.13022 NRMSE=1.53237 R2=-1.34816 IC=-0.21254
2026-08-02 11:42:19,889 - options_risk_engine.forecasting.volatility - INFO - AMZN Gradient Boosting    alpha=None RMSE=0.13195 NRMSE=1.55276 R2=-1.41107 IC=-0.20027
2026-08-02 11:42:19,890 - options_risk_engine.forecasting.volatility - INFO - AMZN HAR-RV               alpha=None RMSE=0.10573 NRMSE=1.24425 R2=-0.54816 IC=-0.11051
2026-08-02 11:42:19,892 - options_risk_engine.forecasting.volatility - INFO - AMZN GARCH                alpha=None RMSE=0.10847 NRMSE=1.27649 R2=-0.62942 IC=-0.22516
2026-08-02 11:42:19,893 - options_risk_engine.forecasting.volatility - INFO - AMZN evaluation complete - best model=Ridge PCA, alpha=1000.0, RMSE=0.09321, NRMSE=1.09690
2026-08-02 11:42:19,897 - options_risk_engine.forecasting.volatility - INFO - HCA starting model evaluation
2026-08-02 11:42:19,899 - options_risk_engine.forecasting.volatility - INFO - HCA has 971 usable rows and 21 features
2026-08-02 11:42:19,899 - options_risk_engine.forecasting.volatility - INFO - Creating model specifications
2026-08-02 11:42:19,899 - options_risk_engine.forecasting.volatility - INFO - Created 34 model configurations
2026-08-02 11:42:19,900 - options_risk_engine.forecasting.volatility - INFO - HCA walk-forward starts at row 284 with window=30, step=30, purge=32
2026-08-02 11:42:36,289 - options_risk_engine.forecasting.volatility - INFO - HCA completed 22 walk-forward folds
2026-08-02 11:42:36,291 - options_risk_engine.forecasting.volatility - INFO - HCA calculating model comparison metrics
2026-08-02 11:42:36,293 - options_risk_engine.forecasting.volatility - INFO - HCA Train Mean           alpha=None RMSE=0.06185 NRMSE=1.02731 R2=-0.05536 IC=-0.00939
2026-08-02 11:42:36,295 - options_risk_engine.forecasting.volatility - INFO - HCA RV20 Baseline        alpha=None RMSE=0.10173 NRMSE=1.68971 R2=-1.85512 IC=-0.14081
2026-08-02 11:42:36,297 - options_risk_engine.forecasting.volatility - INFO - HCA OLS                  alpha=None RMSE=0.21718 NRMSE=3.60716 R2=-12.01159 IC=-0.12365
2026-08-02 11:42:36,299 - options_risk_engine.forecasting.volatility - INFO - HCA OLS PCA              alpha=None RMSE=0.06819 NRMSE=1.13266 R2=-0.28291 IC=-0.01169
2026-08-02 11:42:36,301 - options_risk_engine.forecasting.volatility - INFO - HCA Ridge                alpha=0.0001 RMSE=0.21700 NRMSE=3.60413 R2=-11.98973 IC=-0.12361
2026-08-02 11:42:36,302 - options_risk_engine.forecasting.volatility - INFO - HCA Ridge                alpha=0.001 RMSE=0.21537 NRMSE=3.57713 R2=-11.79586 IC=-0.12328
2026-08-02 11:42:36,304 - options_risk_engine.forecasting.volatility - INFO - HCA Ridge                alpha=0.01 RMSE=0.20064 NRMSE=3.33245 R2=-10.10525 IC=-0.12001
2026-08-02 11:42:36,306 - options_risk_engine.forecasting.volatility - INFO - HCA Ridge                alpha=0.1 RMSE=0.12889 NRMSE=2.14082 R2=-3.58310 IC=-0.08870
2026-08-02 11:42:36,307 - options_risk_engine.forecasting.volatility - INFO - HCA Ridge                alpha=1 RMSE=0.07162 NRMSE=1.18952 R2=-0.41496 IC=0.04605
2026-08-02 11:42:36,309 - options_risk_engine.forecasting.volatility - INFO - HCA Ridge                alpha=10 RMSE=0.06615 NRMSE=1.09873 R2=-0.20721 IC=0.05242
2026-08-02 11:42:36,311 - options_risk_engine.forecasting.volatility - INFO - HCA Ridge                alpha=100 RMSE=0.06632 NRMSE=1.10160 R2=-0.21353 IC=0.00063
2026-08-02 11:42:36,313 - options_risk_engine.forecasting.volatility - INFO - HCA Ridge                alpha=1000 RMSE=0.06539 NRMSE=1.08608 R2=-0.17958 IC=-0.05587
2026-08-02 11:42:36,315 - options_risk_engine.forecasting.volatility - INFO - HCA Ridge PCA            alpha=0.0001 RMSE=0.06819 NRMSE=1.13266 R2=-0.28291 IC=-0.01169
2026-08-02 11:42:36,316 - options_risk_engine.forecasting.volatility - INFO - HCA Ridge PCA            alpha=0.001 RMSE=0.06819 NRMSE=1.13266 R2=-0.28291 IC=-0.01169
2026-08-02 11:42:36,318 - options_risk_engine.forecasting.volatility - INFO - HCA Ridge PCA            alpha=0.01 RMSE=0.06819 NRMSE=1.13265 R2=-0.28291 IC=-0.01169
2026-08-02 11:42:36,320 - options_risk_engine.forecasting.volatility - INFO - HCA Ridge PCA            alpha=0.1 RMSE=0.06819 NRMSE=1.13262 R2=-0.28284 IC=-0.01169
2026-08-02 11:42:36,321 - options_risk_engine.forecasting.volatility - INFO - HCA Ridge PCA            alpha=1 RMSE=0.06817 NRMSE=1.13232 R2=-0.28216 IC=-0.01170
2026-08-02 11:42:36,323 - options_risk_engine.forecasting.volatility - INFO - HCA Ridge PCA            alpha=10 RMSE=0.06801 NRMSE=1.12953 R2=-0.27583 IC=-0.01179
2026-08-02 11:42:36,325 - options_risk_engine.forecasting.volatility - INFO - HCA Ridge PCA            alpha=100 RMSE=0.06702 NRMSE=1.11310 R2=-0.23899 IC=-0.01562
2026-08-02 11:42:36,327 - options_risk_engine.forecasting.volatility - INFO - HCA Ridge PCA            alpha=1000 RMSE=0.06548 NRMSE=1.08756 R2=-0.18278 IC=-0.05877
2026-08-02 11:42:36,328 - options_risk_engine.forecasting.volatility - INFO - HCA Lasso                alpha=0.0001 RMSE=0.15974 NRMSE=2.65317 R2=-6.03930 IC=-0.10930
2026-08-02 11:42:36,330 - options_risk_engine.forecasting.volatility - INFO - HCA Lasso                alpha=0.001 RMSE=0.06882 NRMSE=1.14311 R2=-0.30669 IC=-0.03641
2026-08-02 11:42:36,332 - options_risk_engine.forecasting.volatility - INFO - HCA Lasso                alpha=0.01 RMSE=0.06821 NRMSE=1.13295 R2=-0.28357 IC=-0.13720
2026-08-02 11:42:36,333 - options_risk_engine.forecasting.volatility - INFO - HCA Lasso                alpha=0.1 RMSE=0.06185 NRMSE=1.02731 R2=-0.05536 IC=-0.00939
2026-08-02 11:42:36,335 - options_risk_engine.forecasting.volatility - INFO - HCA Lasso                alpha=1 RMSE=0.06185 NRMSE=1.02731 R2=-0.05536 IC=-0.00939
2026-08-02 11:42:36,337 - options_risk_engine.forecasting.volatility - INFO - HCA Lasso PCA            alpha=0.0001 RMSE=0.06815 NRMSE=1.13189 R2=-0.28118 IC=-0.01299
2026-08-02 11:42:36,338 - options_risk_engine.forecasting.volatility - INFO - HCA Lasso PCA            alpha=0.001 RMSE=0.06776 NRMSE=1.12540 R2=-0.26653 IC=-0.02437
2026-08-02 11:42:36,340 - options_risk_engine.forecasting.volatility - INFO - HCA Lasso PCA            alpha=0.01 RMSE=0.06825 NRMSE=1.13353 R2=-0.28489 IC=-0.14368
2026-08-02 11:42:36,341 - options_risk_engine.forecasting.volatility - INFO - HCA Lasso PCA            alpha=0.1 RMSE=0.06269 NRMSE=1.04120 R2=-0.08409 IC=-0.03019
2026-08-02 11:42:36,343 - options_risk_engine.forecasting.volatility - INFO - HCA Lasso PCA            alpha=1 RMSE=0.06185 NRMSE=1.02731 R2=-0.05536 IC=-0.00939
2026-08-02 11:42:36,345 - options_risk_engine.forecasting.volatility - INFO - HCA Random Forest        alpha=None RMSE=0.08030 NRMSE=1.33373 R2=-0.77884 IC=-0.02279
2026-08-02 11:42:36,346 - options_risk_engine.forecasting.volatility - INFO - HCA Gradient Boosting    alpha=None RMSE=0.08254 NRMSE=1.37091 R2=-0.87941 IC=-0.06258
2026-08-02 11:42:36,348 - options_risk_engine.forecasting.volatility - INFO - HCA HAR-RV               alpha=None RMSE=0.06672 NRMSE=1.10810 R2=-0.22790 IC=-0.04266
2026-08-02 11:42:36,350 - options_risk_engine.forecasting.volatility - INFO - HCA GARCH                alpha=None RMSE=0.06575 NRMSE=1.09207 R2=-0.19261 IC=-0.08204
2026-08-02 11:42:36,351 - options_risk_engine.forecasting.volatility - INFO - HCA evaluation complete - best model=Train Mean, alpha=nan, RMSE=0.06185, NRMSE=1.02731
2026-08-02 11:42:36,360 - options_risk_engine.database - INFO - Stored 238 rows in model_evaluations
2026-08-02 11:42:36,393 - options_risk_engine.database - INFO - Stored 238 rows in model_evaluations
2026-08-02 11:42:36,775 - options_risk_engine.pricing.chains - INFO - Downloading option chains for 7 ticker objects
2026-08-02 11:42:36,776 - options_risk_engine.pricing.chains - INFO - Downloading option chain for AAPL nearest to 2026-09-16
2026-08-02 11:42:37,077 - options_risk_engine.pricing.chains - INFO - AAPL chain loaded for 2026-09-18: 93 calls and 74 puts
2026-08-02 11:42:37,077 - options_risk_engine.pricing.chains - INFO - Downloading option chain for MSFT nearest to 2026-09-16
2026-08-02 11:42:37,245 - options_risk_engine.pricing.chains - INFO - MSFT chain loaded for 2026-09-18: 90 calls and 82 puts
2026-08-02 11:42:37,246 - options_risk_engine.pricing.chains - INFO - Downloading option chain for META nearest to 2026-09-16
2026-08-02 11:42:37,486 - options_risk_engine.pricing.chains - INFO - META chain loaded for 2026-09-18: 190 calls and 146 puts
2026-08-02 11:42:37,487 - options_risk_engine.pricing.chains - INFO - Downloading option chain for WMT nearest to 2026-09-16
2026-08-02 11:42:37,638 - options_risk_engine.pricing.chains - INFO - WMT chain loaded for 2026-09-18: 34 calls and 28 puts
2026-08-02 11:42:37,639 - options_risk_engine.pricing.chains - INFO - Downloading option chain for GOOGL nearest to 2026-09-16
2026-08-02 11:42:37,803 - options_risk_engine.pricing.chains - INFO - GOOGL chain loaded for 2026-09-18: 134 calls and 98 puts
2026-08-02 11:42:37,804 - options_risk_engine.pricing.chains - INFO - Downloading option chain for AMZN nearest to 2026-09-16
2026-08-02 11:42:38,020 - options_risk_engine.pricing.chains - INFO - AMZN chain loaded for 2026-09-18: 58 calls and 52 puts
2026-08-02 11:42:38,022 - options_risk_engine.pricing.chains - INFO - Downloading option chain for HCA nearest to 2026-09-16
2026-08-02 11:42:38,177 - options_risk_engine.pricing.chains - INFO - HCA chain loaded for 2026-09-18: 73 calls and 59 puts
2026-08-02 11:42:38,178 - options_risk_engine.pricing.chains - INFO - Option-chain download complete: 7 of 7 tickers loaded
2026-08-02 11:42:38,225 - options_risk_engine.database - INFO - Stored 1211 rows in option_chain_snapshots_full
2026-08-02 11:42:38,241 - options_risk_engine.pricing.chains - INFO - Starting option pricing for 7 ticker objects
2026-08-02 11:42:38,241 - options_risk_engine.pricing.chains - INFO - AAPL beginning option-chain pricing
2026-08-02 11:42:38,244 - options_risk_engine.pricing.chains - INFO - AAPL volatility inputs - RV20: 0.3674, RV60: 0.3201, RV252: 0.2591, forecast: 0.2623
2026-08-02 11:42:38,902 - options_risk_engine.pricing.chains - INFO - AAPL implied volatility calculations complete
2026-08-02 11:42:38,908 - options_risk_engine.pricing.chains - INFO - AAPL put-call parity check: 74 matched strikes, maximum absolute error 0.0000000000
2026-08-02 11:42:38,938 - options_risk_engine.pricing.chains - INFO - AAPL pricing complete — 93 total calls, 74 total puts, 0 highlighted calls and 7 highlighted puts
2026-08-02 11:42:38,938 - options_risk_engine.pricing.chains - INFO - MSFT beginning option-chain pricing
2026-08-02 11:42:38,940 - options_risk_engine.pricing.chains - INFO - MSFT volatility inputs - RV20: 0.6016, RV60: 0.4622, RV252: 0.3193, forecast: 0.2609
2026-08-02 11:42:39,642 - options_risk_engine.pricing.chains - INFO - MSFT implied volatility calculations complete
2026-08-02 11:42:39,647 - options_risk_engine.pricing.chains - INFO - MSFT put-call parity check: 82 matched strikes, maximum absolute error 0.0000000000
2026-08-02 11:42:39,676 - options_risk_engine.pricing.chains - INFO - MSFT pricing complete — 90 total calls, 82 total puts, 0 highlighted calls and 6 highlighted puts
2026-08-02 11:42:39,677 - options_risk_engine.pricing.chains - INFO - META beginning option-chain pricing
2026-08-02 11:42:39,678 - options_risk_engine.pricing.chains - INFO - META volatility inputs - RV20: 0.5162, RV60: 0.4580, RV252: 0.3978, forecast: 0.4131
2026-08-02 11:42:40,944 - options_risk_engine.pricing.chains - INFO - META implied volatility calculations complete
2026-08-02 11:42:40,950 - options_risk_engine.pricing.chains - INFO - META put-call parity check: 130 matched strikes, maximum absolute error 0.0000000000
2026-08-02 11:42:41,013 - options_risk_engine.pricing.chains - INFO - META pricing complete — 190 total calls, 146 total puts, 0 highlighted calls and 19 highlighted puts
2026-08-02 11:42:41,014 - options_risk_engine.pricing.chains - INFO - WMT beginning option-chain pricing
2026-08-02 11:42:41,016 - options_risk_engine.pricing.chains - INFO - WMT volatility inputs - RV20: 0.2209, RV60: 0.2760, RV252: 0.2477, forecast: 0.2065
2026-08-02 11:42:41,248 - options_risk_engine.pricing.chains - INFO - WMT implied volatility calculations complete
2026-08-02 11:42:41,253 - options_risk_engine.pricing.chains - INFO - WMT put-call parity check: 28 matched strikes, maximum absolute error 0.0000000000
2026-08-02 11:42:41,282 - options_risk_engine.pricing.chains - INFO - WMT pricing complete — 34 total calls, 28 total puts, 0 highlighted calls and 2 highlighted puts
2026-08-02 11:42:41,282 - options_risk_engine.pricing.chains - INFO - GOOGL beginning option-chain pricing
2026-08-02 11:42:41,284 - options_risk_engine.pricing.chains - INFO - GOOGL volatility inputs - RV20: 0.4610, RV60: 0.3682, RV252: 0.3212, forecast: 0.3099
2026-08-02 11:42:42,180 - options_risk_engine.pricing.chains - INFO - GOOGL implied volatility calculations complete
2026-08-02 11:42:42,185 - options_risk_engine.pricing.chains - INFO - GOOGL put-call parity check: 96 matched strikes, maximum absolute error 0.0000000000
2026-08-02 11:42:42,214 - options_risk_engine.pricing.chains - INFO - GOOGL pricing complete — 134 total calls, 98 total puts, 0 highlighted calls and 12 highlighted puts
2026-08-02 11:42:42,215 - options_risk_engine.pricing.chains - INFO - AMZN beginning option-chain pricing
2026-08-02 11:42:42,217 - options_risk_engine.pricing.chains - INFO - AMZN volatility inputs - RV20: 0.6195, RV60: 0.4402, RV252: 0.3520, forecast: 0.3413
2026-08-02 11:42:42,768 - options_risk_engine.pricing.chains - INFO - AMZN implied volatility calculations complete
2026-08-02 11:42:42,772 - options_risk_engine.pricing.chains - INFO - AMZN put-call parity check: 52 matched strikes, maximum absolute error 0.0000000000
2026-08-02 11:42:42,801 - options_risk_engine.pricing.chains - INFO - AMZN pricing complete — 58 total calls, 52 total puts, 7 highlighted calls and 2 highlighted puts
2026-08-02 11:42:42,801 - options_risk_engine.pricing.chains - INFO - HCA beginning option-chain pricing
2026-08-02 11:42:42,803 - options_risk_engine.pricing.chains - INFO - HCA volatility inputs - RV20: 0.5051, RV60: 0.3752, RV252: 0.3018, forecast: 0.2788
2026-08-02 11:42:43,192 - options_risk_engine.pricing.chains - INFO - HCA implied volatility calculations complete
2026-08-02 11:42:43,196 - options_risk_engine.pricing.chains - INFO - HCA put-call parity check: 56 matched strikes, maximum absolute error 0.0000000000
2026-08-02 11:42:43,225 - options_risk_engine.pricing.chains - INFO - HCA pricing complete — 73 total calls, 59 total puts, 0 highlighted calls and 0 highlighted puts
2026-08-02 11:42:43,226 - options_risk_engine.pricing.chains - INFO - Option pricing finished — 14 full tables, 14 highlighted tables, 7 parity tables and 0 failed tickers
2026-08-02 11:42:43,238 - options_risk_engine.reporting.tables - INFO - Combined 14 option tables into 1211 rows
2026-08-02 11:42:43,239 - options_risk_engine.validation - INFO - Option-universe validation: {'rows': 1211, 'tickers': 7, 'duplicate_contract_symbols': 0, 'invalid_quotes': 417}
2026-08-02 11:42:43,852 - options_risk_engine.database - INFO - Stored 1211 rows in option_pricing_results
2026-08-02 11:42:43,957 - options_risk_engine.pricing.monte_carlo - INFO - Running 10000 Monte Carlo simulations for AAPL
2026-08-02 11:42:43,958 - options_risk_engine.pricing.monte_carlo - INFO - AAPL starting Monte Carlo simulation
2026-08-02 11:42:43,959 - options_risk_engine.pricing.monte_carlo - INFO - AAPL Monte Carlo inputs - S0: 308.91, sigma: 0.2623, T: 0.1288, steps: 34, simulations: 10000
2026-08-02 11:42:43,978 - options_risk_engine.pricing.monte_carlo - INFO - AAPL Monte Carlo simulation complete
2026-08-02 11:42:44,029 - options_risk_engine.pricing.monte_carlo - INFO - AAPL Monte Carlo profit analysis complete
2026-08-02 11:42:44,030 - options_risk_engine.pricing.monte_carlo - INFO - Running 10000 Monte Carlo simulations for MSFT
2026-08-02 11:42:44,030 - options_risk_engine.pricing.monte_carlo - INFO - MSFT starting Monte Carlo simulation
2026-08-02 11:42:44,031 - options_risk_engine.pricing.monte_carlo - INFO - MSFT Monte Carlo inputs - S0: 464.72, sigma: 0.2609, T: 0.1288, steps: 34, simulations: 10000
2026-08-02 11:42:44,046 - options_risk_engine.pricing.monte_carlo - INFO - MSFT Monte Carlo simulation complete
2026-08-02 11:42:44,096 - options_risk_engine.pricing.monte_carlo - INFO - MSFT Monte Carlo profit analysis complete
2026-08-02 11:42:44,096 - options_risk_engine.pricing.monte_carlo - INFO - Running 10000 Monte Carlo simulations for META
2026-08-02 11:42:44,097 - options_risk_engine.pricing.monte_carlo - INFO - META starting Monte Carlo simulation
2026-08-02 11:42:44,098 - options_risk_engine.pricing.monte_carlo - INFO - META Monte Carlo inputs - S0: 556.71, sigma: 0.4131, T: 0.1288, steps: 34, simulations: 10000
2026-08-02 11:42:44,125 - options_risk_engine.pricing.monte_carlo - INFO - META Monte Carlo simulation complete
2026-08-02 11:42:44,210 - options_risk_engine.pricing.monte_carlo - INFO - META Monte Carlo profit analysis complete
2026-08-02 11:42:44,211 - options_risk_engine.pricing.monte_carlo - INFO - Running 10000 Monte Carlo simulations for WMT
2026-08-02 11:42:44,211 - options_risk_engine.pricing.monte_carlo - INFO - WMT starting Monte Carlo simulation
2026-08-02 11:42:44,212 - options_risk_engine.pricing.monte_carlo - INFO - WMT Monte Carlo inputs - S0: 111.20, sigma: 0.2065, T: 0.1288, steps: 34, simulations: 10000
2026-08-02 11:42:44,224 - options_risk_engine.pricing.monte_carlo - INFO - WMT Monte Carlo simulation complete
2026-08-02 11:42:44,251 - options_risk_engine.pricing.monte_carlo - INFO - WMT Monte Carlo profit analysis complete
2026-08-02 11:42:44,252 - options_risk_engine.pricing.monte_carlo - INFO - Running 10000 Monte Carlo simulations for GOOGL
2026-08-02 11:42:44,252 - options_risk_engine.pricing.monte_carlo - INFO - GOOGL starting Monte Carlo simulation
2026-08-02 11:42:44,253 - options_risk_engine.pricing.monte_carlo - INFO - GOOGL Monte Carlo inputs - S0: 356.13, sigma: 0.3099, T: 0.1288, steps: 34, simulations: 10000
2026-08-02 11:42:44,269 - options_risk_engine.pricing.monte_carlo - INFO - GOOGL Monte Carlo simulation complete
2026-08-02 11:42:44,329 - options_risk_engine.pricing.monte_carlo - INFO - GOOGL Monte Carlo profit analysis complete
2026-08-02 11:42:44,329 - options_risk_engine.pricing.monte_carlo - INFO - Running 10000 Monte Carlo simulations for AMZN
2026-08-02 11:42:44,330 - options_risk_engine.pricing.monte_carlo - INFO - AMZN starting Monte Carlo simulation
2026-08-02 11:42:44,330 - options_risk_engine.pricing.monte_carlo - INFO - AMZN Monte Carlo inputs - S0: 271.58, sigma: 0.3413, T: 0.1288, steps: 34, simulations: 10000
2026-08-02 11:42:44,346 - options_risk_engine.pricing.monte_carlo - INFO - AMZN Monte Carlo simulation complete
2026-08-02 11:42:44,383 - options_risk_engine.pricing.monte_carlo - INFO - AMZN Monte Carlo profit analysis complete
2026-08-02 11:42:44,383 - options_risk_engine.pricing.monte_carlo - INFO - Running 10000 Monte Carlo simulations for HCA
2026-08-02 11:42:44,384 - options_risk_engine.pricing.monte_carlo - INFO - HCA starting Monte Carlo simulation
2026-08-02 11:42:44,384 - options_risk_engine.pricing.monte_carlo - INFO - HCA Monte Carlo inputs - S0: 402.59, sigma: 0.2788, T: 0.1288, steps: 34, simulations: 10000
2026-08-02 11:42:44,398 - options_risk_engine.pricing.monte_carlo - INFO - HCA Monte Carlo simulation complete
2026-08-02 11:42:44,438 - options_risk_engine.pricing.monte_carlo - INFO - HCA Monte Carlo profit analysis complete
2026-08-02 11:42:44,450 - options_risk_engine.reporting.tables - INFO - Combined 14 option tables into 1211 rows
2026-08-02 11:42:44,475 - options_risk_engine.reporting.tables - INFO - Created findings table with 52 groups
2026-08-02 11:42:44,522 - options_risk_engine.risk.portfolio - INFO - Preparing option universe for the portfolio risk engine: 1211 rows
2026-08-02 11:42:44,525 - options_risk_engine.risk.portfolio - INFO - Risk-engine input cleaned: 959 usable option rows; 252 rows removed
2026-08-02 11:42:44,529 - options_risk_engine.risk.portfolio - INFO - Created reproducible test option positions: 471 long and 488 short
2026-08-02 11:42:44,540 - options_risk_engine.risk.portfolio - INFO - Added 7 share positions; combined portfolio now contains 966 rows
2026-08-02 11:42:44,543 - options_risk_engine.risk.portfolio - INFO - Portfolio positions prepared: gross market value 17747056.90; current P&L -64853.89
2026-08-02 11:42:44,544 - options_risk_engine.risk.portfolio - INFO - Building current portfolio risk summary from 966 positions
2026-08-02 11:42:44,551 - options_risk_engine.risk.portfolio - INFO - Ticker-level risk calculated for 7 tickers
2026-08-02 11:42:44,552 - options_risk_engine.risk.portfolio - INFO - Portfolio risk summary complete: net value -695290.30; gross value 17747056.90; delta 1592.81
2026-08-02 11:42:45,336 - options_risk_engine.database - INFO - Stored 966 rows in portfolio_positions
2026-08-02 11:42:45,340 - options_risk_engine.database - INFO - Stored 8 rows in portfolio_risk
2026-08-02 11:42:45,346 - options_risk_engine.risk.scenarios - INFO - Generating 1000 random scenarios with up to 30 days forward; seed=42
2026-08-02 11:42:45,350 - options_risk_engine.risk.scenarios - INFO - Scenario generation complete: 1001 total rows including BASE
2026-08-02 11:42:45,370 - options_risk_engine.risk.scenarios - INFO - Starting scenario engine: 966 positions across 1001 scenarios
2026-08-02 11:42:45,372 - options_risk_engine.risk.scenarios - INFO - Scenario positions classified: 565 calls, 394 puts and 7 shares
2026-08-02 11:42:45,379 - options_risk_engine.risk.scenarios - INFO - Base model prices calculated for 966 positions
2026-08-02 11:42:45,380 - options_risk_engine.risk.scenarios - INFO - Revaluing scenario 1/1001: BASE
2026-08-02 11:42:45,727 - options_risk_engine.risk.scenarios - INFO - Revaluing scenario 100/1001: R0099
2026-08-02 11:42:46,071 - options_risk_engine.risk.scenarios - INFO - Revaluing scenario 200/1001: R0199
2026-08-02 11:42:46,413 - options_risk_engine.risk.scenarios - INFO - Revaluing scenario 300/1001: R0299
2026-08-02 11:42:46,756 - options_risk_engine.risk.scenarios - INFO - Revaluing scenario 400/1001: R0399
2026-08-02 11:42:47,100 - options_risk_engine.risk.scenarios - INFO - Revaluing scenario 500/1001: R0499
2026-08-02 11:42:47,446 - options_risk_engine.risk.scenarios - INFO - Revaluing scenario 600/1001: R0599
2026-08-02 11:42:47,793 - options_risk_engine.risk.scenarios - INFO - Revaluing scenario 700/1001: R0699
2026-08-02 11:42:48,135 - options_risk_engine.risk.scenarios - INFO - Revaluing scenario 800/1001: R0799
2026-08-02 11:42:48,477 - options_risk_engine.risk.scenarios - INFO - Revaluing scenario 900/1001: R0899
2026-08-02 11:42:48,817 - options_risk_engine.risk.scenarios - INFO - Revaluing scenario 1000/1001: R0999
2026-08-02 11:42:48,822 - options_risk_engine.risk.scenarios - INFO - Revaluing scenario 1001/1001: R1000
2026-08-02 11:42:48,908 - options_risk_engine.risk.scenarios - INFO - Position-level scenario results created: 966966 rows
2026-08-02 11:42:49,384 - options_risk_engine.risk.scenarios - INFO - Analysing scenario outputs: 966966 position rows, 7007 ticker rows and 1001 portfolio rows
2026-08-02 11:42:49,446 - options_risk_engine.risk.scenarios - INFO - Base scenario validation passed: portfolio P&L 0.00000000
2026-08-02 11:42:49,449 - options_risk_engine.risk.scenarios - INFO - All scenario positions were repriced successfully
2026-08-02 11:42:49,452 - options_risk_engine.risk.scenarios - INFO - Scenario distribution analysed: worst P&L -258974.50; 5th percentile -62652.47; probability of loss 56.20%
2026-08-02 11:42:49,503 - options_risk_engine.risk.scenarios - WARNING - 11 portfolio scenarios breached the 100000.00 loss limit
2026-08-02 11:42:49,504 - options_risk_engine.risk.scenarios - WARNING - 1473 ticker-scenario rows breached the 25000.00 loss limit
2026-08-02 11:42:49,504 - options_risk_engine.risk.scenarios - INFO - Scenario analysis complete; worst scenario is R0950
2026-08-02 11:42:49,901 - options_risk_engine.risk.attribution - INFO - Starting Greek P&L attribution
2026-08-02 11:42:50,364 - options_risk_engine.risk.attribution - INFO - Greek attribution accounting check passed
2026-08-02 11:42:50,365 - options_risk_engine.risk.attribution - INFO - Greek attribution completed for 966966 position-scenario rows and 1001 scenarios
2026-08-02 11:42:50,369 - options_risk_engine.risk.attribution - INFO - Starting Greek attribution analysis
2026-08-02 11:42:50,618 - options_risk_engine.risk.attribution - INFO - Scenario shocks attached to 1001 attribution rows
2026-08-02 11:42:50,621 - options_risk_engine.risk.attribution - INFO - Greek attribution accounting check passed
2026-08-02 11:42:50,877 - options_risk_engine.risk.attribution - INFO - BASE Greek attribution validation passed
2026-08-02 11:42:51,652 - options_risk_engine.risk.attribution - INFO - Greek attribution analysis completed for 1000 scenarios
2026-08-02 11:42:52,792 - options_risk_engine.validation - INFO - All risk-engine validation checks passed
2026-08-02 11:42:52,822 - options_risk_engine.database - INFO - Stored 1001 rows in scenario_definitions
2026-08-02 11:42:56,312 - options_risk_engine.database - INFO - Stored 966966 rows in scenario_position_results
2026-08-02 11:43:09,541 - options_risk_engine.database - INFO - Stored 7007 rows in scenario_ticker_results
2026-08-02 11:43:09,565 - options_risk_engine.database - INFO - Stored 1001 rows in scenario_portfolio_results
2026-08-02 11:43:14,898 - options_risk_engine.database - INFO - Stored 966966 rows in attribution_position_results
2026-08-02 11:43:36,396 - options_risk_engine.database - INFO - Stored 1001 rows in scenario_attribution
2026-08-02 11:43:36,443 - options_risk_engine.recommendations.contracts - INFO - Preparing standardised contract analysis from 1211 option rows
2026-08-02 11:43:36,457 - options_risk_engine.recommendations.contracts - INFO - Prepared 794 standardised long-one-contract positions
2026-08-02 11:43:36,490 - options_risk_engine.recommendations.contracts - INFO - All standardised contract validation checks passed
2026-08-02 11:43:36,501 - options_risk_engine.risk.scenarios - INFO - Starting scenario engine: 794 positions across 1001 scenarios
2026-08-02 11:43:36,504 - options_risk_engine.risk.scenarios - INFO - Scenario positions classified: 564 calls, 230 puts and 0 shares
2026-08-02 11:43:36,510 - options_risk_engine.risk.scenarios - INFO - Base model prices calculated for 794 positions
2026-08-02 11:43:36,511 - options_risk_engine.risk.scenarios - INFO - Revaluing scenario 1/1001: BASE
2026-08-02 11:43:36,854 - options_risk_engine.risk.scenarios - INFO - Revaluing scenario 100/1001: R0099
2026-08-02 11:43:37,199 - options_risk_engine.risk.scenarios - INFO - Revaluing scenario 200/1001: R0199
2026-08-02 11:43:37,542 - options_risk_engine.risk.scenarios - INFO - Revaluing scenario 300/1001: R0299
2026-08-02 11:43:37,892 - options_risk_engine.risk.scenarios - INFO - Revaluing scenario 400/1001: R0399
2026-08-02 11:43:38,233 - options_risk_engine.risk.scenarios - INFO - Revaluing scenario 500/1001: R0499
2026-08-02 11:43:38,573 - options_risk_engine.risk.scenarios - INFO - Revaluing scenario 600/1001: R0599
2026-08-02 11:43:38,916 - options_risk_engine.risk.scenarios - INFO - Revaluing scenario 700/1001: R0699
2026-08-02 11:43:39,257 - options_risk_engine.risk.scenarios - INFO - Revaluing scenario 800/1001: R0799
2026-08-02 11:43:39,598 - options_risk_engine.risk.scenarios - INFO - Revaluing scenario 900/1001: R0899
2026-08-02 11:43:39,939 - options_risk_engine.risk.scenarios - INFO - Revaluing scenario 1000/1001: R0999
2026-08-02 11:43:39,944 - options_risk_engine.risk.scenarios - INFO - Revaluing scenario 1001/1001: R1000
2026-08-02 11:43:40,020 - options_risk_engine.risk.scenarios - INFO - Position-level scenario results created: 794794 rows
2026-08-02 11:43:40,583 - options_risk_engine.recommendations.contracts - INFO - Attached purchase-at-ask P&L to 794794 scenario rows
2026-08-02 11:43:40,794 - options_risk_engine.recommendations.contracts - INFO - Aggregating 794794 contract-scenario rows
2026-08-02 11:43:43,576 - options_risk_engine.recommendations.contracts - INFO - Created scenario summaries for 794 contracts
2026-08-02 11:43:43,724 - options_risk_engine.recommendations.contracts - INFO - All contract scenario summary checks passed
2026-08-02 11:43:44,461 - options_risk_engine.database - INFO - Stored 794 rows in contract_scenario_summary
2026-08-02 11:43:44,465 - options_risk_engine.database - INFO - Stored 3 rows in initial_action_comparison
2026-08-02 11:43:44,720 - options_risk_engine.risk.attribution - INFO - Starting Greek P&L attribution
2026-08-02 11:43:45,134 - options_risk_engine.risk.attribution - INFO - Greek attribution accounting check passed
2026-08-02 11:43:45,135 - options_risk_engine.risk.attribution - INFO - Greek attribution completed for 794794 position-scenario rows and 1001 scenarios
2026-08-02 11:43:45,135 - options_risk_engine.recommendations.attribution - INFO - Calculated Greek attribution for 794794 contract-scenario rows
2026-08-02 11:43:46,445 - options_risk_engine.recommendations.attribution - INFO - Created Greek attribution summaries for 794 contracts
2026-08-02 11:43:46,491 - options_risk_engine.recommendations.attribution - INFO - All contract attribution checks passed
2026-08-02 11:43:47,045 - options_risk_engine.database - INFO - Stored 794 rows in contract_attribution_summary
2026-08-02 11:43:47,049 - options_risk_engine.database - INFO - Stored 8 rows in contract_driver_comparison
2026-08-02 11:46:21,448 - options_risk_engine.recommendations.attribution - INFO - Created Greek attribution summaries for 794 contracts
2026-08-02 11:50:00,240 - options_risk_engine.database - INFO - SQLite database initialised at /Users/sam/Progressive-Projects/Projects/Option Pricer N Risk Engine/data/options_risk_engine.db
2026-08-02 11:50:00,609 - options_risk_engine.data.market_data - INFO - Downloading historical data for 7 symbols
2026-08-02 11:50:01,321 - options_risk_engine.data.market_data - INFO - Historical data downloaded: 1255 rows
2026-08-02 11:50:03,377 - options_risk_engine.database - INFO - Stored 8785 rows in equity_prices
2026-08-02 11:50:03,429 - options_risk_engine.data.market_data - INFO - Feature dataset created: 1255 rows, 21 engineered features per ticker
2026-08-02 11:50:04,033 - options_risk_engine.database - INFO - Stored 1255 rows in volatility_features
2026-08-02 11:50:06,028 - options_risk_engine.forecasting.volatility - INFO - Creating model specifications
2026-08-02 11:50:06,029 - options_risk_engine.forecasting.volatility - INFO - Created 34 model configurations
2026-08-02 11:50:06,048 - options_risk_engine.forecasting.volatility - INFO - AAPL starting model evaluation
2026-08-02 11:50:06,051 - options_risk_engine.forecasting.volatility - INFO - AAPL has 971 usable rows and 21 features
2026-08-02 11:50:06,051 - options_risk_engine.forecasting.volatility - INFO - Creating model specifications
2026-08-02 11:50:06,052 - options_risk_engine.forecasting.volatility - INFO - Created 34 model configurations
2026-08-02 11:50:06,053 - options_risk_engine.forecasting.volatility - INFO - AAPL walk-forward starts at row 284 with window=30, step=30, purge=32
2026-08-02 11:50:23,961 - options_risk_engine.forecasting.volatility - INFO - AAPL completed 22 walk-forward folds
2026-08-02 11:50:23,963 - options_risk_engine.forecasting.volatility - INFO - AAPL calculating model comparison metrics
2026-08-02 11:50:23,965 - options_risk_engine.forecasting.volatility - INFO - AAPL Train Mean           alpha=None RMSE=0.10960 NRMSE=1.04761 R2=-0.09748 IC=-0.48458
2026-08-02 11:50:23,967 - options_risk_engine.forecasting.volatility - INFO - AAPL RV20 Baseline        alpha=None RMSE=0.13733 NRMSE=1.31268 R2=-0.72312 IC=0.22482
2026-08-02 11:50:23,968 - options_risk_engine.forecasting.volatility - INFO - AAPL OLS                  alpha=None RMSE=0.14282 NRMSE=1.36521 R2=-0.86379 IC=-0.02723
2026-08-02 11:50:23,970 - options_risk_engine.forecasting.volatility - INFO - AAPL OLS PCA              alpha=None RMSE=0.12644 NRMSE=1.20862 R2=-0.46075 IC=0.00080
2026-08-02 11:50:23,972 - options_risk_engine.forecasting.volatility - INFO - AAPL Ridge                alpha=0.0001 RMSE=0.14282 NRMSE=1.36520 R2=-0.86376 IC=-0.02723
2026-08-02 11:50:23,973 - options_risk_engine.forecasting.volatility - INFO - AAPL Ridge                alpha=0.001 RMSE=0.14281 NRMSE=1.36512 R2=-0.86355 IC=-0.02721
2026-08-02 11:50:23,975 - options_risk_engine.forecasting.volatility - INFO - AAPL Ridge                alpha=0.01 RMSE=0.14273 NRMSE=1.36436 R2=-0.86147 IC=-0.02704
2026-08-02 11:50:23,977 - options_risk_engine.forecasting.volatility - INFO - AAPL Ridge                alpha=0.1 RMSE=0.14201 NRMSE=1.35747 R2=-0.84274 IC=-0.02493
2026-08-02 11:50:23,978 - options_risk_engine.forecasting.volatility - INFO - AAPL Ridge                alpha=1 RMSE=0.13805 NRMSE=1.31959 R2=-0.74132 IC=-0.00726
2026-08-02 11:50:23,980 - options_risk_engine.forecasting.volatility - INFO - AAPL Ridge                alpha=10 RMSE=0.12879 NRMSE=1.23109 R2=-0.51558 IC=0.03284
2026-08-02 11:50:23,982 - options_risk_engine.forecasting.volatility - INFO - AAPL Ridge                alpha=100 RMSE=0.11727 NRMSE=1.12097 R2=-0.25658 IC=0.08764
2026-08-02 11:50:23,983 - options_risk_engine.forecasting.volatility - INFO - AAPL Ridge                alpha=1000 RMSE=0.10993 NRMSE=1.05079 R2=-0.10416 IC=0.14536
2026-08-02 11:50:23,985 - options_risk_engine.forecasting.volatility - INFO - AAPL Ridge PCA            alpha=0.0001 RMSE=0.12644 NRMSE=1.20862 R2=-0.46075 IC=0.00080
2026-08-02 11:50:23,987 - options_risk_engine.forecasting.volatility - INFO - AAPL Ridge PCA            alpha=0.001 RMSE=0.12644 NRMSE=1.20861 R2=-0.46075 IC=0.00080
2026-08-02 11:50:23,988 - options_risk_engine.forecasting.volatility - INFO - AAPL Ridge PCA            alpha=0.01 RMSE=0.12644 NRMSE=1.20860 R2=-0.46072 IC=0.00081
2026-08-02 11:50:23,990 - options_risk_engine.forecasting.volatility - INFO - AAPL Ridge PCA            alpha=0.1 RMSE=0.12643 NRMSE=1.20846 R2=-0.46038 IC=0.00091
2026-08-02 11:50:23,991 - options_risk_engine.forecasting.volatility - INFO - AAPL Ridge PCA            alpha=1 RMSE=0.12628 NRMSE=1.20711 R2=-0.45711 IC=0.00188
2026-08-02 11:50:23,993 - options_risk_engine.forecasting.volatility - INFO - AAPL Ridge PCA            alpha=10 RMSE=0.12498 NRMSE=1.19461 R2=-0.42710 IC=0.01113
2026-08-02 11:50:23,994 - options_risk_engine.forecasting.volatility - INFO - AAPL Ridge PCA            alpha=100 RMSE=0.11804 NRMSE=1.12834 R2=-0.27315 IC=0.07141
2026-08-02 11:50:23,996 - options_risk_engine.forecasting.volatility - INFO - AAPL Ridge PCA            alpha=1000 RMSE=0.11031 NRMSE=1.05443 R2=-0.11183 IC=0.14089
2026-08-02 11:50:23,997 - options_risk_engine.forecasting.volatility - INFO - AAPL Lasso                alpha=0.0001 RMSE=0.14003 NRMSE=1.33849 R2=-0.79156 IC=-0.01808
2026-08-02 11:50:23,999 - options_risk_engine.forecasting.volatility - INFO - AAPL Lasso                alpha=0.001 RMSE=0.12662 NRMSE=1.21037 R2=-0.46498 IC=0.01207
2026-08-02 11:50:24,001 - options_risk_engine.forecasting.volatility - INFO - AAPL Lasso                alpha=0.01 RMSE=0.11395 NRMSE=1.08924 R2=-0.18645 IC=0.04101
2026-08-02 11:50:24,003 - options_risk_engine.forecasting.volatility - INFO - AAPL Lasso                alpha=0.1 RMSE=0.10960 NRMSE=1.04761 R2=-0.09748 IC=-0.48458
2026-08-02 11:50:24,004 - options_risk_engine.forecasting.volatility - INFO - AAPL Lasso                alpha=1 RMSE=0.10960 NRMSE=1.04761 R2=-0.09748 IC=-0.48458
2026-08-02 11:50:24,006 - options_risk_engine.forecasting.volatility - INFO - AAPL Lasso PCA            alpha=0.0001 RMSE=0.12637 NRMSE=1.20793 R2=-0.45910 IC=0.00095
2026-08-02 11:50:24,007 - options_risk_engine.forecasting.volatility - INFO - AAPL Lasso PCA            alpha=0.001 RMSE=0.12570 NRMSE=1.20156 R2=-0.44375 IC=0.00222
2026-08-02 11:50:24,009 - options_risk_engine.forecasting.volatility - INFO - AAPL Lasso PCA            alpha=0.01 RMSE=0.11686 NRMSE=1.11705 R2=-0.24780 IC=0.06681
2026-08-02 11:50:24,011 - options_risk_engine.forecasting.volatility - INFO - AAPL Lasso PCA            alpha=0.1 RMSE=0.10562 NRMSE=1.00955 R2=-0.01918 IC=0.05694
2026-08-02 11:50:24,012 - options_risk_engine.forecasting.volatility - INFO - AAPL Lasso PCA            alpha=1 RMSE=0.10960 NRMSE=1.04761 R2=-0.09748 IC=-0.48458
2026-08-02 11:50:24,014 - options_risk_engine.forecasting.volatility - INFO - AAPL Random Forest        alpha=None RMSE=0.13739 NRMSE=1.31328 R2=-0.72471 IC=-0.04699
2026-08-02 11:50:24,015 - options_risk_engine.forecasting.volatility - INFO - AAPL Gradient Boosting    alpha=None RMSE=0.12879 NRMSE=1.23107 R2=-0.51553 IC=-0.03243
2026-08-02 11:50:24,017 - options_risk_engine.forecasting.volatility - INFO - AAPL HAR-RV               alpha=None RMSE=0.12635 NRMSE=1.20779 R2=-0.45875 IC=-0.01064
2026-08-02 11:50:24,019 - options_risk_engine.forecasting.volatility - INFO - AAPL GARCH                alpha=None RMSE=0.11599 NRMSE=1.10875 R2=-0.22933 IC=0.14354
2026-08-02 11:50:24,021 - options_risk_engine.forecasting.volatility - INFO - AAPL evaluation complete - best model=Lasso PCA, alpha=0.1, RMSE=0.10562, NRMSE=1.00955
2026-08-02 11:50:24,025 - options_risk_engine.forecasting.volatility - INFO - MSFT starting model evaluation
2026-08-02 11:50:24,027 - options_risk_engine.forecasting.volatility - INFO - MSFT has 971 usable rows and 21 features
2026-08-02 11:50:24,027 - options_risk_engine.forecasting.volatility - INFO - Creating model specifications
2026-08-02 11:50:24,028 - options_risk_engine.forecasting.volatility - INFO - Created 34 model configurations
2026-08-02 11:50:24,028 - options_risk_engine.forecasting.volatility - INFO - MSFT walk-forward starts at row 284 with window=30, step=30, purge=32
2026-08-02 11:50:41,000 - options_risk_engine.forecasting.volatility - INFO - MSFT completed 22 walk-forward folds
2026-08-02 11:50:41,002 - options_risk_engine.forecasting.volatility - INFO - MSFT calculating model comparison metrics
2026-08-02 11:50:41,004 - options_risk_engine.forecasting.volatility - INFO - MSFT Train Mean           alpha=None RMSE=0.08842 NRMSE=1.18225 R2=-0.39772 IC=-0.35506
2026-08-02 11:50:41,006 - options_risk_engine.forecasting.volatility - INFO - MSFT RV20 Baseline        alpha=None RMSE=0.10463 NRMSE=1.39906 R2=-0.95738 IC=0.12329
2026-08-02 11:50:41,008 - options_risk_engine.forecasting.volatility - INFO - MSFT OLS                  alpha=None RMSE=0.09843 NRMSE=1.31606 R2=-0.73202 IC=-0.01404
2026-08-02 11:50:41,009 - options_risk_engine.forecasting.volatility - INFO - MSFT OLS PCA              alpha=None RMSE=0.09562 NRMSE=1.27859 R2=-0.63480 IC=-0.07146
2026-08-02 11:50:41,011 - options_risk_engine.forecasting.volatility - INFO - MSFT Ridge                alpha=0.0001 RMSE=0.09843 NRMSE=1.31606 R2=-0.73202 IC=-0.01407
2026-08-02 11:50:41,013 - options_risk_engine.forecasting.volatility - INFO - MSFT Ridge                alpha=0.001 RMSE=0.09843 NRMSE=1.31606 R2=-0.73201 IC=-0.01430
2026-08-02 11:50:41,015 - options_risk_engine.forecasting.volatility - INFO - MSFT Ridge                alpha=0.01 RMSE=0.09842 NRMSE=1.31602 R2=-0.73190 IC=-0.01656
2026-08-02 11:50:41,017 - options_risk_engine.forecasting.volatility - INFO - MSFT Ridge                alpha=0.1 RMSE=0.09836 NRMSE=1.31518 R2=-0.72970 IC=-0.03094
2026-08-02 11:50:41,018 - options_risk_engine.forecasting.volatility - INFO - MSFT Ridge                alpha=1 RMSE=0.09780 NRMSE=1.30775 R2=-0.71020 IC=-0.05072
2026-08-02 11:50:41,020 - options_risk_engine.forecasting.volatility - INFO - MSFT Ridge                alpha=10 RMSE=0.09637 NRMSE=1.28861 R2=-0.66052 IC=-0.05241
2026-08-02 11:50:41,022 - options_risk_engine.forecasting.volatility - INFO - MSFT Ridge                alpha=100 RMSE=0.09140 NRMSE=1.22216 R2=-0.49368 IC=-0.03740
2026-08-02 11:50:41,024 - options_risk_engine.forecasting.volatility - INFO - MSFT Ridge                alpha=1000 RMSE=0.08417 NRMSE=1.12539 R2=-0.26651 IC=-0.03361
2026-08-02 11:50:41,025 - options_risk_engine.forecasting.volatility - INFO - MSFT Ridge PCA            alpha=0.0001 RMSE=0.09562 NRMSE=1.27859 R2=-0.63480 IC=-0.07146
2026-08-02 11:50:41,027 - options_risk_engine.forecasting.volatility - INFO - MSFT Ridge PCA            alpha=0.001 RMSE=0.09562 NRMSE=1.27859 R2=-0.63480 IC=-0.07146
2026-08-02 11:50:41,028 - options_risk_engine.forecasting.volatility - INFO - MSFT Ridge PCA            alpha=0.01 RMSE=0.09562 NRMSE=1.27858 R2=-0.63478 IC=-0.07145
2026-08-02 11:50:41,030 - options_risk_engine.forecasting.volatility - INFO - MSFT Ridge PCA            alpha=0.1 RMSE=0.09562 NRMSE=1.27849 R2=-0.63455 IC=-0.07142
2026-08-02 11:50:41,032 - options_risk_engine.forecasting.volatility - INFO - MSFT Ridge PCA            alpha=1 RMSE=0.09555 NRMSE=1.27761 R2=-0.63228 IC=-0.07109
2026-08-02 11:50:41,033 - options_risk_engine.forecasting.volatility - INFO - MSFT Ridge PCA            alpha=10 RMSE=0.09492 NRMSE=1.26923 R2=-0.61096 IC=-0.06792
2026-08-02 11:50:41,035 - options_risk_engine.forecasting.volatility - INFO - MSFT Ridge PCA            alpha=100 RMSE=0.09097 NRMSE=1.21631 R2=-0.47942 IC=-0.04783
2026-08-02 11:50:41,036 - options_risk_engine.forecasting.volatility - INFO - MSFT Ridge PCA            alpha=1000 RMSE=0.08422 NRMSE=1.12610 R2=-0.26809 IC=-0.03965
2026-08-02 11:50:41,038 - options_risk_engine.forecasting.volatility - INFO - MSFT Lasso                alpha=0.0001 RMSE=0.09819 NRMSE=1.31288 R2=-0.72366 IC=-0.03737
2026-08-02 11:50:41,040 - options_risk_engine.forecasting.volatility - INFO - MSFT Lasso                alpha=0.001 RMSE=0.09536 NRMSE=1.27508 R2=-0.62582 IC=-0.08360
2026-08-02 11:50:41,042 - options_risk_engine.forecasting.volatility - INFO - MSFT Lasso                alpha=0.01 RMSE=0.08695 NRMSE=1.16263 R2=-0.35170 IC=-0.11585
2026-08-02 11:50:41,043 - options_risk_engine.forecasting.volatility - INFO - MSFT Lasso                alpha=0.1 RMSE=0.08842 NRMSE=1.18225 R2=-0.39772 IC=-0.35506
2026-08-02 11:50:41,045 - options_risk_engine.forecasting.volatility - INFO - MSFT Lasso                alpha=1 RMSE=0.08842 NRMSE=1.18225 R2=-0.39772 IC=-0.35506
2026-08-02 11:50:41,046 - options_risk_engine.forecasting.volatility - INFO - MSFT Lasso PCA            alpha=0.0001 RMSE=0.09551 NRMSE=1.27701 R2=-0.63076 IC=-0.07138
2026-08-02 11:50:41,048 - options_risk_engine.forecasting.volatility - INFO - MSFT Lasso PCA            alpha=0.001 RMSE=0.09455 NRMSE=1.26416 R2=-0.59810 IC=-0.07083
2026-08-02 11:50:41,050 - options_risk_engine.forecasting.volatility - INFO - MSFT Lasso PCA            alpha=0.01 RMSE=0.08802 NRMSE=1.17691 R2=-0.38513 IC=-0.07802
2026-08-02 11:50:41,052 - options_risk_engine.forecasting.volatility - INFO - MSFT Lasso PCA            alpha=0.1 RMSE=0.08625 NRMSE=1.15323 R2=-0.32994 IC=-0.29033
2026-08-02 11:50:41,054 - options_risk_engine.forecasting.volatility - INFO - MSFT Lasso PCA            alpha=1 RMSE=0.08842 NRMSE=1.18225 R2=-0.39772 IC=-0.35506
2026-08-02 11:50:41,055 - options_risk_engine.forecasting.volatility - INFO - MSFT Random Forest        alpha=None RMSE=0.10451 NRMSE=1.39746 R2=-0.95288 IC=-0.07019
2026-08-02 11:50:41,057 - options_risk_engine.forecasting.volatility - INFO - MSFT Gradient Boosting    alpha=None RMSE=0.10129 NRMSE=1.35440 R2=-0.83439 IC=-0.06626
2026-08-02 11:50:41,058 - options_risk_engine.forecasting.volatility - INFO - MSFT HAR-RV               alpha=None RMSE=0.09716 NRMSE=1.29912 R2=-0.68770 IC=-0.13337
2026-08-02 11:50:41,060 - options_risk_engine.forecasting.volatility - INFO - MSFT GARCH                alpha=None RMSE=0.08325 NRMSE=1.11312 R2=-0.23903 IC=0.04317
2026-08-02 11:50:41,061 - options_risk_engine.forecasting.volatility - INFO - MSFT evaluation complete - best model=GARCH, alpha=nan, RMSE=0.08325, NRMSE=1.11312
2026-08-02 11:50:41,064 - options_risk_engine.forecasting.volatility - INFO - META starting model evaluation
2026-08-02 11:50:41,066 - options_risk_engine.forecasting.volatility - INFO - META has 971 usable rows and 21 features
2026-08-02 11:50:41,067 - options_risk_engine.forecasting.volatility - INFO - Creating model specifications
2026-08-02 11:50:41,067 - options_risk_engine.forecasting.volatility - INFO - Created 34 model configurations
2026-08-02 11:50:41,067 - options_risk_engine.forecasting.volatility - INFO - META walk-forward starts at row 284 with window=30, step=30, purge=32
2026-08-02 11:50:59,239 - options_risk_engine.forecasting.volatility - INFO - META completed 22 walk-forward folds
2026-08-02 11:50:59,241 - options_risk_engine.forecasting.volatility - INFO - META calculating model comparison metrics
2026-08-02 11:50:59,243 - options_risk_engine.forecasting.volatility - INFO - META Train Mean           alpha=None RMSE=0.14507 NRMSE=1.19096 R2=-0.41839 IC=-0.12845
2026-08-02 11:50:59,245 - options_risk_engine.forecasting.volatility - INFO - META RV20 Baseline        alpha=None RMSE=0.20570 NRMSE=1.68873 R2=-1.85181 IC=-0.17340
2026-08-02 11:50:59,246 - options_risk_engine.forecasting.volatility - INFO - META OLS                  alpha=None RMSE=0.20237 NRMSE=1.66145 R2=-1.76041 IC=-0.12234
2026-08-02 11:50:59,248 - options_risk_engine.forecasting.volatility - INFO - META OLS PCA              alpha=None RMSE=0.15624 NRMSE=1.28268 R2=-0.64527 IC=0.02020
2026-08-02 11:50:59,249 - options_risk_engine.forecasting.volatility - INFO - META Ridge                alpha=0.0001 RMSE=0.20235 NRMSE=1.66124 R2=-1.75971 IC=-0.12232
2026-08-02 11:50:59,251 - options_risk_engine.forecasting.volatility - INFO - META Ridge                alpha=0.001 RMSE=0.20212 NRMSE=1.65937 R2=-1.75350 IC=-0.12216
2026-08-02 11:50:59,253 - options_risk_engine.forecasting.volatility - INFO - META Ridge                alpha=0.01 RMSE=0.19996 NRMSE=1.64165 R2=-1.69501 IC=-0.12046
2026-08-02 11:50:59,255 - options_risk_engine.forecasting.volatility - INFO - META Ridge                alpha=0.1 RMSE=0.18614 NRMSE=1.52815 R2=-1.33523 IC=-0.10331
2026-08-02 11:50:59,256 - options_risk_engine.forecasting.volatility - INFO - META Ridge                alpha=1 RMSE=0.16780 NRMSE=1.37760 R2=-0.89779 IC=-0.04000
2026-08-02 11:50:59,258 - options_risk_engine.forecasting.volatility - INFO - META Ridge                alpha=10 RMSE=0.16220 NRMSE=1.33163 R2=-0.77324 IC=0.00200
2026-08-02 11:50:59,260 - options_risk_engine.forecasting.volatility - INFO - META Ridge                alpha=100 RMSE=0.14859 NRMSE=1.21988 R2=-0.48810 IC=-0.00626
2026-08-02 11:50:59,261 - options_risk_engine.forecasting.volatility - INFO - META Ridge                alpha=1000 RMSE=0.13927 NRMSE=1.14336 R2=-0.30727 IC=-0.13577
2026-08-02 11:50:59,263 - options_risk_engine.forecasting.volatility - INFO - META Ridge PCA            alpha=0.0001 RMSE=0.15624 NRMSE=1.28268 R2=-0.64527 IC=0.02020
2026-08-02 11:50:59,265 - options_risk_engine.forecasting.volatility - INFO - META Ridge PCA            alpha=0.001 RMSE=0.15624 NRMSE=1.28268 R2=-0.64527 IC=0.02020
2026-08-02 11:50:59,266 - options_risk_engine.forecasting.volatility - INFO - META Ridge PCA            alpha=0.01 RMSE=0.15624 NRMSE=1.28267 R2=-0.64524 IC=0.02020
2026-08-02 11:50:59,268 - options_risk_engine.forecasting.volatility - INFO - META Ridge PCA            alpha=0.1 RMSE=0.15622 NRMSE=1.28257 R2=-0.64498 IC=0.02017
2026-08-02 11:50:59,269 - options_risk_engine.forecasting.volatility - INFO - META Ridge PCA            alpha=1 RMSE=0.15610 NRMSE=1.28154 R2=-0.64235 IC=0.01986
2026-08-02 11:50:59,271 - options_risk_engine.forecasting.volatility - INFO - META Ridge PCA            alpha=10 RMSE=0.15492 NRMSE=1.27188 R2=-0.61768 IC=0.01678
2026-08-02 11:50:59,273 - options_risk_engine.forecasting.volatility - INFO - META Ridge PCA            alpha=100 RMSE=0.14773 NRMSE=1.21280 R2=-0.47090 IC=-0.01070
2026-08-02 11:50:59,275 - options_risk_engine.forecasting.volatility - INFO - META Ridge PCA            alpha=1000 RMSE=0.13981 NRMSE=1.14781 R2=-0.31746 IC=-0.13662
2026-08-02 11:50:59,276 - options_risk_engine.forecasting.volatility - INFO - META Lasso                alpha=0.0001 RMSE=0.18685 NRMSE=1.53401 R2=-1.35317 IC=-0.12708
2026-08-02 11:50:59,278 - options_risk_engine.forecasting.volatility - INFO - META Lasso                alpha=0.001 RMSE=0.16370 NRMSE=1.34396 R2=-0.80623 IC=0.00980
2026-08-02 11:50:59,280 - options_risk_engine.forecasting.volatility - INFO - META Lasso                alpha=0.01 RMSE=0.15531 NRMSE=1.27504 R2=-0.62573 IC=0.01042
2026-08-02 11:50:59,281 - options_risk_engine.forecasting.volatility - INFO - META Lasso                alpha=0.1 RMSE=0.14562 NRMSE=1.19553 R2=-0.42928 IC=-0.13743
2026-08-02 11:50:59,283 - options_risk_engine.forecasting.volatility - INFO - META Lasso                alpha=1 RMSE=0.14507 NRMSE=1.19096 R2=-0.41839 IC=-0.12845
2026-08-02 11:50:59,285 - options_risk_engine.forecasting.volatility - INFO - META Lasso PCA            alpha=0.0001 RMSE=0.15614 NRMSE=1.28192 R2=-0.64331 IC=0.01987
2026-08-02 11:50:59,287 - options_risk_engine.forecasting.volatility - INFO - META Lasso PCA            alpha=0.001 RMSE=0.15532 NRMSE=1.27517 R2=-0.62606 IC=0.01679
2026-08-02 11:50:59,288 - options_risk_engine.forecasting.volatility - INFO - META Lasso PCA            alpha=0.01 RMSE=0.14884 NRMSE=1.22192 R2=-0.49308 IC=-0.02273
2026-08-02 11:50:59,289 - options_risk_engine.forecasting.volatility - INFO - META Lasso PCA            alpha=0.1 RMSE=0.14774 NRMSE=1.21292 R2=-0.47117 IC=-0.26552
2026-08-02 11:50:59,291 - options_risk_engine.forecasting.volatility - INFO - META Lasso PCA            alpha=1 RMSE=0.14507 NRMSE=1.19096 R2=-0.41839 IC=-0.12845
2026-08-02 11:50:59,293 - options_risk_engine.forecasting.volatility - INFO - META Random Forest        alpha=None RMSE=0.16902 NRMSE=1.38761 R2=-0.92546 IC=-0.10036
2026-08-02 11:50:59,294 - options_risk_engine.forecasting.volatility - INFO - META Gradient Boosting    alpha=None RMSE=0.15081 NRMSE=1.23811 R2=-0.53292 IC=0.03472
2026-08-02 11:50:59,296 - options_risk_engine.forecasting.volatility - INFO - META HAR-RV               alpha=None RMSE=0.16757 NRMSE=1.37573 R2=-0.89263 IC=0.01569
2026-08-02 11:50:59,297 - options_risk_engine.forecasting.volatility - INFO - META GARCH                alpha=None RMSE=0.21776 NRMSE=1.78777 R2=-2.19611 IC=-0.01975
2026-08-02 11:50:59,299 - options_risk_engine.forecasting.volatility - INFO - META evaluation complete - best model=Ridge, alpha=1000.0, RMSE=0.13927, NRMSE=1.14336
2026-08-02 11:50:59,304 - options_risk_engine.forecasting.volatility - INFO - WMT starting model evaluation
2026-08-02 11:50:59,306 - options_risk_engine.forecasting.volatility - INFO - WMT has 971 usable rows and 21 features
2026-08-02 11:50:59,307 - options_risk_engine.forecasting.volatility - INFO - Creating model specifications
2026-08-02 11:50:59,307 - options_risk_engine.forecasting.volatility - INFO - Created 34 model configurations
2026-08-02 11:50:59,308 - options_risk_engine.forecasting.volatility - INFO - WMT walk-forward starts at row 284 with window=30, step=30, purge=32
2026-08-02 11:51:16,517 - options_risk_engine.forecasting.volatility - INFO - WMT completed 22 walk-forward folds
2026-08-02 11:51:16,519 - options_risk_engine.forecasting.volatility - INFO - WMT calculating model comparison metrics
2026-08-02 11:51:16,521 - options_risk_engine.forecasting.volatility - INFO - WMT Train Mean           alpha=None RMSE=0.07943 NRMSE=1.12322 R2=-0.26161 IC=0.23052
2026-08-02 11:51:16,523 - options_risk_engine.forecasting.volatility - INFO - WMT RV20 Baseline        alpha=None RMSE=0.09972 NRMSE=1.41001 R2=-0.98812 IC=0.16391
2026-08-02 11:51:16,525 - options_risk_engine.forecasting.volatility - INFO - WMT OLS                  alpha=None RMSE=0.10481 NRMSE=1.48210 R2=-1.19661 IC=-0.01525
2026-08-02 11:51:16,527 - options_risk_engine.forecasting.volatility - INFO - WMT OLS PCA              alpha=None RMSE=0.08305 NRMSE=1.17429 R2=-0.37896 IC=0.03277
2026-08-02 11:51:16,528 - options_risk_engine.forecasting.volatility - INFO - WMT Ridge                alpha=0.0001 RMSE=0.10481 NRMSE=1.48199 R2=-1.19631 IC=-0.01525
2026-08-02 11:51:16,530 - options_risk_engine.forecasting.volatility - INFO - WMT Ridge                alpha=0.001 RMSE=0.10474 NRMSE=1.48108 R2=-1.19360 IC=-0.01530
2026-08-02 11:51:16,532 - options_risk_engine.forecasting.volatility - INFO - WMT Ridge                alpha=0.01 RMSE=0.10413 NRMSE=1.47245 R2=-1.16811 IC=-0.01579
2026-08-02 11:51:16,533 - options_risk_engine.forecasting.volatility - INFO - WMT Ridge                alpha=0.1 RMSE=0.10027 NRMSE=1.41782 R2=-1.01022 IC=-0.01894
2026-08-02 11:51:16,536 - options_risk_engine.forecasting.volatility - INFO - WMT Ridge                alpha=1 RMSE=0.09354 NRMSE=1.32271 R2=-0.74956 IC=-0.01860
2026-08-02 11:51:16,538 - options_risk_engine.forecasting.volatility - INFO - WMT Ridge                alpha=10 RMSE=0.08761 NRMSE=1.23883 R2=-0.53470 IC=0.02082
2026-08-02 11:51:16,540 - options_risk_engine.forecasting.volatility - INFO - WMT Ridge                alpha=100 RMSE=0.08149 NRMSE=1.15225 R2=-0.32768 IC=0.07524
2026-08-02 11:51:16,542 - options_risk_engine.forecasting.volatility - INFO - WMT Ridge                alpha=1000 RMSE=0.07914 NRMSE=1.11904 R2=-0.25225 IC=0.11964
2026-08-02 11:51:16,544 - options_risk_engine.forecasting.volatility - INFO - WMT Ridge PCA            alpha=0.0001 RMSE=0.08305 NRMSE=1.17429 R2=-0.37896 IC=0.03277
2026-08-02 11:51:16,546 - options_risk_engine.forecasting.volatility - INFO - WMT Ridge PCA            alpha=0.001 RMSE=0.08305 NRMSE=1.17429 R2=-0.37896 IC=0.03277
2026-08-02 11:51:16,548 - options_risk_engine.forecasting.volatility - INFO - WMT Ridge PCA            alpha=0.01 RMSE=0.08305 NRMSE=1.17429 R2=-0.37895 IC=0.03277
2026-08-02 11:51:16,549 - options_risk_engine.forecasting.volatility - INFO - WMT Ridge PCA            alpha=0.1 RMSE=0.08304 NRMSE=1.17425 R2=-0.37887 IC=0.03280
2026-08-02 11:51:16,551 - options_risk_engine.forecasting.volatility - INFO - WMT Ridge PCA            alpha=1 RMSE=0.08302 NRMSE=1.17389 R2=-0.37801 IC=0.03316
2026-08-02 11:51:16,553 - options_risk_engine.forecasting.volatility - INFO - WMT Ridge PCA            alpha=10 RMSE=0.08278 NRMSE=1.17049 R2=-0.37005 IC=0.03654
2026-08-02 11:51:16,555 - options_risk_engine.forecasting.volatility - INFO - WMT Ridge PCA            alpha=100 RMSE=0.08141 NRMSE=1.15112 R2=-0.32509 IC=0.06005
2026-08-02 11:51:16,557 - options_risk_engine.forecasting.volatility - INFO - WMT Ridge PCA            alpha=1000 RMSE=0.07945 NRMSE=1.12342 R2=-0.26208 IC=0.11297
2026-08-02 11:51:16,559 - options_risk_engine.forecasting.volatility - INFO - WMT Lasso                alpha=0.0001 RMSE=0.09299 NRMSE=1.31489 R2=-0.72895 IC=-0.00161
2026-08-02 11:51:16,560 - options_risk_engine.forecasting.volatility - INFO - WMT Lasso                alpha=0.001 RMSE=0.08682 NRMSE=1.22763 R2=-0.50708 IC=0.01923
2026-08-02 11:51:16,562 - options_risk_engine.forecasting.volatility - INFO - WMT Lasso                alpha=0.01 RMSE=0.08319 NRMSE=1.17635 R2=-0.38381 IC=-0.06812
2026-08-02 11:51:16,564 - options_risk_engine.forecasting.volatility - INFO - WMT Lasso                alpha=0.1 RMSE=0.07943 NRMSE=1.12322 R2=-0.26161 IC=0.23052
2026-08-02 11:51:16,565 - options_risk_engine.forecasting.volatility - INFO - WMT Lasso                alpha=1 RMSE=0.07943 NRMSE=1.12322 R2=-0.26161 IC=0.23052
2026-08-02 11:51:16,567 - options_risk_engine.forecasting.volatility - INFO - WMT Lasso PCA            alpha=0.0001 RMSE=0.08296 NRMSE=1.17314 R2=-0.37626 IC=0.03383
2026-08-02 11:51:16,570 - options_risk_engine.forecasting.volatility - INFO - WMT Lasso PCA            alpha=0.001 RMSE=0.08229 NRMSE=1.16364 R2=-0.35405 IC=0.04331
2026-08-02 11:51:16,572 - options_risk_engine.forecasting.volatility - INFO - WMT Lasso PCA            alpha=0.01 RMSE=0.08131 NRMSE=1.14975 R2=-0.32193 IC=0.08995
2026-08-02 11:51:16,573 - options_risk_engine.forecasting.volatility - INFO - WMT Lasso PCA            alpha=0.1 RMSE=0.07997 NRMSE=1.13082 R2=-0.27875 IC=0.18300
2026-08-02 11:51:16,575 - options_risk_engine.forecasting.volatility - INFO - WMT Lasso PCA            alpha=1 RMSE=0.07943 NRMSE=1.12322 R2=-0.26161 IC=0.23052
2026-08-02 11:51:16,585 - options_risk_engine.forecasting.volatility - INFO - WMT Random Forest        alpha=None RMSE=0.08524 NRMSE=1.20531 R2=-0.45278 IC=-0.06839
2026-08-02 11:51:16,589 - options_risk_engine.forecasting.volatility - INFO - WMT Gradient Boosting    alpha=None RMSE=0.08791 NRMSE=1.24313 R2=-0.54536 IC=-0.07519
2026-08-02 11:51:16,593 - options_risk_engine.forecasting.volatility - INFO - WMT HAR-RV               alpha=None RMSE=0.08569 NRMSE=1.21167 R2=-0.46814 IC=-0.19011
2026-08-02 11:51:16,603 - options_risk_engine.forecasting.volatility - INFO - WMT GARCH                alpha=None RMSE=0.08412 NRMSE=1.18943 R2=-0.41475 IC=0.12352
2026-08-02 11:51:16,608 - options_risk_engine.forecasting.volatility - INFO - WMT evaluation complete - best model=Ridge, alpha=1000.0, RMSE=0.07914, NRMSE=1.11904
2026-08-02 11:51:16,660 - options_risk_engine.forecasting.volatility - INFO - GOOGL starting model evaluation
2026-08-02 11:51:16,667 - options_risk_engine.forecasting.volatility - INFO - GOOGL has 971 usable rows and 21 features
2026-08-02 11:51:16,672 - options_risk_engine.forecasting.volatility - INFO - Creating model specifications
2026-08-02 11:51:16,674 - options_risk_engine.forecasting.volatility - INFO - Created 34 model configurations
2026-08-02 11:51:16,705 - options_risk_engine.forecasting.volatility - INFO - GOOGL walk-forward starts at row 284 with window=30, step=30, purge=32
2026-08-02 11:51:34,354 - options_risk_engine.forecasting.volatility - INFO - GOOGL completed 22 walk-forward folds
2026-08-02 11:51:34,354 - options_risk_engine.forecasting.volatility - INFO - GOOGL calculating model comparison metrics
2026-08-02 11:51:34,356 - options_risk_engine.forecasting.volatility - INFO - GOOGL Train Mean           alpha=None RMSE=0.07436 NRMSE=1.07006 R2=-0.14504 IC=-0.20185
2026-08-02 11:51:34,358 - options_risk_engine.forecasting.volatility - INFO - GOOGL RV20 Baseline        alpha=None RMSE=0.11222 NRMSE=1.61476 R2=-1.60746 IC=-0.03534
2026-08-02 11:51:34,360 - options_risk_engine.forecasting.volatility - INFO - GOOGL OLS                  alpha=None RMSE=0.09815 NRMSE=1.41226 R2=-0.99448 IC=0.12447
2026-08-02 11:51:34,362 - options_risk_engine.forecasting.volatility - INFO - GOOGL OLS PCA              alpha=None RMSE=0.08116 NRMSE=1.16786 R2=-0.36389 IC=-0.01547
2026-08-02 11:51:34,363 - options_risk_engine.forecasting.volatility - INFO - GOOGL Ridge                alpha=0.0001 RMSE=0.09813 NRMSE=1.41208 R2=-0.99396 IC=0.12444
2026-08-02 11:51:34,365 - options_risk_engine.forecasting.volatility - INFO - GOOGL Ridge                alpha=0.001 RMSE=0.09802 NRMSE=1.41043 R2=-0.98931 IC=0.12419
2026-08-02 11:51:34,367 - options_risk_engine.forecasting.volatility - INFO - GOOGL Ridge                alpha=0.01 RMSE=0.09697 NRMSE=1.39540 R2=-0.94713 IC=0.12174
2026-08-02 11:51:34,369 - options_risk_engine.forecasting.volatility - INFO - GOOGL Ridge                alpha=0.1 RMSE=0.09173 NRMSE=1.31991 R2=-0.74216 IC=0.10369
2026-08-02 11:51:34,371 - options_risk_engine.forecasting.volatility - INFO - GOOGL Ridge                alpha=1 RMSE=0.08597 NRMSE=1.23709 R2=-0.53038 IC=0.07439
2026-08-02 11:51:34,373 - options_risk_engine.forecasting.volatility - INFO - GOOGL Ridge                alpha=10 RMSE=0.08158 NRMSE=1.17389 R2=-0.37801 IC=0.07840
2026-08-02 11:51:34,374 - options_risk_engine.forecasting.volatility - INFO - GOOGL Ridge                alpha=100 RMSE=0.07810 NRMSE=1.12383 R2=-0.26299 IC=0.02448
2026-08-02 11:51:34,376 - options_risk_engine.forecasting.volatility - INFO - GOOGL Ridge                alpha=1000 RMSE=0.07485 NRMSE=1.07697 R2=-0.15987 IC=-0.12187
2026-08-02 11:51:34,378 - options_risk_engine.forecasting.volatility - INFO - GOOGL Ridge PCA            alpha=0.0001 RMSE=0.08116 NRMSE=1.16786 R2=-0.36389 IC=-0.01547
2026-08-02 11:51:34,379 - options_risk_engine.forecasting.volatility - INFO - GOOGL Ridge PCA            alpha=0.001 RMSE=0.08116 NRMSE=1.16786 R2=-0.36389 IC=-0.01547
2026-08-02 11:51:34,380 - options_risk_engine.forecasting.volatility - INFO - GOOGL Ridge PCA            alpha=0.01 RMSE=0.08116 NRMSE=1.16786 R2=-0.36389 IC=-0.01548
2026-08-02 11:51:34,382 - options_risk_engine.forecasting.volatility - INFO - GOOGL Ridge PCA            alpha=0.1 RMSE=0.08116 NRMSE=1.16782 R2=-0.36381 IC=-0.01552
2026-08-02 11:51:34,384 - options_risk_engine.forecasting.volatility - INFO - GOOGL Ridge PCA            alpha=1 RMSE=0.08114 NRMSE=1.16750 R2=-0.36305 IC=-0.01589
2026-08-02 11:51:34,386 - options_risk_engine.forecasting.volatility - INFO - GOOGL Ridge PCA            alpha=10 RMSE=0.08092 NRMSE=1.16436 R2=-0.35574 IC=-0.01951
2026-08-02 11:51:34,387 - options_risk_engine.forecasting.volatility - INFO - GOOGL Ridge PCA            alpha=100 RMSE=0.07930 NRMSE=1.14106 R2=-0.30202 IC=-0.04676
2026-08-02 11:51:34,389 - options_risk_engine.forecasting.volatility - INFO - GOOGL Ridge PCA            alpha=1000 RMSE=0.07532 NRMSE=1.08377 R2=-0.17455 IC=-0.14719
2026-08-02 11:51:34,391 - options_risk_engine.forecasting.volatility - INFO - GOOGL Lasso                alpha=0.0001 RMSE=0.09202 NRMSE=1.32408 R2=-0.75318 IC=0.12169
2026-08-02 11:51:34,392 - options_risk_engine.forecasting.volatility - INFO - GOOGL Lasso                alpha=0.001 RMSE=0.08162 NRMSE=1.17443 R2=-0.37929 IC=0.07170
2026-08-02 11:51:34,394 - options_risk_engine.forecasting.volatility - INFO - GOOGL Lasso                alpha=0.01 RMSE=0.07513 NRMSE=1.08103 R2=-0.16863 IC=-0.12170
2026-08-02 11:51:34,396 - options_risk_engine.forecasting.volatility - INFO - GOOGL Lasso                alpha=0.1 RMSE=0.07436 NRMSE=1.07006 R2=-0.14504 IC=-0.20185
2026-08-02 11:51:34,397 - options_risk_engine.forecasting.volatility - INFO - GOOGL Lasso                alpha=1 RMSE=0.07436 NRMSE=1.07006 R2=-0.14504 IC=-0.20185
2026-08-02 11:51:34,399 - options_risk_engine.forecasting.volatility - INFO - GOOGL Lasso PCA            alpha=0.0001 RMSE=0.08110 NRMSE=1.16696 R2=-0.36179 IC=-0.01576
2026-08-02 11:51:34,401 - options_risk_engine.forecasting.volatility - INFO - GOOGL Lasso PCA            alpha=0.001 RMSE=0.08058 NRMSE=1.15949 R2=-0.34442 IC=-0.01884
2026-08-02 11:51:34,402 - options_risk_engine.forecasting.volatility - INFO - GOOGL Lasso PCA            alpha=0.01 RMSE=0.07663 NRMSE=1.10263 R2=-0.21579 IC=-0.06975
2026-08-02 11:51:34,404 - options_risk_engine.forecasting.volatility - INFO - GOOGL Lasso PCA            alpha=0.1 RMSE=0.07436 NRMSE=1.07006 R2=-0.14504 IC=-0.20185
2026-08-02 11:51:34,406 - options_risk_engine.forecasting.volatility - INFO - GOOGL Lasso PCA            alpha=1 RMSE=0.07436 NRMSE=1.07006 R2=-0.14504 IC=-0.20185
2026-08-02 11:51:34,407 - options_risk_engine.forecasting.volatility - INFO - GOOGL Random Forest        alpha=None RMSE=0.09514 NRMSE=1.36894 R2=-0.87400 IC=-0.19085
2026-08-02 11:51:34,409 - options_risk_engine.forecasting.volatility - INFO - GOOGL Gradient Boosting    alpha=None RMSE=0.09177 NRMSE=1.32048 R2=-0.74367 IC=-0.11671
2026-08-02 11:51:34,410 - options_risk_engine.forecasting.volatility - INFO - GOOGL HAR-RV               alpha=None RMSE=0.08313 NRMSE=1.19621 R2=-0.43093 IC=-0.17770
2026-08-02 11:51:34,412 - options_risk_engine.forecasting.volatility - INFO - GOOGL GARCH                alpha=None RMSE=0.07616 NRMSE=1.09596 R2=-0.20113 IC=-0.29409
2026-08-02 11:51:34,413 - options_risk_engine.forecasting.volatility - INFO - GOOGL evaluation complete - best model=Train Mean, alpha=nan, RMSE=0.07436, NRMSE=1.07006
2026-08-02 11:51:34,417 - options_risk_engine.forecasting.volatility - INFO - AMZN starting model evaluation
2026-08-02 11:51:34,419 - options_risk_engine.forecasting.volatility - INFO - AMZN has 971 usable rows and 21 features
2026-08-02 11:51:34,419 - options_risk_engine.forecasting.volatility - INFO - Creating model specifications
2026-08-02 11:51:34,420 - options_risk_engine.forecasting.volatility - INFO - Created 34 model configurations
2026-08-02 11:51:34,420 - options_risk_engine.forecasting.volatility - INFO - AMZN walk-forward starts at row 284 with window=30, step=30, purge=32
2026-08-02 11:51:52,676 - options_risk_engine.forecasting.volatility - INFO - AMZN completed 22 walk-forward folds
2026-08-02 11:51:52,678 - options_risk_engine.forecasting.volatility - INFO - AMZN calculating model comparison metrics
2026-08-02 11:51:52,680 - options_risk_engine.forecasting.volatility - INFO - AMZN Train Mean           alpha=None RMSE=0.09926 NRMSE=1.16814 R2=-0.36456 IC=-0.25176
2026-08-02 11:51:52,682 - options_risk_engine.forecasting.volatility - INFO - AMZN RV20 Baseline        alpha=None RMSE=0.13576 NRMSE=1.59759 R2=-1.55229 IC=-0.07732
2026-08-02 11:51:52,684 - options_risk_engine.forecasting.volatility - INFO - AMZN OLS                  alpha=None RMSE=0.11565 NRMSE=1.36093 R2=-0.85212 IC=0.09202
2026-08-02 11:51:52,686 - options_risk_engine.forecasting.volatility - INFO - AMZN OLS PCA              alpha=None RMSE=0.09816 NRMSE=1.15513 R2=-0.33432 IC=0.08226
2026-08-02 11:51:52,687 - options_risk_engine.forecasting.volatility - INFO - AMZN Ridge                alpha=0.0001 RMSE=0.11564 NRMSE=1.36089 R2=-0.85202 IC=0.09200
2026-08-02 11:51:52,689 - options_risk_engine.forecasting.volatility - INFO - AMZN Ridge                alpha=0.001 RMSE=0.11562 NRMSE=1.36057 R2=-0.85115 IC=0.09182
2026-08-02 11:51:52,690 - options_risk_engine.forecasting.volatility - INFO - AMZN Ridge                alpha=0.01 RMSE=0.11536 NRMSE=1.35750 R2=-0.84281 IC=0.09007
2026-08-02 11:51:52,692 - options_risk_engine.forecasting.volatility - INFO - AMZN Ridge                alpha=0.1 RMSE=0.11345 NRMSE=1.33510 R2=-0.78250 IC=0.07910
2026-08-02 11:51:52,694 - options_risk_engine.forecasting.volatility - INFO - AMZN Ridge                alpha=1 RMSE=0.10721 NRMSE=1.26166 R2=-0.59177 IC=0.06181
2026-08-02 11:51:52,696 - options_risk_engine.forecasting.volatility - INFO - AMZN Ridge                alpha=10 RMSE=0.10173 NRMSE=1.19716 R2=-0.43320 IC=0.05639
2026-08-02 11:51:52,698 - options_risk_engine.forecasting.volatility - INFO - AMZN Ridge                alpha=100 RMSE=0.09569 NRMSE=1.12611 R2=-0.26812 IC=0.05235
2026-08-02 11:51:52,700 - options_risk_engine.forecasting.volatility - INFO - AMZN Ridge                alpha=1000 RMSE=0.09323 NRMSE=1.09712 R2=-0.20367 IC=-0.10137
2026-08-02 11:51:52,702 - options_risk_engine.forecasting.volatility - INFO - AMZN Ridge PCA            alpha=0.0001 RMSE=0.09816 NRMSE=1.15513 R2=-0.33432 IC=0.08226
2026-08-02 11:51:52,703 - options_risk_engine.forecasting.volatility - INFO - AMZN Ridge PCA            alpha=0.001 RMSE=0.09816 NRMSE=1.15513 R2=-0.33432 IC=0.08226
2026-08-02 11:51:52,705 - options_risk_engine.forecasting.volatility - INFO - AMZN Ridge PCA            alpha=0.01 RMSE=0.09816 NRMSE=1.15512 R2=-0.33431 IC=0.08226
2026-08-02 11:51:52,706 - options_risk_engine.forecasting.volatility - INFO - AMZN Ridge PCA            alpha=0.1 RMSE=0.09815 NRMSE=1.15507 R2=-0.33418 IC=0.08224
2026-08-02 11:51:52,708 - options_risk_engine.forecasting.volatility - INFO - AMZN Ridge PCA            alpha=1 RMSE=0.09811 NRMSE=1.15453 R2=-0.33294 IC=0.08207
2026-08-02 11:51:52,710 - options_risk_engine.forecasting.volatility - INFO - AMZN Ridge PCA            alpha=10 RMSE=0.09768 NRMSE=1.14946 R2=-0.32125 IC=0.08027
2026-08-02 11:51:52,712 - options_risk_engine.forecasting.volatility - INFO - AMZN Ridge PCA            alpha=100 RMSE=0.09501 NRMSE=1.11810 R2=-0.25014 IC=0.05842
2026-08-02 11:51:52,713 - options_risk_engine.forecasting.volatility - INFO - AMZN Ridge PCA            alpha=1000 RMSE=0.09321 NRMSE=1.09690 R2=-0.20319 IC=-0.10037
2026-08-02 11:51:52,715 - options_risk_engine.forecasting.volatility - INFO - AMZN Lasso                alpha=0.0001 RMSE=0.11287 NRMSE=1.32821 R2=-0.76413 IC=0.06921
2026-08-02 11:51:52,717 - options_risk_engine.forecasting.volatility - INFO - AMZN Lasso                alpha=0.001 RMSE=0.10223 NRMSE=1.20299 R2=-0.44717 IC=0.03921
2026-08-02 11:51:52,718 - options_risk_engine.forecasting.volatility - INFO - AMZN Lasso                alpha=0.01 RMSE=0.10038 NRMSE=1.18125 R2=-0.39535 IC=-0.10457
2026-08-02 11:51:52,720 - options_risk_engine.forecasting.volatility - INFO - AMZN Lasso                alpha=0.1 RMSE=0.09926 NRMSE=1.16814 R2=-0.36456 IC=-0.25176
2026-08-02 11:51:52,721 - options_risk_engine.forecasting.volatility - INFO - AMZN Lasso                alpha=1 RMSE=0.09926 NRMSE=1.16814 R2=-0.36456 IC=-0.25176
2026-08-02 11:51:52,723 - options_risk_engine.forecasting.volatility - INFO - AMZN Lasso PCA            alpha=0.0001 RMSE=0.09812 NRMSE=1.15463 R2=-0.33317 IC=0.08120
2026-08-02 11:51:52,724 - options_risk_engine.forecasting.volatility - INFO - AMZN Lasso PCA            alpha=0.001 RMSE=0.09774 NRMSE=1.15024 R2=-0.32306 IC=0.07164
2026-08-02 11:51:52,726 - options_risk_engine.forecasting.volatility - INFO - AMZN Lasso PCA            alpha=0.01 RMSE=0.09568 NRMSE=1.12597 R2=-0.26780 IC=-0.02421
2026-08-02 11:51:52,728 - options_risk_engine.forecasting.volatility - INFO - AMZN Lasso PCA            alpha=0.1 RMSE=0.09897 NRMSE=1.16473 R2=-0.35660 IC=-0.26160
2026-08-02 11:51:52,729 - options_risk_engine.forecasting.volatility - INFO - AMZN Lasso PCA            alpha=1 RMSE=0.09926 NRMSE=1.16814 R2=-0.36456 IC=-0.25176
2026-08-02 11:51:52,731 - options_risk_engine.forecasting.volatility - INFO - AMZN Random Forest        alpha=None RMSE=0.13022 NRMSE=1.53237 R2=-1.34816 IC=-0.21254
2026-08-02 11:51:52,732 - options_risk_engine.forecasting.volatility - INFO - AMZN Gradient Boosting    alpha=None RMSE=0.13195 NRMSE=1.55276 R2=-1.41107 IC=-0.20027
2026-08-02 11:51:52,734 - options_risk_engine.forecasting.volatility - INFO - AMZN HAR-RV               alpha=None RMSE=0.10573 NRMSE=1.24425 R2=-0.54816 IC=-0.11051
2026-08-02 11:51:52,736 - options_risk_engine.forecasting.volatility - INFO - AMZN GARCH                alpha=None RMSE=0.10847 NRMSE=1.27649 R2=-0.62942 IC=-0.22516
2026-08-02 11:51:52,737 - options_risk_engine.forecasting.volatility - INFO - AMZN evaluation complete - best model=Ridge PCA, alpha=1000.0, RMSE=0.09321, NRMSE=1.09690
2026-08-02 11:51:52,741 - options_risk_engine.forecasting.volatility - INFO - HCA starting model evaluation
2026-08-02 11:51:52,743 - options_risk_engine.forecasting.volatility - INFO - HCA has 971 usable rows and 21 features
2026-08-02 11:51:52,744 - options_risk_engine.forecasting.volatility - INFO - Creating model specifications
2026-08-02 11:51:52,744 - options_risk_engine.forecasting.volatility - INFO - Created 34 model configurations
2026-08-02 11:51:52,745 - options_risk_engine.forecasting.volatility - INFO - HCA walk-forward starts at row 284 with window=30, step=30, purge=32
2026-08-02 11:52:13,707 - options_risk_engine.forecasting.volatility - INFO - HCA completed 22 walk-forward folds
2026-08-02 11:52:13,709 - options_risk_engine.forecasting.volatility - INFO - HCA calculating model comparison metrics
2026-08-02 11:52:13,717 - options_risk_engine.forecasting.volatility - INFO - HCA Train Mean           alpha=None RMSE=0.06185 NRMSE=1.02731 R2=-0.05536 IC=-0.00939
2026-08-02 11:52:13,719 - options_risk_engine.forecasting.volatility - INFO - HCA RV20 Baseline        alpha=None RMSE=0.10173 NRMSE=1.68971 R2=-1.85512 IC=-0.14081
2026-08-02 11:52:13,723 - options_risk_engine.forecasting.volatility - INFO - HCA OLS                  alpha=None RMSE=0.21718 NRMSE=3.60718 R2=-12.01176 IC=-0.12365
2026-08-02 11:52:13,725 - options_risk_engine.forecasting.volatility - INFO - HCA OLS PCA              alpha=None RMSE=0.06819 NRMSE=1.13266 R2=-0.28292 IC=-0.01170
2026-08-02 11:52:13,729 - options_risk_engine.forecasting.volatility - INFO - HCA Ridge                alpha=0.0001 RMSE=0.21700 NRMSE=3.60415 R2=-11.98991 IC=-0.12361
2026-08-02 11:52:13,731 - options_risk_engine.forecasting.volatility - INFO - HCA Ridge                alpha=0.001 RMSE=0.21537 NRMSE=3.57715 R2=-11.79603 IC=-0.12328
2026-08-02 11:52:13,733 - options_risk_engine.forecasting.volatility - INFO - HCA Ridge                alpha=0.01 RMSE=0.20064 NRMSE=3.33248 R2=-10.10539 IC=-0.12001
2026-08-02 11:52:13,736 - options_risk_engine.forecasting.volatility - INFO - HCA Ridge                alpha=0.1 RMSE=0.12889 NRMSE=2.14083 R2=-3.58314 IC=-0.08870
2026-08-02 11:52:13,737 - options_risk_engine.forecasting.volatility - INFO - HCA Ridge                alpha=1 RMSE=0.07162 NRMSE=1.18952 R2=-0.41497 IC=0.04605
2026-08-02 11:52:13,739 - options_risk_engine.forecasting.volatility - INFO - HCA Ridge                alpha=10 RMSE=0.06615 NRMSE=1.09873 R2=-0.20722 IC=0.05241
2026-08-02 11:52:13,741 - options_risk_engine.forecasting.volatility - INFO - HCA Ridge                alpha=100 RMSE=0.06633 NRMSE=1.10161 R2=-0.21353 IC=0.00062
2026-08-02 11:52:13,743 - options_risk_engine.forecasting.volatility - INFO - HCA Ridge                alpha=1000 RMSE=0.06539 NRMSE=1.08608 R2=-0.17958 IC=-0.05587
2026-08-02 11:52:13,744 - options_risk_engine.forecasting.volatility - INFO - HCA Ridge PCA            alpha=0.0001 RMSE=0.06819 NRMSE=1.13266 R2=-0.28292 IC=-0.01170
2026-08-02 11:52:13,746 - options_risk_engine.forecasting.volatility - INFO - HCA Ridge PCA            alpha=0.001 RMSE=0.06819 NRMSE=1.13266 R2=-0.28292 IC=-0.01170
2026-08-02 11:52:13,748 - options_risk_engine.forecasting.volatility - INFO - HCA Ridge PCA            alpha=0.01 RMSE=0.06819 NRMSE=1.13266 R2=-0.28291 IC=-0.01170
2026-08-02 11:52:13,750 - options_risk_engine.forecasting.volatility - INFO - HCA Ridge PCA            alpha=0.1 RMSE=0.06819 NRMSE=1.13263 R2=-0.28285 IC=-0.01170
2026-08-02 11:52:13,751 - options_risk_engine.forecasting.volatility - INFO - HCA Ridge PCA            alpha=1 RMSE=0.06817 NRMSE=1.13233 R2=-0.28217 IC=-0.01171
2026-08-02 11:52:13,753 - options_risk_engine.forecasting.volatility - INFO - HCA Ridge PCA            alpha=10 RMSE=0.06801 NRMSE=1.12953 R2=-0.27584 IC=-0.01180
2026-08-02 11:52:13,755 - options_risk_engine.forecasting.volatility - INFO - HCA Ridge PCA            alpha=100 RMSE=0.06702 NRMSE=1.11310 R2=-0.23900 IC=-0.01562
2026-08-02 11:52:13,758 - options_risk_engine.forecasting.volatility - INFO - HCA Ridge PCA            alpha=1000 RMSE=0.06548 NRMSE=1.08756 R2=-0.18278 IC=-0.05877
2026-08-02 11:52:13,761 - options_risk_engine.forecasting.volatility - INFO - HCA Lasso                alpha=0.0001 RMSE=0.15974 NRMSE=2.65318 R2=-6.03936 IC=-0.10930
2026-08-02 11:52:13,765 - options_risk_engine.forecasting.volatility - INFO - HCA Lasso                alpha=0.001 RMSE=0.06882 NRMSE=1.14311 R2=-0.30670 IC=-0.03642
2026-08-02 11:52:13,767 - options_risk_engine.forecasting.volatility - INFO - HCA Lasso                alpha=0.01 RMSE=0.06821 NRMSE=1.13295 R2=-0.28358 IC=-0.13721
2026-08-02 11:52:13,770 - options_risk_engine.forecasting.volatility - INFO - HCA Lasso                alpha=0.1 RMSE=0.06185 NRMSE=1.02731 R2=-0.05536 IC=-0.00939
2026-08-02 11:52:13,773 - options_risk_engine.forecasting.volatility - INFO - HCA Lasso                alpha=1 RMSE=0.06185 NRMSE=1.02731 R2=-0.05536 IC=-0.00939
2026-08-02 11:52:13,775 - options_risk_engine.forecasting.volatility - INFO - HCA Lasso PCA            alpha=0.0001 RMSE=0.06815 NRMSE=1.13190 R2=-0.28119 IC=-0.01299
2026-08-02 11:52:13,781 - options_risk_engine.forecasting.volatility - INFO - HCA Lasso PCA            alpha=0.001 RMSE=0.06776 NRMSE=1.12540 R2=-0.26654 IC=-0.02438
2026-08-02 11:52:13,783 - options_risk_engine.forecasting.volatility - INFO - HCA Lasso PCA            alpha=0.01 RMSE=0.06825 NRMSE=1.13353 R2=-0.28489 IC=-0.14368
2026-08-02 11:52:13,784 - options_risk_engine.forecasting.volatility - INFO - HCA Lasso PCA            alpha=0.1 RMSE=0.06269 NRMSE=1.04120 R2=-0.08409 IC=-0.03019
2026-08-02 11:52:13,786 - options_risk_engine.forecasting.volatility - INFO - HCA Lasso PCA            alpha=1 RMSE=0.06185 NRMSE=1.02731 R2=-0.05536 IC=-0.00939
2026-08-02 11:52:13,787 - options_risk_engine.forecasting.volatility - INFO - HCA Random Forest        alpha=None RMSE=0.08041 NRMSE=1.33555 R2=-0.78369 IC=-0.03400
2026-08-02 11:52:13,789 - options_risk_engine.forecasting.volatility - INFO - HCA Gradient Boosting    alpha=None RMSE=0.08253 NRMSE=1.37078 R2=-0.87903 IC=-0.07276
2026-08-02 11:52:13,791 - options_risk_engine.forecasting.volatility - INFO - HCA HAR-RV               alpha=None RMSE=0.06672 NRMSE=1.10811 R2=-0.22790 IC=-0.04267
2026-08-02 11:52:13,793 - options_risk_engine.forecasting.volatility - INFO - HCA GARCH                alpha=None RMSE=0.06575 NRMSE=1.09207 R2=-0.19261 IC=-0.08205
2026-08-02 11:52:13,794 - options_risk_engine.forecasting.volatility - INFO - HCA evaluation complete - best model=Train Mean, alpha=nan, RMSE=0.06185, NRMSE=1.02731
2026-08-02 11:52:13,813 - options_risk_engine.database - INFO - Stored 238 rows in model_evaluations
2026-08-02 11:52:13,849 - options_risk_engine.database - INFO - Stored 238 rows in model_evaluations
2026-08-02 11:52:14,302 - options_risk_engine.pricing.chains - INFO - Downloading option chains for 7 ticker objects
2026-08-02 11:52:14,303 - options_risk_engine.pricing.chains - INFO - Downloading option chain for AAPL nearest to 2026-09-16
2026-08-02 11:52:14,530 - options_risk_engine.pricing.chains - INFO - AAPL chain loaded for 2026-09-18: 93 calls and 74 puts
2026-08-02 11:52:14,532 - options_risk_engine.pricing.chains - INFO - Downloading option chain for MSFT nearest to 2026-09-16
2026-08-02 11:52:14,807 - options_risk_engine.pricing.chains - INFO - MSFT chain loaded for 2026-09-18: 90 calls and 82 puts
2026-08-02 11:52:14,808 - options_risk_engine.pricing.chains - INFO - Downloading option chain for META nearest to 2026-09-16
2026-08-02 11:52:15,020 - options_risk_engine.pricing.chains - INFO - META chain loaded for 2026-09-18: 190 calls and 146 puts
2026-08-02 11:52:15,021 - options_risk_engine.pricing.chains - INFO - Downloading option chain for WMT nearest to 2026-09-16
2026-08-02 11:52:15,224 - options_risk_engine.pricing.chains - INFO - WMT chain loaded for 2026-09-18: 34 calls and 28 puts
2026-08-02 11:52:15,225 - options_risk_engine.pricing.chains - INFO - Downloading option chain for GOOGL nearest to 2026-09-16
2026-08-02 11:52:15,396 - options_risk_engine.pricing.chains - INFO - GOOGL chain loaded for 2026-09-18: 134 calls and 98 puts
2026-08-02 11:52:15,397 - options_risk_engine.pricing.chains - INFO - Downloading option chain for AMZN nearest to 2026-09-16
2026-08-02 11:52:15,551 - options_risk_engine.pricing.chains - INFO - AMZN chain loaded for 2026-09-18: 58 calls and 52 puts
2026-08-02 11:52:15,553 - options_risk_engine.pricing.chains - INFO - Downloading option chain for HCA nearest to 2026-09-16
2026-08-02 11:52:15,766 - options_risk_engine.pricing.chains - INFO - HCA chain loaded for 2026-09-18: 73 calls and 59 puts
2026-08-02 11:52:15,767 - options_risk_engine.pricing.chains - INFO - Option-chain download complete: 7 of 7 tickers loaded
2026-08-02 11:52:15,888 - options_risk_engine.database - INFO - Stored 1211 rows in option_chain_snapshots_full
2026-08-02 11:52:15,929 - options_risk_engine.pricing.chains - INFO - Starting option pricing for 7 ticker objects
2026-08-02 11:52:15,933 - options_risk_engine.pricing.chains - INFO - AAPL beginning option-chain pricing
2026-08-02 11:52:15,939 - options_risk_engine.pricing.chains - INFO - AAPL volatility inputs - RV20: 0.3674, RV60: 0.3201, RV252: 0.2591, forecast: 0.2623
2026-08-02 11:52:16,756 - options_risk_engine.pricing.chains - INFO - AAPL implied volatility calculations complete
2026-08-02 11:52:16,765 - options_risk_engine.pricing.chains - INFO - AAPL put-call parity check: 74 matched strikes, maximum absolute error 0.0000000000
2026-08-02 11:52:16,823 - options_risk_engine.pricing.chains - INFO - AAPL pricing complete — 93 total calls, 74 total puts, 0 highlighted calls and 7 highlighted puts
2026-08-02 11:52:16,824 - options_risk_engine.pricing.chains - INFO - MSFT beginning option-chain pricing
2026-08-02 11:52:16,827 - options_risk_engine.pricing.chains - INFO - MSFT volatility inputs - RV20: 0.6016, RV60: 0.4622, RV252: 0.3193, forecast: 0.2609
2026-08-02 11:52:17,732 - options_risk_engine.pricing.chains - INFO - MSFT implied volatility calculations complete
2026-08-02 11:52:17,737 - options_risk_engine.pricing.chains - INFO - MSFT put-call parity check: 82 matched strikes, maximum absolute error 0.0000000000
2026-08-02 11:52:17,768 - options_risk_engine.pricing.chains - INFO - MSFT pricing complete — 90 total calls, 82 total puts, 0 highlighted calls and 6 highlighted puts
2026-08-02 11:52:17,769 - options_risk_engine.pricing.chains - INFO - META beginning option-chain pricing
2026-08-02 11:52:17,771 - options_risk_engine.pricing.chains - INFO - META volatility inputs - RV20: 0.5162, RV60: 0.4580, RV252: 0.3978, forecast: 0.4131
2026-08-02 11:52:19,066 - options_risk_engine.pricing.chains - INFO - META implied volatility calculations complete
2026-08-02 11:52:19,071 - options_risk_engine.pricing.chains - INFO - META put-call parity check: 130 matched strikes, maximum absolute error 0.0000000000
2026-08-02 11:52:19,102 - options_risk_engine.pricing.chains - INFO - META pricing complete — 190 total calls, 146 total puts, 0 highlighted calls and 19 highlighted puts
2026-08-02 11:52:19,103 - options_risk_engine.pricing.chains - INFO - WMT beginning option-chain pricing
2026-08-02 11:52:19,105 - options_risk_engine.pricing.chains - INFO - WMT volatility inputs - RV20: 0.2209, RV60: 0.2760, RV252: 0.2477, forecast: 0.2065
2026-08-02 11:52:19,357 - options_risk_engine.pricing.chains - INFO - WMT implied volatility calculations complete
2026-08-02 11:52:19,363 - options_risk_engine.pricing.chains - INFO - WMT put-call parity check: 28 matched strikes, maximum absolute error 0.0000000000
2026-08-02 11:52:19,398 - options_risk_engine.pricing.chains - INFO - WMT pricing complete — 34 total calls, 28 total puts, 0 highlighted calls and 2 highlighted puts
2026-08-02 11:52:19,398 - options_risk_engine.pricing.chains - INFO - GOOGL beginning option-chain pricing
2026-08-02 11:52:19,400 - options_risk_engine.pricing.chains - INFO - GOOGL volatility inputs - RV20: 0.4610, RV60: 0.3682, RV252: 0.3212, forecast: 0.3099
2026-08-02 11:52:20,393 - options_risk_engine.pricing.chains - INFO - GOOGL implied volatility calculations complete
2026-08-02 11:52:20,399 - options_risk_engine.pricing.chains - INFO - GOOGL put-call parity check: 96 matched strikes, maximum absolute error 0.0000000000
2026-08-02 11:52:20,436 - options_risk_engine.pricing.chains - INFO - GOOGL pricing complete — 134 total calls, 98 total puts, 0 highlighted calls and 12 highlighted puts
2026-08-02 11:52:20,437 - options_risk_engine.pricing.chains - INFO - AMZN beginning option-chain pricing
2026-08-02 11:52:20,439 - options_risk_engine.pricing.chains - INFO - AMZN volatility inputs - RV20: 0.6195, RV60: 0.4402, RV252: 0.3520, forecast: 0.3413
2026-08-02 11:52:21,736 - options_risk_engine.pricing.chains - INFO - AMZN implied volatility calculations complete
2026-08-02 11:52:21,767 - options_risk_engine.pricing.chains - INFO - AMZN put-call parity check: 52 matched strikes, maximum absolute error 0.0000000000
2026-08-02 11:52:21,862 - options_risk_engine.pricing.chains - INFO - AMZN pricing complete — 58 total calls, 52 total puts, 7 highlighted calls and 2 highlighted puts
2026-08-02 11:52:21,864 - options_risk_engine.pricing.chains - INFO - HCA beginning option-chain pricing
2026-08-02 11:52:21,870 - options_risk_engine.pricing.chains - INFO - HCA volatility inputs - RV20: 0.5051, RV60: 0.3752, RV252: 0.3018, forecast: 0.2788
2026-08-02 11:52:22,476 - options_risk_engine.pricing.chains - INFO - HCA implied volatility calculations complete
2026-08-02 11:52:22,485 - options_risk_engine.pricing.chains - INFO - HCA put-call parity check: 56 matched strikes, maximum absolute error 0.0000000000
2026-08-02 11:52:22,535 - options_risk_engine.pricing.chains - INFO - HCA pricing complete — 73 total calls, 59 total puts, 0 highlighted calls and 0 highlighted puts
2026-08-02 11:52:22,536 - options_risk_engine.pricing.chains - INFO - Option pricing finished — 14 full tables, 14 highlighted tables, 7 parity tables and 0 failed tickers
2026-08-02 11:52:22,551 - options_risk_engine.reporting.tables - INFO - Combined 14 option tables into 1211 rows
2026-08-02 11:52:22,553 - options_risk_engine.validation - INFO - Option-universe validation: {'rows': 1211, 'tickers': 7, 'duplicate_contract_symbols': 0, 'invalid_quotes': 417}
2026-08-02 11:52:23,766 - options_risk_engine.database - INFO - Stored 1211 rows in option_pricing_results
2026-08-02 11:52:24,355 - options_risk_engine.pricing.monte_carlo - INFO - Running 10000 Monte Carlo simulations for AAPL
2026-08-02 11:52:24,356 - options_risk_engine.pricing.monte_carlo - INFO - AAPL starting Monte Carlo simulation
2026-08-02 11:52:24,359 - options_risk_engine.pricing.monte_carlo - INFO - AAPL Monte Carlo inputs - S0: 308.91, sigma: 0.2623, T: 0.1288, steps: 34, simulations: 10000
2026-08-02 11:52:24,410 - options_risk_engine.pricing.monte_carlo - INFO - AAPL Monte Carlo simulation complete
2026-08-02 11:52:24,483 - options_risk_engine.pricing.monte_carlo - INFO - AAPL Monte Carlo profit analysis complete
2026-08-02 11:52:24,484 - options_risk_engine.pricing.monte_carlo - INFO - Running 10000 Monte Carlo simulations for MSFT
2026-08-02 11:52:24,485 - options_risk_engine.pricing.monte_carlo - INFO - MSFT starting Monte Carlo simulation
2026-08-02 11:52:24,485 - options_risk_engine.pricing.monte_carlo - INFO - MSFT Monte Carlo inputs - S0: 464.72, sigma: 0.2609, T: 0.1288, steps: 34, simulations: 10000
2026-08-02 11:52:24,504 - options_risk_engine.pricing.monte_carlo - INFO - MSFT Monte Carlo simulation complete
2026-08-02 11:52:24,563 - options_risk_engine.pricing.monte_carlo - INFO - MSFT Monte Carlo profit analysis complete
2026-08-02 11:52:24,563 - options_risk_engine.pricing.monte_carlo - INFO - Running 10000 Monte Carlo simulations for META
2026-08-02 11:52:24,564 - options_risk_engine.pricing.monte_carlo - INFO - META starting Monte Carlo simulation
2026-08-02 11:52:24,565 - options_risk_engine.pricing.monte_carlo - INFO - META Monte Carlo inputs - S0: 556.71, sigma: 0.4131, T: 0.1288, steps: 34, simulations: 10000
2026-08-02 11:52:24,598 - options_risk_engine.pricing.monte_carlo - INFO - META Monte Carlo simulation complete
2026-08-02 11:52:24,688 - options_risk_engine.pricing.monte_carlo - INFO - META Monte Carlo profit analysis complete
2026-08-02 11:52:24,689 - options_risk_engine.pricing.monte_carlo - INFO - Running 10000 Monte Carlo simulations for WMT
2026-08-02 11:52:24,690 - options_risk_engine.pricing.monte_carlo - INFO - WMT starting Monte Carlo simulation
2026-08-02 11:52:24,690 - options_risk_engine.pricing.monte_carlo - INFO - WMT Monte Carlo inputs - S0: 111.20, sigma: 0.2065, T: 0.1288, steps: 34, simulations: 10000
2026-08-02 11:52:24,704 - options_risk_engine.pricing.monte_carlo - INFO - WMT Monte Carlo simulation complete
2026-08-02 11:52:24,732 - options_risk_engine.pricing.monte_carlo - INFO - WMT Monte Carlo profit analysis complete
2026-08-02 11:52:24,732 - options_risk_engine.pricing.monte_carlo - INFO - Running 10000 Monte Carlo simulations for GOOGL
2026-08-02 11:52:24,733 - options_risk_engine.pricing.monte_carlo - INFO - GOOGL starting Monte Carlo simulation
2026-08-02 11:52:24,734 - options_risk_engine.pricing.monte_carlo - INFO - GOOGL Monte Carlo inputs - S0: 356.13, sigma: 0.3099, T: 0.1288, steps: 34, simulations: 10000
2026-08-02 11:52:24,752 - options_risk_engine.pricing.monte_carlo - INFO - GOOGL Monte Carlo simulation complete
2026-08-02 11:52:24,813 - options_risk_engine.pricing.monte_carlo - INFO - GOOGL Monte Carlo profit analysis complete
2026-08-02 11:52:24,814 - options_risk_engine.pricing.monte_carlo - INFO - Running 10000 Monte Carlo simulations for AMZN
2026-08-02 11:52:24,815 - options_risk_engine.pricing.monte_carlo - INFO - AMZN starting Monte Carlo simulation
2026-08-02 11:52:24,816 - options_risk_engine.pricing.monte_carlo - INFO - AMZN Monte Carlo inputs - S0: 271.58, sigma: 0.3413, T: 0.1288, steps: 34, simulations: 10000
2026-08-02 11:52:24,830 - options_risk_engine.pricing.monte_carlo - INFO - AMZN Monte Carlo simulation complete
2026-08-02 11:52:24,868 - options_risk_engine.pricing.monte_carlo - INFO - AMZN Monte Carlo profit analysis complete
2026-08-02 11:52:24,868 - options_risk_engine.pricing.monte_carlo - INFO - Running 10000 Monte Carlo simulations for HCA
2026-08-02 11:52:24,869 - options_risk_engine.pricing.monte_carlo - INFO - HCA starting Monte Carlo simulation
2026-08-02 11:52:24,870 - options_risk_engine.pricing.monte_carlo - INFO - HCA Monte Carlo inputs - S0: 402.59, sigma: 0.2788, T: 0.1288, steps: 34, simulations: 10000
2026-08-02 11:52:24,884 - options_risk_engine.pricing.monte_carlo - INFO - HCA Monte Carlo simulation complete
2026-08-02 11:52:24,927 - options_risk_engine.pricing.monte_carlo - INFO - HCA Monte Carlo profit analysis complete
2026-08-02 11:52:24,940 - options_risk_engine.reporting.tables - INFO - Combined 14 option tables into 1211 rows
2026-08-02 11:52:24,965 - options_risk_engine.reporting.tables - INFO - Created findings table with 52 groups
2026-08-02 11:52:25,014 - options_risk_engine.risk.portfolio - INFO - Preparing option universe for the portfolio risk engine: 1211 rows
2026-08-02 11:52:25,018 - options_risk_engine.risk.portfolio - INFO - Risk-engine input cleaned: 959 usable option rows; 252 rows removed
2026-08-02 11:52:25,022 - options_risk_engine.risk.portfolio - INFO - Created reproducible test option positions: 471 long and 488 short
2026-08-02 11:52:25,050 - options_risk_engine.risk.portfolio - INFO - Added 7 share positions; combined portfolio now contains 966 rows
2026-08-02 11:52:25,053 - options_risk_engine.risk.portfolio - INFO - Portfolio positions prepared: gross market value 17747056.90; current P&L -64853.89
2026-08-02 11:52:25,054 - options_risk_engine.risk.portfolio - INFO - Building current portfolio risk summary from 966 positions
2026-08-02 11:52:25,062 - options_risk_engine.risk.portfolio - INFO - Ticker-level risk calculated for 7 tickers
2026-08-02 11:52:25,063 - options_risk_engine.risk.portfolio - INFO - Portfolio risk summary complete: net value -695290.30; gross value 17747056.90; delta 1592.81
2026-08-02 11:52:26,207 - options_risk_engine.database - INFO - Stored 966 rows in portfolio_positions
2026-08-02 11:52:26,324 - options_risk_engine.database - INFO - Stored 8 rows in portfolio_risk
2026-08-02 11:52:26,341 - options_risk_engine.risk.scenarios - INFO - Generating 1000 random scenarios with up to 30 days forward; seed=42
2026-08-02 11:52:26,348 - options_risk_engine.risk.scenarios - INFO - Scenario generation complete: 1001 total rows including BASE
2026-08-02 11:52:26,383 - options_risk_engine.risk.scenarios - INFO - Starting scenario engine: 966 positions across 1001 scenarios
2026-08-02 11:52:26,386 - options_risk_engine.risk.scenarios - INFO - Scenario positions classified: 565 calls, 394 puts and 7 shares
2026-08-02 11:52:26,396 - options_risk_engine.risk.scenarios - INFO - Base model prices calculated for 966 positions
2026-08-02 11:52:26,398 - options_risk_engine.risk.scenarios - INFO - Revaluing scenario 1/1001: BASE
2026-08-02 11:52:26,823 - options_risk_engine.risk.scenarios - INFO - Revaluing scenario 100/1001: R0099
2026-08-02 11:52:27,169 - options_risk_engine.risk.scenarios - INFO - Revaluing scenario 200/1001: R0199
2026-08-02 11:52:27,564 - options_risk_engine.risk.scenarios - INFO - Revaluing scenario 300/1001: R0299
2026-08-02 11:52:27,973 - options_risk_engine.risk.scenarios - INFO - Revaluing scenario 400/1001: R0399
2026-08-02 11:52:28,357 - options_risk_engine.risk.scenarios - INFO - Revaluing scenario 500/1001: R0499
2026-08-02 11:52:28,741 - options_risk_engine.risk.scenarios - INFO - Revaluing scenario 600/1001: R0599
2026-08-02 11:52:29,093 - options_risk_engine.risk.scenarios - INFO - Revaluing scenario 700/1001: R0699
2026-08-02 11:52:29,452 - options_risk_engine.risk.scenarios - INFO - Revaluing scenario 800/1001: R0799
2026-08-02 11:52:30,003 - options_risk_engine.risk.scenarios - INFO - Revaluing scenario 900/1001: R0899
2026-08-02 11:52:30,440 - options_risk_engine.risk.scenarios - INFO - Revaluing scenario 1000/1001: R0999
2026-08-02 11:52:30,447 - options_risk_engine.risk.scenarios - INFO - Revaluing scenario 1001/1001: R1000
2026-08-02 11:52:30,604 - options_risk_engine.risk.scenarios - INFO - Position-level scenario results created: 966966 rows
2026-08-02 11:52:31,126 - options_risk_engine.risk.scenarios - INFO - Analysing scenario outputs: 966966 position rows, 7007 ticker rows and 1001 portfolio rows
2026-08-02 11:52:31,265 - options_risk_engine.risk.scenarios - INFO - Base scenario validation passed: portfolio P&L 0.00000000
2026-08-02 11:52:31,274 - options_risk_engine.risk.scenarios - INFO - All scenario positions were repriced successfully
2026-08-02 11:52:31,290 - options_risk_engine.risk.scenarios - INFO - Scenario distribution analysed: worst P&L -258974.50; 5th percentile -62652.47; probability of loss 56.20%
2026-08-02 11:52:31,366 - options_risk_engine.risk.scenarios - WARNING - 11 portfolio scenarios breached the 100000.00 loss limit
2026-08-02 11:52:31,367 - options_risk_engine.risk.scenarios - WARNING - 1473 ticker-scenario rows breached the 25000.00 loss limit
2026-08-02 11:52:31,368 - options_risk_engine.risk.scenarios - INFO - Scenario analysis complete; worst scenario is R0950
2026-08-02 11:52:32,254 - options_risk_engine.risk.attribution - INFO - Starting Greek P&L attribution
2026-08-02 11:52:33,022 - options_risk_engine.risk.attribution - INFO - Greek attribution accounting check passed
2026-08-02 11:52:33,024 - options_risk_engine.risk.attribution - INFO - Greek attribution completed for 966966 position-scenario rows and 1001 scenarios
2026-08-02 11:52:33,025 - options_risk_engine.risk.attribution - INFO - Starting Greek attribution analysis
2026-08-02 11:52:34,508 - options_risk_engine.risk.attribution - INFO - Scenario shocks attached to 1001 attribution rows
2026-08-02 11:52:34,515 - options_risk_engine.risk.attribution - INFO - Greek attribution accounting check passed
2026-08-02 11:52:34,766 - options_risk_engine.risk.attribution - INFO - BASE Greek attribution validation passed
2026-08-02 11:52:37,914 - options_risk_engine.risk.attribution - INFO - Greek attribution analysis completed for 1000 scenarios
2026-08-02 11:52:40,342 - options_risk_engine.validation - INFO - All risk-engine validation checks passed
2026-08-02 11:52:40,370 - options_risk_engine.database - INFO - Stored 1001 rows in scenario_definitions
2026-08-02 11:52:46,052 - options_risk_engine.database - INFO - Stored 966966 rows in scenario_position_results
2026-08-02 11:53:02,675 - options_risk_engine.database - INFO - Stored 7007 rows in scenario_ticker_results
2026-08-02 11:53:02,704 - options_risk_engine.database - INFO - Stored 1001 rows in scenario_portfolio_results
2026-08-02 11:53:10,231 - options_risk_engine.database - INFO - Stored 966966 rows in attribution_position_results
2026-08-02 11:53:32,992 - options_risk_engine.database - INFO - Stored 1001 rows in scenario_attribution
2026-08-02 11:53:33,060 - options_risk_engine.recommendations.contracts - INFO - Preparing standardised contract analysis from 1211 option rows
2026-08-02 11:53:33,082 - options_risk_engine.recommendations.contracts - INFO - Prepared 794 standardised long-one-contract positions
2026-08-02 11:53:33,114 - options_risk_engine.recommendations.contracts - INFO - All standardised contract validation checks passed
2026-08-02 11:53:33,127 - options_risk_engine.risk.scenarios - INFO - Starting scenario engine: 794 positions across 1001 scenarios
2026-08-02 11:53:33,129 - options_risk_engine.risk.scenarios - INFO - Scenario positions classified: 564 calls, 230 puts and 0 shares
2026-08-02 11:53:33,136 - options_risk_engine.risk.scenarios - INFO - Base model prices calculated for 794 positions
2026-08-02 11:53:33,136 - options_risk_engine.risk.scenarios - INFO - Revaluing scenario 1/1001: BASE
2026-08-02 11:53:33,489 - options_risk_engine.risk.scenarios - INFO - Revaluing scenario 100/1001: R0099
2026-08-02 11:53:33,830 - options_risk_engine.risk.scenarios - INFO - Revaluing scenario 200/1001: R0199
2026-08-02 11:53:34,169 - options_risk_engine.risk.scenarios - INFO - Revaluing scenario 300/1001: R0299
2026-08-02 11:53:34,505 - options_risk_engine.risk.scenarios - INFO - Revaluing scenario 400/1001: R0399
2026-08-02 11:53:34,844 - options_risk_engine.risk.scenarios - INFO - Revaluing scenario 500/1001: R0499
2026-08-02 11:53:35,233 - options_risk_engine.risk.scenarios - INFO - Revaluing scenario 600/1001: R0599
2026-08-02 11:53:35,609 - options_risk_engine.risk.scenarios - INFO - Revaluing scenario 700/1001: R0699
2026-08-02 11:53:35,970 - options_risk_engine.risk.scenarios - INFO - Revaluing scenario 800/1001: R0799
2026-08-02 11:53:36,330 - options_risk_engine.risk.scenarios - INFO - Revaluing scenario 900/1001: R0899
2026-08-02 11:53:36,690 - options_risk_engine.risk.scenarios - INFO - Revaluing scenario 1000/1001: R0999
2026-08-02 11:53:36,707 - options_risk_engine.risk.scenarios - INFO - Revaluing scenario 1001/1001: R1000
2026-08-02 11:53:37,376 - options_risk_engine.risk.scenarios - INFO - Position-level scenario results created: 794794 rows
2026-08-02 11:53:38,150 - options_risk_engine.recommendations.contracts - INFO - Attached purchase-at-ask P&L to 794794 scenario rows
2026-08-02 11:53:38,404 - options_risk_engine.recommendations.contracts - INFO - Aggregating 794794 contract-scenario rows
2026-08-02 11:53:42,003 - options_risk_engine.recommendations.contracts - INFO - Created scenario summaries for 794 contracts
2026-08-02 11:53:42,198 - options_risk_engine.recommendations.contracts - INFO - All contract scenario summary checks passed
2026-08-02 11:53:43,772 - options_risk_engine.database - INFO - Stored 794 rows in contract_scenario_summary
2026-08-02 11:53:43,776 - options_risk_engine.database - INFO - Stored 3 rows in initial_action_comparison
2026-08-02 11:53:44,096 - options_risk_engine.risk.attribution - INFO - Starting Greek P&L attribution
2026-08-02 11:53:44,523 - options_risk_engine.risk.attribution - INFO - Greek attribution accounting check passed
2026-08-02 11:53:44,524 - options_risk_engine.risk.attribution - INFO - Greek attribution completed for 794794 position-scenario rows and 1001 scenarios
2026-08-02 11:53:44,524 - options_risk_engine.recommendations.attribution - INFO - Calculated Greek attribution for 794794 contract-scenario rows
2026-08-02 11:53:45,739 - options_risk_engine.recommendations.attribution - INFO - Created Greek attribution summaries for 794 contracts
2026-08-02 11:53:45,816 - options_risk_engine.recommendations.attribution - INFO - All contract attribution checks passed
2026-08-02 11:53:46,235 - options_risk_engine.database - INFO - Stored 794 rows in contract_attribution_summary
2026-08-02 11:53:46,240 - options_risk_engine.database - INFO - Stored 8 rows in contract_driver_comparison
2026-08-02 11:58:38,622 - options_risk_engine.recommendations.ranking - INFO - Created final rankings for 794 contracts
2026-08-02 11:58:38,650 - options_risk_engine.recommendations.ranking - INFO - All final ranking checks passed
2026-08-02 11:58:39,183 - options_risk_engine.database - INFO - Stored 794 rows in final_contract_ranking
2026-08-02 11:58:39,189 - options_risk_engine.database - INFO - Stored 4 rows in final_recommendation_summary
2026-08-02 11:58:39,194 - options_risk_engine.database - INFO - Stored 4 rows in initial_to_final_comparison
2026-08-02 12:41:29,950 - options_risk_engine.database - INFO - SQLite database initialised at /Users/sam/Progressive-Projects/Projects/Option Pricer N Risk Engine/src/data/options_risk_engine.db
2026-08-02 12:41:30,401 - options_risk_engine.data.market_data - INFO - Downloading historical data for 7 symbols
2026-08-02 12:41:30,935 - options_risk_engine.data.market_data - INFO - Historical data downloaded: 1255 rows
2026-08-02 12:41:33,104 - options_risk_engine.database - INFO - Stored 8785 rows in equity_prices
2026-08-02 12:41:33,152 - options_risk_engine.data.market_data - INFO - Feature dataset created: 1255 rows, 21 engineered features per ticker
2026-08-02 12:41:33,705 - options_risk_engine.database - INFO - Stored 1255 rows in volatility_features
2026-08-02 12:41:35,592 - options_risk_engine.forecasting.volatility - INFO - AAPL starting model evaluation
2026-08-02 12:41:35,594 - options_risk_engine.forecasting.volatility - INFO - AAPL has 971 usable rows and 21 features
2026-08-02 12:41:35,594 - options_risk_engine.forecasting.volatility - INFO - Creating model specifications
2026-08-02 12:41:35,595 - options_risk_engine.forecasting.volatility - INFO - Created 34 model configurations
2026-08-02 12:41:35,595 - options_risk_engine.forecasting.volatility - INFO - AAPL walk-forward starts at row 284 with window=30, step=30, purge=32
2026-08-02 12:41:53,491 - options_risk_engine.forecasting.volatility - INFO - AAPL completed 22 walk-forward folds
2026-08-02 12:41:53,493 - options_risk_engine.forecasting.volatility - INFO - AAPL calculating model comparison metrics
2026-08-02 12:41:53,496 - options_risk_engine.forecasting.volatility - INFO - AAPL Train Mean           alpha=None RMSE=0.10960 NRMSE=1.04761 R2=-0.09748 IC=-0.48458
2026-08-02 12:41:53,498 - options_risk_engine.forecasting.volatility - INFO - AAPL RV20 Baseline        alpha=None RMSE=0.13733 NRMSE=1.31268 R2=-0.72312 IC=0.22482
2026-08-02 12:41:53,501 - options_risk_engine.forecasting.volatility - INFO - AAPL OLS                  alpha=None RMSE=0.14282 NRMSE=1.36521 R2=-0.86379 IC=-0.02723
2026-08-02 12:41:53,503 - options_risk_engine.forecasting.volatility - INFO - AAPL OLS PCA              alpha=None RMSE=0.12644 NRMSE=1.20862 R2=-0.46076 IC=0.00080
2026-08-02 12:41:53,505 - options_risk_engine.forecasting.volatility - INFO - AAPL Ridge                alpha=0.0001 RMSE=0.14282 NRMSE=1.36520 R2=-0.86377 IC=-0.02723
2026-08-02 12:41:53,507 - options_risk_engine.forecasting.volatility - INFO - AAPL Ridge                alpha=0.001 RMSE=0.14281 NRMSE=1.36512 R2=-0.86355 IC=-0.02721
2026-08-02 12:41:53,509 - options_risk_engine.forecasting.volatility - INFO - AAPL Ridge                alpha=0.01 RMSE=0.14273 NRMSE=1.36436 R2=-0.86147 IC=-0.02704
2026-08-02 12:41:53,510 - options_risk_engine.forecasting.volatility - INFO - AAPL Ridge                alpha=0.1 RMSE=0.14201 NRMSE=1.35748 R2=-0.84274 IC=-0.02493
2026-08-02 12:41:53,512 - options_risk_engine.forecasting.volatility - INFO - AAPL Ridge                alpha=1 RMSE=0.13805 NRMSE=1.31959 R2=-0.74132 IC=-0.00726
2026-08-02 12:41:53,514 - options_risk_engine.forecasting.volatility - INFO - AAPL Ridge                alpha=10 RMSE=0.12879 NRMSE=1.23109 R2=-0.51558 IC=0.03284
2026-08-02 12:41:53,517 - options_risk_engine.forecasting.volatility - INFO - AAPL Ridge                alpha=100 RMSE=0.11727 NRMSE=1.12097 R2=-0.25658 IC=0.08764
2026-08-02 12:41:53,519 - options_risk_engine.forecasting.volatility - INFO - AAPL Ridge                alpha=1000 RMSE=0.10993 NRMSE=1.05079 R2=-0.10416 IC=0.14536
2026-08-02 12:41:53,521 - options_risk_engine.forecasting.volatility - INFO - AAPL Ridge PCA            alpha=0.0001 RMSE=0.12644 NRMSE=1.20862 R2=-0.46076 IC=0.00080
2026-08-02 12:41:53,522 - options_risk_engine.forecasting.volatility - INFO - AAPL Ridge PCA            alpha=0.001 RMSE=0.12644 NRMSE=1.20862 R2=-0.46075 IC=0.00080
2026-08-02 12:41:53,524 - options_risk_engine.forecasting.volatility - INFO - AAPL Ridge PCA            alpha=0.01 RMSE=0.12644 NRMSE=1.20860 R2=-0.46072 IC=0.00081
2026-08-02 12:41:53,526 - options_risk_engine.forecasting.volatility - INFO - AAPL Ridge PCA            alpha=0.1 RMSE=0.12643 NRMSE=1.20847 R2=-0.46039 IC=0.00091
2026-08-02 12:41:53,527 - options_risk_engine.forecasting.volatility - INFO - AAPL Ridge PCA            alpha=1 RMSE=0.12628 NRMSE=1.20711 R2=-0.45711 IC=0.00188
2026-08-02 12:41:53,529 - options_risk_engine.forecasting.volatility - INFO - AAPL Ridge PCA            alpha=10 RMSE=0.12498 NRMSE=1.19461 R2=-0.42710 IC=0.01113
2026-08-02 12:41:53,531 - options_risk_engine.forecasting.volatility - INFO - AAPL Ridge PCA            alpha=100 RMSE=0.11804 NRMSE=1.12834 R2=-0.27315 IC=0.07141
2026-08-02 12:41:53,533 - options_risk_engine.forecasting.volatility - INFO - AAPL Ridge PCA            alpha=1000 RMSE=0.11031 NRMSE=1.05443 R2=-0.11183 IC=0.14089
2026-08-02 12:41:53,535 - options_risk_engine.forecasting.volatility - INFO - AAPL Lasso                alpha=0.0001 RMSE=0.14003 NRMSE=1.33849 R2=-0.79156 IC=-0.01808
2026-08-02 12:41:53,537 - options_risk_engine.forecasting.volatility - INFO - AAPL Lasso                alpha=0.001 RMSE=0.12662 NRMSE=1.21037 R2=-0.46499 IC=0.01207
2026-08-02 12:41:53,539 - options_risk_engine.forecasting.volatility - INFO - AAPL Lasso                alpha=0.01 RMSE=0.11395 NRMSE=1.08925 R2=-0.18646 IC=0.04100
2026-08-02 12:41:53,541 - options_risk_engine.forecasting.volatility - INFO - AAPL Lasso                alpha=0.1 RMSE=0.10960 NRMSE=1.04761 R2=-0.09748 IC=-0.48458
2026-08-02 12:41:53,543 - options_risk_engine.forecasting.volatility - INFO - AAPL Lasso                alpha=1 RMSE=0.10960 NRMSE=1.04761 R2=-0.09748 IC=-0.48458
2026-08-02 12:41:53,544 - options_risk_engine.forecasting.volatility - INFO - AAPL Lasso PCA            alpha=0.0001 RMSE=0.12637 NRMSE=1.20793 R2=-0.45911 IC=0.00095
2026-08-02 12:41:53,546 - options_risk_engine.forecasting.volatility - INFO - AAPL Lasso PCA            alpha=0.001 RMSE=0.12570 NRMSE=1.20156 R2=-0.44375 IC=0.00222
2026-08-02 12:41:53,548 - options_risk_engine.forecasting.volatility - INFO - AAPL Lasso PCA            alpha=0.01 RMSE=0.11686 NRMSE=1.11705 R2=-0.24780 IC=0.06681
2026-08-02 12:41:53,550 - options_risk_engine.forecasting.volatility - INFO - AAPL Lasso PCA            alpha=0.1 RMSE=0.10562 NRMSE=1.00955 R2=-0.01919 IC=0.05694
2026-08-02 12:41:53,552 - options_risk_engine.forecasting.volatility - INFO - AAPL Lasso PCA            alpha=1 RMSE=0.10960 NRMSE=1.04761 R2=-0.09748 IC=-0.48458
2026-08-02 12:41:53,554 - options_risk_engine.forecasting.volatility - INFO - AAPL Random Forest        alpha=None RMSE=0.13745 NRMSE=1.31385 R2=-0.72620 IC=-0.04951
2026-08-02 12:41:53,556 - options_risk_engine.forecasting.volatility - INFO - AAPL Gradient Boosting    alpha=None RMSE=0.12793 NRMSE=1.22286 R2=-0.49539 IC=-0.03172
2026-08-02 12:41:53,558 - options_risk_engine.forecasting.volatility - INFO - AAPL HAR-RV               alpha=None RMSE=0.12635 NRMSE=1.20779 R2=-0.45875 IC=-0.01064
2026-08-02 12:41:53,559 - options_risk_engine.forecasting.volatility - INFO - AAPL GARCH                alpha=None RMSE=0.11599 NRMSE=1.10875 R2=-0.22932 IC=0.14354
2026-08-02 12:41:53,562 - options_risk_engine.forecasting.volatility - INFO - AAPL evaluation complete - best model=Lasso PCA, alpha=0.1, RMSE=0.10562, NRMSE=1.00955
2026-08-02 12:41:53,568 - options_risk_engine.forecasting.volatility - INFO - MSFT starting model evaluation
2026-08-02 12:41:53,570 - options_risk_engine.forecasting.volatility - INFO - MSFT has 971 usable rows and 21 features
2026-08-02 12:41:53,570 - options_risk_engine.forecasting.volatility - INFO - Creating model specifications
2026-08-02 12:41:53,571 - options_risk_engine.forecasting.volatility - INFO - Created 34 model configurations
2026-08-02 12:41:53,572 - options_risk_engine.forecasting.volatility - INFO - MSFT walk-forward starts at row 284 with window=30, step=30, purge=32
2026-08-02 12:42:10,476 - options_risk_engine.forecasting.volatility - INFO - MSFT completed 22 walk-forward folds
2026-08-02 12:42:10,476 - options_risk_engine.forecasting.volatility - INFO - MSFT calculating model comparison metrics
2026-08-02 12:42:10,479 - options_risk_engine.forecasting.volatility - INFO - MSFT Train Mean           alpha=None RMSE=0.08842 NRMSE=1.18225 R2=-0.39772 IC=-0.35506
2026-08-02 12:42:10,480 - options_risk_engine.forecasting.volatility - INFO - MSFT RV20 Baseline        alpha=None RMSE=0.10463 NRMSE=1.39906 R2=-0.95737 IC=0.12329
2026-08-02 12:42:10,482 - options_risk_engine.forecasting.volatility - INFO - MSFT OLS                  alpha=None RMSE=0.09843 NRMSE=1.31606 R2=-0.73201 IC=-0.01404
2026-08-02 12:42:10,483 - options_risk_engine.forecasting.volatility - INFO - MSFT OLS PCA              alpha=None RMSE=0.09562 NRMSE=1.27859 R2=-0.63480 IC=-0.07146
2026-08-02 12:42:10,485 - options_risk_engine.forecasting.volatility - INFO - MSFT Ridge                alpha=0.0001 RMSE=0.09843 NRMSE=1.31606 R2=-0.73201 IC=-0.01406
2026-08-02 12:42:10,487 - options_risk_engine.forecasting.volatility - INFO - MSFT Ridge                alpha=0.001 RMSE=0.09843 NRMSE=1.31606 R2=-0.73200 IC=-0.01430
2026-08-02 12:42:10,489 - options_risk_engine.forecasting.volatility - INFO - MSFT Ridge                alpha=0.01 RMSE=0.09842 NRMSE=1.31601 R2=-0.73189 IC=-0.01655
2026-08-02 12:42:10,491 - options_risk_engine.forecasting.volatility - INFO - MSFT Ridge                alpha=0.1 RMSE=0.09836 NRMSE=1.31518 R2=-0.72970 IC=-0.03094
2026-08-02 12:42:10,498 - options_risk_engine.forecasting.volatility - INFO - MSFT Ridge                alpha=1 RMSE=0.09780 NRMSE=1.30774 R2=-0.71019 IC=-0.05072
2026-08-02 12:42:10,502 - options_risk_engine.forecasting.volatility - INFO - MSFT Ridge                alpha=10 RMSE=0.09637 NRMSE=1.28861 R2=-0.66052 IC=-0.05240
2026-08-02 12:42:10,507 - options_risk_engine.forecasting.volatility - INFO - MSFT Ridge                alpha=100 RMSE=0.09140 NRMSE=1.22216 R2=-0.49368 IC=-0.03740
2026-08-02 12:42:10,543 - options_risk_engine.forecasting.volatility - INFO - MSFT Ridge                alpha=1000 RMSE=0.08417 NRMSE=1.12539 R2=-0.26651 IC=-0.03361
2026-08-02 12:42:10,545 - options_risk_engine.forecasting.volatility - INFO - MSFT Ridge PCA            alpha=0.0001 RMSE=0.09562 NRMSE=1.27859 R2=-0.63480 IC=-0.07146
2026-08-02 12:42:10,547 - options_risk_engine.forecasting.volatility - INFO - MSFT Ridge PCA            alpha=0.001 RMSE=0.09562 NRMSE=1.27859 R2=-0.63480 IC=-0.07145
2026-08-02 12:42:10,550 - options_risk_engine.forecasting.volatility - INFO - MSFT Ridge PCA            alpha=0.01 RMSE=0.09562 NRMSE=1.27858 R2=-0.63477 IC=-0.07145
2026-08-02 12:42:10,555 - options_risk_engine.forecasting.volatility - INFO - MSFT Ridge PCA            alpha=0.1 RMSE=0.09562 NRMSE=1.27849 R2=-0.63454 IC=-0.07142
2026-08-02 12:42:10,559 - options_risk_engine.forecasting.volatility - INFO - MSFT Ridge PCA            alpha=1 RMSE=0.09555 NRMSE=1.27760 R2=-0.63227 IC=-0.07108
2026-08-02 12:42:10,561 - options_risk_engine.forecasting.volatility - INFO - MSFT Ridge PCA            alpha=10 RMSE=0.09492 NRMSE=1.26923 R2=-0.61095 IC=-0.06792
2026-08-02 12:42:10,563 - options_risk_engine.forecasting.volatility - INFO - MSFT Ridge PCA            alpha=100 RMSE=0.09097 NRMSE=1.21631 R2=-0.47942 IC=-0.04782
2026-08-02 12:42:10,565 - options_risk_engine.forecasting.volatility - INFO - MSFT Ridge PCA            alpha=1000 RMSE=0.08422 NRMSE=1.12610 R2=-0.26809 IC=-0.03965
2026-08-02 12:42:10,567 - options_risk_engine.forecasting.volatility - INFO - MSFT Lasso                alpha=0.0001 RMSE=0.09819 NRMSE=1.31288 R2=-0.72366 IC=-0.03737
2026-08-02 12:42:10,570 - options_risk_engine.forecasting.volatility - INFO - MSFT Lasso                alpha=0.001 RMSE=0.09536 NRMSE=1.27507 R2=-0.62581 IC=-0.08360
2026-08-02 12:42:10,572 - options_risk_engine.forecasting.volatility - INFO - MSFT Lasso                alpha=0.01 RMSE=0.08695 NRMSE=1.16263 R2=-0.35170 IC=-0.11584
2026-08-02 12:42:10,574 - options_risk_engine.forecasting.volatility - INFO - MSFT Lasso                alpha=0.1 RMSE=0.08842 NRMSE=1.18225 R2=-0.39772 IC=-0.35506
2026-08-02 12:42:10,576 - options_risk_engine.forecasting.volatility - INFO - MSFT Lasso                alpha=1 RMSE=0.08842 NRMSE=1.18225 R2=-0.39772 IC=-0.35506
2026-08-02 12:42:10,578 - options_risk_engine.forecasting.volatility - INFO - MSFT Lasso PCA            alpha=0.0001 RMSE=0.09551 NRMSE=1.27701 R2=-0.63075 IC=-0.07138
2026-08-02 12:42:10,580 - options_risk_engine.forecasting.volatility - INFO - MSFT Lasso PCA            alpha=0.001 RMSE=0.09455 NRMSE=1.26416 R2=-0.59810 IC=-0.07083
2026-08-02 12:42:10,582 - options_risk_engine.forecasting.volatility - INFO - MSFT Lasso PCA            alpha=0.01 RMSE=0.08802 NRMSE=1.17691 R2=-0.38512 IC=-0.07801
2026-08-02 12:42:10,584 - options_risk_engine.forecasting.volatility - INFO - MSFT Lasso PCA            alpha=0.1 RMSE=0.08625 NRMSE=1.15323 R2=-0.32994 IC=-0.29033
2026-08-02 12:42:10,587 - options_risk_engine.forecasting.volatility - INFO - MSFT Lasso PCA            alpha=1 RMSE=0.08842 NRMSE=1.18225 R2=-0.39772 IC=-0.35506
2026-08-02 12:42:10,588 - options_risk_engine.forecasting.volatility - INFO - MSFT Random Forest        alpha=None RMSE=0.10449 NRMSE=1.39710 R2=-0.95190 IC=-0.06994
2026-08-02 12:42:10,590 - options_risk_engine.forecasting.volatility - INFO - MSFT Gradient Boosting    alpha=None RMSE=0.10106 NRMSE=1.35122 R2=-0.82578 IC=-0.06762
2026-08-02 12:42:10,592 - options_risk_engine.forecasting.volatility - INFO - MSFT HAR-RV               alpha=None RMSE=0.09716 NRMSE=1.29912 R2=-0.68770 IC=-0.13337
2026-08-02 12:42:10,599 - options_risk_engine.forecasting.volatility - INFO - MSFT GARCH                alpha=None RMSE=0.08325 NRMSE=1.11311 R2=-0.23902 IC=0.04316
2026-08-02 12:42:10,607 - options_risk_engine.forecasting.volatility - INFO - MSFT evaluation complete - best model=GARCH, alpha=nan, RMSE=0.08325, NRMSE=1.11311
2026-08-02 12:42:10,630 - options_risk_engine.forecasting.volatility - INFO - META starting model evaluation
2026-08-02 12:42:10,636 - options_risk_engine.forecasting.volatility - INFO - META has 971 usable rows and 21 features
2026-08-02 12:42:10,637 - options_risk_engine.forecasting.volatility - INFO - Creating model specifications
2026-08-02 12:42:10,637 - options_risk_engine.forecasting.volatility - INFO - Created 34 model configurations
2026-08-02 12:42:10,638 - options_risk_engine.forecasting.volatility - INFO - META walk-forward starts at row 284 with window=30, step=30, purge=32
2026-08-02 12:42:27,615 - options_risk_engine.forecasting.volatility - INFO - META completed 22 walk-forward folds
2026-08-02 12:42:27,616 - options_risk_engine.forecasting.volatility - INFO - META calculating model comparison metrics
2026-08-02 12:42:27,618 - options_risk_engine.forecasting.volatility - INFO - META Train Mean           alpha=None RMSE=0.14507 NRMSE=1.19096 R2=-0.41839 IC=-0.12845
2026-08-02 12:42:27,619 - options_risk_engine.forecasting.volatility - INFO - META RV20 Baseline        alpha=None RMSE=0.20570 NRMSE=1.68873 R2=-1.85181 IC=-0.17340
2026-08-02 12:42:27,621 - options_risk_engine.forecasting.volatility - INFO - META OLS                  alpha=None RMSE=0.20237 NRMSE=1.66145 R2=-1.76043 IC=-0.12234
2026-08-02 12:42:27,623 - options_risk_engine.forecasting.volatility - INFO - META OLS PCA              alpha=None RMSE=0.15624 NRMSE=1.28268 R2=-0.64527 IC=0.02020
2026-08-02 12:42:27,624 - options_risk_engine.forecasting.volatility - INFO - META Ridge                alpha=0.0001 RMSE=0.20235 NRMSE=1.66124 R2=-1.75973 IC=-0.12233
2026-08-02 12:42:27,626 - options_risk_engine.forecasting.volatility - INFO - META Ridge                alpha=0.001 RMSE=0.20212 NRMSE=1.65937 R2=-1.75352 IC=-0.12216
2026-08-02 12:42:27,629 - options_risk_engine.forecasting.volatility - INFO - META Ridge                alpha=0.01 RMSE=0.19996 NRMSE=1.64165 R2=-1.69503 IC=-0.12046
2026-08-02 12:42:27,631 - options_risk_engine.forecasting.volatility - INFO - META Ridge                alpha=0.1 RMSE=0.18614 NRMSE=1.52815 R2=-1.33524 IC=-0.10331
2026-08-02 12:42:27,634 - options_risk_engine.forecasting.volatility - INFO - META Ridge                alpha=1 RMSE=0.16780 NRMSE=1.37760 R2=-0.89779 IC=-0.04000
2026-08-02 12:42:27,636 - options_risk_engine.forecasting.volatility - INFO - META Ridge                alpha=10 RMSE=0.16220 NRMSE=1.33163 R2=-0.77324 IC=0.00200
2026-08-02 12:42:27,638 - options_risk_engine.forecasting.volatility - INFO - META Ridge                alpha=100 RMSE=0.14859 NRMSE=1.21988 R2=-0.48810 IC=-0.00626
2026-08-02 12:42:27,640 - options_risk_engine.forecasting.volatility - INFO - META Ridge                alpha=1000 RMSE=0.13927 NRMSE=1.14336 R2=-0.30727 IC=-0.13577
2026-08-02 12:42:27,642 - options_risk_engine.forecasting.volatility - INFO - META Ridge PCA            alpha=0.0001 RMSE=0.15624 NRMSE=1.28268 R2=-0.64527 IC=0.02020
2026-08-02 12:42:27,644 - options_risk_engine.forecasting.volatility - INFO - META Ridge PCA            alpha=0.001 RMSE=0.15624 NRMSE=1.28268 R2=-0.64527 IC=0.02020
2026-08-02 12:42:27,646 - options_risk_engine.forecasting.volatility - INFO - META Ridge PCA            alpha=0.01 RMSE=0.15624 NRMSE=1.28267 R2=-0.64524 IC=0.02020
2026-08-02 12:42:27,650 - options_risk_engine.forecasting.volatility - INFO - META Ridge PCA            alpha=0.1 RMSE=0.15622 NRMSE=1.28257 R2=-0.64498 IC=0.02017
2026-08-02 12:42:27,681 - options_risk_engine.forecasting.volatility - INFO - META Ridge PCA            alpha=1 RMSE=0.15610 NRMSE=1.28154 R2=-0.64235 IC=0.01986
2026-08-02 12:42:27,684 - options_risk_engine.forecasting.volatility - INFO - META Ridge PCA            alpha=10 RMSE=0.15492 NRMSE=1.27188 R2=-0.61769 IC=0.01678
2026-08-02 12:42:27,686 - options_risk_engine.forecasting.volatility - INFO - META Ridge PCA            alpha=100 RMSE=0.14773 NRMSE=1.21281 R2=-0.47090 IC=-0.01070
2026-08-02 12:42:27,689 - options_risk_engine.forecasting.volatility - INFO - META Ridge PCA            alpha=1000 RMSE=0.13981 NRMSE=1.14781 R2=-0.31746 IC=-0.13662
2026-08-02 12:42:27,693 - options_risk_engine.forecasting.volatility - INFO - META Lasso                alpha=0.0001 RMSE=0.18685 NRMSE=1.53401 R2=-1.35319 IC=-0.12708
2026-08-02 12:42:27,695 - options_risk_engine.forecasting.volatility - INFO - META Lasso                alpha=0.001 RMSE=0.16370 NRMSE=1.34396 R2=-0.80623 IC=0.00980
2026-08-02 12:42:27,696 - options_risk_engine.forecasting.volatility - INFO - META Lasso                alpha=0.01 RMSE=0.15531 NRMSE=1.27504 R2=-0.62573 IC=0.01042
2026-08-02 12:42:27,698 - options_risk_engine.forecasting.volatility - INFO - META Lasso                alpha=0.1 RMSE=0.14562 NRMSE=1.19552 R2=-0.42928 IC=-0.13743
2026-08-02 12:42:27,701 - options_risk_engine.forecasting.volatility - INFO - META Lasso                alpha=1 RMSE=0.14507 NRMSE=1.19096 R2=-0.41839 IC=-0.12845
2026-08-02 12:42:27,703 - options_risk_engine.forecasting.volatility - INFO - META Lasso PCA            alpha=0.0001 RMSE=0.15615 NRMSE=1.28192 R2=-0.64332 IC=0.01987
2026-08-02 12:42:27,705 - options_risk_engine.forecasting.volatility - INFO - META Lasso PCA            alpha=0.001 RMSE=0.15532 NRMSE=1.27517 R2=-0.62606 IC=0.01679
2026-08-02 12:42:27,707 - options_risk_engine.forecasting.volatility - INFO - META Lasso PCA            alpha=0.01 RMSE=0.14884 NRMSE=1.22192 R2=-0.49308 IC=-0.02273
2026-08-02 12:42:27,708 - options_risk_engine.forecasting.volatility - INFO - META Lasso PCA            alpha=0.1 RMSE=0.14774 NRMSE=1.21292 R2=-0.47117 IC=-0.26553
2026-08-02 12:42:27,710 - options_risk_engine.forecasting.volatility - INFO - META Lasso PCA            alpha=1 RMSE=0.14507 NRMSE=1.19096 R2=-0.41839 IC=-0.12845
2026-08-02 12:42:27,711 - options_risk_engine.forecasting.volatility - INFO - META Random Forest        alpha=None RMSE=0.16920 NRMSE=1.38910 R2=-0.92959 IC=-0.10138
2026-08-02 12:42:27,713 - options_risk_engine.forecasting.volatility - INFO - META Gradient Boosting    alpha=None RMSE=0.15081 NRMSE=1.23809 R2=-0.53288 IC=0.02450
2026-08-02 12:42:27,715 - options_risk_engine.forecasting.volatility - INFO - META HAR-RV               alpha=None RMSE=0.16757 NRMSE=1.37573 R2=-0.89263 IC=0.01569
2026-08-02 12:42:27,717 - options_risk_engine.forecasting.volatility - INFO - META GARCH                alpha=None RMSE=0.21776 NRMSE=1.78777 R2=-2.19611 IC=-0.01975
2026-08-02 12:42:27,719 - options_risk_engine.forecasting.volatility - INFO - META evaluation complete - best model=Ridge, alpha=1000.0, RMSE=0.13927, NRMSE=1.14336
2026-08-02 12:42:27,723 - options_risk_engine.forecasting.volatility - INFO - WMT starting model evaluation
2026-08-02 12:42:27,724 - options_risk_engine.forecasting.volatility - INFO - WMT has 971 usable rows and 21 features
2026-08-02 12:42:27,725 - options_risk_engine.forecasting.volatility - INFO - Creating model specifications
2026-08-02 12:42:27,725 - options_risk_engine.forecasting.volatility - INFO - Created 34 model configurations
2026-08-02 12:42:27,726 - options_risk_engine.forecasting.volatility - INFO - WMT walk-forward starts at row 284 with window=30, step=30, purge=32
2026-08-02 12:42:44,046 - options_risk_engine.forecasting.volatility - INFO - WMT completed 22 walk-forward folds
2026-08-02 12:42:44,046 - options_risk_engine.forecasting.volatility - INFO - WMT calculating model comparison metrics
2026-08-02 12:42:44,048 - options_risk_engine.forecasting.volatility - INFO - WMT Train Mean           alpha=None RMSE=0.07943 NRMSE=1.12322 R2=-0.26161 IC=0.23053
2026-08-02 12:42:44,050 - options_risk_engine.forecasting.volatility - INFO - WMT RV20 Baseline        alpha=None RMSE=0.09972 NRMSE=1.41001 R2=-0.98812 IC=0.16391
2026-08-02 12:42:44,052 - options_risk_engine.forecasting.volatility - INFO - WMT OLS                  alpha=None RMSE=0.10481 NRMSE=1.48210 R2=-1.19661 IC=-0.01525
2026-08-02 12:42:44,054 - options_risk_engine.forecasting.volatility - INFO - WMT OLS PCA              alpha=None RMSE=0.08305 NRMSE=1.17429 R2=-0.37896 IC=0.03277
2026-08-02 12:42:44,056 - options_risk_engine.forecasting.volatility - INFO - WMT Ridge                alpha=0.0001 RMSE=0.10481 NRMSE=1.48199 R2=-1.19630 IC=-0.01525
2026-08-02 12:42:44,057 - options_risk_engine.forecasting.volatility - INFO - WMT Ridge                alpha=0.001 RMSE=0.10474 NRMSE=1.48108 R2=-1.19359 IC=-0.01530
2026-08-02 12:42:44,059 - options_risk_engine.forecasting.volatility - INFO - WMT Ridge                alpha=0.01 RMSE=0.10413 NRMSE=1.47245 R2=-1.16810 IC=-0.01579
2026-08-02 12:42:44,061 - options_risk_engine.forecasting.volatility - INFO - WMT Ridge                alpha=0.1 RMSE=0.10027 NRMSE=1.41782 R2=-1.01022 IC=-0.01894
2026-08-02 12:42:44,063 - options_risk_engine.forecasting.volatility - INFO - WMT Ridge                alpha=1 RMSE=0.09354 NRMSE=1.32271 R2=-0.74955 IC=-0.01860
2026-08-02 12:42:44,066 - options_risk_engine.forecasting.volatility - INFO - WMT Ridge                alpha=10 RMSE=0.08761 NRMSE=1.23883 R2=-0.53469 IC=0.02083
2026-08-02 12:42:44,068 - options_risk_engine.forecasting.volatility - INFO - WMT Ridge                alpha=100 RMSE=0.08149 NRMSE=1.15225 R2=-0.32767 IC=0.07524
2026-08-02 12:42:44,070 - options_risk_engine.forecasting.volatility - INFO - WMT Ridge                alpha=1000 RMSE=0.07914 NRMSE=1.11904 R2=-0.25224 IC=0.11965
2026-08-02 12:42:44,072 - options_risk_engine.forecasting.volatility - INFO - WMT Ridge PCA            alpha=0.0001 RMSE=0.08305 NRMSE=1.17429 R2=-0.37896 IC=0.03277
2026-08-02 12:42:44,074 - options_risk_engine.forecasting.volatility - INFO - WMT Ridge PCA            alpha=0.001 RMSE=0.08305 NRMSE=1.17429 R2=-0.37896 IC=0.03277
2026-08-02 12:42:44,076 - options_risk_engine.forecasting.volatility - INFO - WMT Ridge PCA            alpha=0.01 RMSE=0.08305 NRMSE=1.17429 R2=-0.37895 IC=0.03277
2026-08-02 12:42:44,079 - options_risk_engine.forecasting.volatility - INFO - WMT Ridge PCA            alpha=0.1 RMSE=0.08304 NRMSE=1.17425 R2=-0.37886 IC=0.03281
2026-08-02 12:42:44,095 - options_risk_engine.forecasting.volatility - INFO - WMT Ridge PCA            alpha=1 RMSE=0.08302 NRMSE=1.17389 R2=-0.37801 IC=0.03316
2026-08-02 12:42:44,102 - options_risk_engine.forecasting.volatility - INFO - WMT Ridge PCA            alpha=10 RMSE=0.08278 NRMSE=1.17049 R2=-0.37005 IC=0.03654
2026-08-02 12:42:44,109 - options_risk_engine.forecasting.volatility - INFO - WMT Ridge PCA            alpha=100 RMSE=0.08141 NRMSE=1.15112 R2=-0.32509 IC=0.06005
2026-08-02 12:42:44,112 - options_risk_engine.forecasting.volatility - INFO - WMT Ridge PCA            alpha=1000 RMSE=0.07945 NRMSE=1.12342 R2=-0.26208 IC=0.11297
2026-08-02 12:42:44,114 - options_risk_engine.forecasting.volatility - INFO - WMT Lasso                alpha=0.0001 RMSE=0.09299 NRMSE=1.31489 R2=-0.72894 IC=-0.00161
2026-08-02 12:42:44,116 - options_risk_engine.forecasting.volatility - INFO - WMT Lasso                alpha=0.001 RMSE=0.08682 NRMSE=1.22763 R2=-0.50707 IC=0.01923
2026-08-02 12:42:44,121 - options_risk_engine.forecasting.volatility - INFO - WMT Lasso                alpha=0.01 RMSE=0.08319 NRMSE=1.17635 R2=-0.38381 IC=-0.06811
2026-08-02 12:42:44,123 - options_risk_engine.forecasting.volatility - INFO - WMT Lasso                alpha=0.1 RMSE=0.07943 NRMSE=1.12322 R2=-0.26161 IC=0.23053
2026-08-02 12:42:44,125 - options_risk_engine.forecasting.volatility - INFO - WMT Lasso                alpha=1 RMSE=0.07943 NRMSE=1.12322 R2=-0.26161 IC=0.23053
2026-08-02 12:42:44,127 - options_risk_engine.forecasting.volatility - INFO - WMT Lasso PCA            alpha=0.0001 RMSE=0.08296 NRMSE=1.17314 R2=-0.37626 IC=0.03384
2026-08-02 12:42:44,129 - options_risk_engine.forecasting.volatility - INFO - WMT Lasso PCA            alpha=0.001 RMSE=0.08229 NRMSE=1.16363 R2=-0.35404 IC=0.04331
2026-08-02 12:42:44,131 - options_risk_engine.forecasting.volatility - INFO - WMT Lasso PCA            alpha=0.01 RMSE=0.08131 NRMSE=1.14975 R2=-0.32193 IC=0.08996
2026-08-02 12:42:44,133 - options_risk_engine.forecasting.volatility - INFO - WMT Lasso PCA            alpha=0.1 RMSE=0.07997 NRMSE=1.13082 R2=-0.27875 IC=0.18300
2026-08-02 12:42:44,135 - options_risk_engine.forecasting.volatility - INFO - WMT Lasso PCA            alpha=1 RMSE=0.07943 NRMSE=1.12322 R2=-0.26161 IC=0.23053
2026-08-02 12:42:44,137 - options_risk_engine.forecasting.volatility - INFO - WMT Random Forest        alpha=None RMSE=0.08547 NRMSE=1.20855 R2=-0.46060 IC=-0.07116
2026-08-02 12:42:44,139 - options_risk_engine.forecasting.volatility - INFO - WMT Gradient Boosting    alpha=None RMSE=0.08786 NRMSE=1.24234 R2=-0.54340 IC=-0.07579
2026-08-02 12:42:44,140 - options_risk_engine.forecasting.volatility - INFO - WMT HAR-RV               alpha=None RMSE=0.08569 NRMSE=1.21167 R2=-0.46814 IC=-0.19011
2026-08-02 12:42:44,142 - options_risk_engine.forecasting.volatility - INFO - WMT GARCH                alpha=None RMSE=0.08411 NRMSE=1.18939 R2=-0.41464 IC=0.12363
2026-08-02 12:42:44,143 - options_risk_engine.forecasting.volatility - INFO - WMT evaluation complete - best model=Ridge, alpha=1000.0, RMSE=0.07914, NRMSE=1.11904
2026-08-02 12:42:44,147 - options_risk_engine.forecasting.volatility - INFO - GOOGL starting model evaluation
2026-08-02 12:42:44,149 - options_risk_engine.forecasting.volatility - INFO - GOOGL has 971 usable rows and 21 features
2026-08-02 12:42:44,149 - options_risk_engine.forecasting.volatility - INFO - Creating model specifications
2026-08-02 12:42:44,150 - options_risk_engine.forecasting.volatility - INFO - Created 34 model configurations
2026-08-02 12:42:44,151 - options_risk_engine.forecasting.volatility - INFO - GOOGL walk-forward starts at row 284 with window=30, step=30, purge=32
2026-08-02 12:43:01,290 - options_risk_engine.forecasting.volatility - INFO - GOOGL completed 22 walk-forward folds
2026-08-02 12:43:01,292 - options_risk_engine.forecasting.volatility - INFO - GOOGL calculating model comparison metrics
2026-08-02 12:43:01,295 - options_risk_engine.forecasting.volatility - INFO - GOOGL Train Mean           alpha=None RMSE=0.07437 NRMSE=1.07006 R2=-0.14504 IC=-0.20185
2026-08-02 12:43:01,296 - options_risk_engine.forecasting.volatility - INFO - GOOGL RV20 Baseline        alpha=None RMSE=0.11222 NRMSE=1.61476 R2=-1.60746 IC=-0.03534
2026-08-02 12:43:01,298 - options_risk_engine.forecasting.volatility - INFO - GOOGL OLS                  alpha=None RMSE=0.09815 NRMSE=1.41226 R2=-0.99448 IC=0.12447
2026-08-02 12:43:01,299 - options_risk_engine.forecasting.volatility - INFO - GOOGL OLS PCA              alpha=None RMSE=0.08116 NRMSE=1.16786 R2=-0.36390 IC=-0.01548
2026-08-02 12:43:01,301 - options_risk_engine.forecasting.volatility - INFO - GOOGL Ridge                alpha=0.0001 RMSE=0.09813 NRMSE=1.41208 R2=-0.99396 IC=0.12444
2026-08-02 12:43:01,304 - options_risk_engine.forecasting.volatility - INFO - GOOGL Ridge                alpha=0.001 RMSE=0.09802 NRMSE=1.41043 R2=-0.98931 IC=0.12419
2026-08-02 12:43:01,305 - options_risk_engine.forecasting.volatility - INFO - GOOGL Ridge                alpha=0.01 RMSE=0.09697 NRMSE=1.39539 R2=-0.94712 IC=0.12174
2026-08-02 12:43:01,307 - options_risk_engine.forecasting.volatility - INFO - GOOGL Ridge                alpha=0.1 RMSE=0.09173 NRMSE=1.31991 R2=-0.74216 IC=0.10369
2026-08-02 12:43:01,309 - options_risk_engine.forecasting.volatility - INFO - GOOGL Ridge                alpha=1 RMSE=0.08597 NRMSE=1.23709 R2=-0.53038 IC=0.07439
2026-08-02 12:43:01,312 - options_risk_engine.forecasting.volatility - INFO - GOOGL Ridge                alpha=10 RMSE=0.08158 NRMSE=1.17389 R2=-0.37801 IC=0.07840
2026-08-02 12:43:01,314 - options_risk_engine.forecasting.volatility - INFO - GOOGL Ridge                alpha=100 RMSE=0.07810 NRMSE=1.12383 R2=-0.26299 IC=0.02447
2026-08-02 12:43:01,316 - options_risk_engine.forecasting.volatility - INFO - GOOGL Ridge                alpha=1000 RMSE=0.07485 NRMSE=1.07698 R2=-0.15988 IC=-0.12187
2026-08-02 12:43:01,318 - options_risk_engine.forecasting.volatility - INFO - GOOGL Ridge PCA            alpha=0.0001 RMSE=0.08116 NRMSE=1.16786 R2=-0.36390 IC=-0.01548
2026-08-02 12:43:01,321 - options_risk_engine.forecasting.volatility - INFO - GOOGL Ridge PCA            alpha=0.001 RMSE=0.08116 NRMSE=1.16786 R2=-0.36390 IC=-0.01548
2026-08-02 12:43:01,328 - options_risk_engine.forecasting.volatility - INFO - GOOGL Ridge PCA            alpha=0.01 RMSE=0.08116 NRMSE=1.16786 R2=-0.36389 IC=-0.01548
2026-08-02 12:43:01,334 - options_risk_engine.forecasting.volatility - INFO - GOOGL Ridge PCA            alpha=0.1 RMSE=0.08116 NRMSE=1.16782 R2=-0.36381 IC=-0.01552
2026-08-02 12:43:01,346 - options_risk_engine.forecasting.volatility - INFO - GOOGL Ridge PCA            alpha=1 RMSE=0.08114 NRMSE=1.16750 R2=-0.36305 IC=-0.01589
2026-08-02 12:43:01,382 - options_risk_engine.forecasting.volatility - INFO - GOOGL Ridge PCA            alpha=10 RMSE=0.08092 NRMSE=1.16437 R2=-0.35575 IC=-0.01951
2026-08-02 12:43:01,430 - options_risk_engine.forecasting.volatility - INFO - GOOGL Ridge PCA            alpha=100 RMSE=0.07930 NRMSE=1.14106 R2=-0.30202 IC=-0.04677
2026-08-02 12:43:01,433 - options_risk_engine.forecasting.volatility - INFO - GOOGL Ridge PCA            alpha=1000 RMSE=0.07532 NRMSE=1.08377 R2=-0.17455 IC=-0.14719
2026-08-02 12:43:01,441 - options_risk_engine.forecasting.volatility - INFO - GOOGL Lasso                alpha=0.0001 RMSE=0.09202 NRMSE=1.32408 R2=-0.75318 IC=0.12169
2026-08-02 12:43:01,446 - options_risk_engine.forecasting.volatility - INFO - GOOGL Lasso                alpha=0.001 RMSE=0.08162 NRMSE=1.17443 R2=-0.37929 IC=0.07169
2026-08-02 12:43:01,449 - options_risk_engine.forecasting.volatility - INFO - GOOGL Lasso                alpha=0.01 RMSE=0.07513 NRMSE=1.08103 R2=-0.16864 IC=-0.12171
2026-08-02 12:43:01,451 - options_risk_engine.forecasting.volatility - INFO - GOOGL Lasso                alpha=0.1 RMSE=0.07437 NRMSE=1.07006 R2=-0.14504 IC=-0.20185
2026-08-02 12:43:01,453 - options_risk_engine.forecasting.volatility - INFO - GOOGL Lasso                alpha=1 RMSE=0.07437 NRMSE=1.07006 R2=-0.14504 IC=-0.20185
2026-08-02 12:43:01,458 - options_risk_engine.forecasting.volatility - INFO - GOOGL Lasso PCA            alpha=0.0001 RMSE=0.08110 NRMSE=1.16696 R2=-0.36180 IC=-0.01576
2026-08-02 12:43:01,464 - options_risk_engine.forecasting.volatility - INFO - GOOGL Lasso PCA            alpha=0.001 RMSE=0.08058 NRMSE=1.15949 R2=-0.34443 IC=-0.01884
2026-08-02 12:43:01,469 - options_risk_engine.forecasting.volatility - INFO - GOOGL Lasso PCA            alpha=0.01 RMSE=0.07663 NRMSE=1.10263 R2=-0.21579 IC=-0.06975
2026-08-02 12:43:01,472 - options_risk_engine.forecasting.volatility - INFO - GOOGL Lasso PCA            alpha=0.1 RMSE=0.07437 NRMSE=1.07006 R2=-0.14504 IC=-0.20185
2026-08-02 12:43:01,475 - options_risk_engine.forecasting.volatility - INFO - GOOGL Lasso PCA            alpha=1 RMSE=0.07437 NRMSE=1.07006 R2=-0.14504 IC=-0.20185
2026-08-02 12:43:01,477 - options_risk_engine.forecasting.volatility - INFO - GOOGL Random Forest        alpha=None RMSE=0.09472 NRMSE=1.36301 R2=-0.85781 IC=-0.17897
2026-08-02 12:43:01,479 - options_risk_engine.forecasting.volatility - INFO - GOOGL Gradient Boosting    alpha=None RMSE=0.09175 NRMSE=1.32026 R2=-0.74310 IC=-0.12391
2026-08-02 12:43:01,481 - options_risk_engine.forecasting.volatility - INFO - GOOGL HAR-RV               alpha=None RMSE=0.08313 NRMSE=1.19621 R2=-0.43093 IC=-0.17770
2026-08-02 12:43:01,484 - options_risk_engine.forecasting.volatility - INFO - GOOGL GARCH                alpha=None RMSE=0.07616 NRMSE=1.09596 R2=-0.20113 IC=-0.29409
2026-08-02 12:43:01,492 - options_risk_engine.forecasting.volatility - INFO - GOOGL evaluation complete - best model=Train Mean, alpha=nan, RMSE=0.07437, NRMSE=1.07006
2026-08-02 12:43:01,497 - options_risk_engine.forecasting.volatility - INFO - AMZN starting model evaluation
2026-08-02 12:43:01,504 - options_risk_engine.forecasting.volatility - INFO - AMZN has 971 usable rows and 21 features
2026-08-02 12:43:01,504 - options_risk_engine.forecasting.volatility - INFO - Creating model specifications
2026-08-02 12:43:01,505 - options_risk_engine.forecasting.volatility - INFO - Created 34 model configurations
2026-08-02 12:43:01,506 - options_risk_engine.forecasting.volatility - INFO - AMZN walk-forward starts at row 284 with window=30, step=30, purge=32
2026-08-02 12:43:18,319 - options_risk_engine.forecasting.volatility - INFO - AMZN completed 22 walk-forward folds
2026-08-02 12:43:18,321 - options_risk_engine.forecasting.volatility - INFO - AMZN calculating model comparison metrics
2026-08-02 12:43:18,324 - options_risk_engine.forecasting.volatility - INFO - AMZN Train Mean           alpha=None RMSE=0.09926 NRMSE=1.16814 R2=-0.36456 IC=-0.25176
2026-08-02 12:43:18,326 - options_risk_engine.forecasting.volatility - INFO - AMZN RV20 Baseline        alpha=None RMSE=0.13576 NRMSE=1.59759 R2=-1.55229 IC=-0.07732
2026-08-02 12:43:18,328 - options_risk_engine.forecasting.volatility - INFO - AMZN OLS                  alpha=None RMSE=0.11565 NRMSE=1.36093 R2=-0.85212 IC=0.09202
2026-08-02 12:43:18,329 - options_risk_engine.forecasting.volatility - INFO - AMZN OLS PCA              alpha=None RMSE=0.09816 NRMSE=1.15513 R2=-0.33432 IC=0.08226
2026-08-02 12:43:18,331 - options_risk_engine.forecasting.volatility - INFO - AMZN Ridge                alpha=0.0001 RMSE=0.11564 NRMSE=1.36089 R2=-0.85202 IC=0.09200
2026-08-02 12:43:18,333 - options_risk_engine.forecasting.volatility - INFO - AMZN Ridge                alpha=0.001 RMSE=0.11562 NRMSE=1.36057 R2=-0.85115 IC=0.09182
2026-08-02 12:43:18,335 - options_risk_engine.forecasting.volatility - INFO - AMZN Ridge                alpha=0.01 RMSE=0.11536 NRMSE=1.35750 R2=-0.84281 IC=0.09007
2026-08-02 12:43:18,337 - options_risk_engine.forecasting.volatility - INFO - AMZN Ridge                alpha=0.1 RMSE=0.11345 NRMSE=1.33510 R2=-0.78250 IC=0.07910
2026-08-02 12:43:18,339 - options_risk_engine.forecasting.volatility - INFO - AMZN Ridge                alpha=1 RMSE=0.10721 NRMSE=1.26166 R2=-0.59177 IC=0.06181
2026-08-02 12:43:18,341 - options_risk_engine.forecasting.volatility - INFO - AMZN Ridge                alpha=10 RMSE=0.10173 NRMSE=1.19716 R2=-0.43320 IC=0.05639
2026-08-02 12:43:18,344 - options_risk_engine.forecasting.volatility - INFO - AMZN Ridge                alpha=100 RMSE=0.09569 NRMSE=1.12611 R2=-0.26812 IC=0.05235
2026-08-02 12:43:18,346 - options_risk_engine.forecasting.volatility - INFO - AMZN Ridge                alpha=1000 RMSE=0.09323 NRMSE=1.09712 R2=-0.20367 IC=-0.10137
2026-08-02 12:43:18,348 - options_risk_engine.forecasting.volatility - INFO - AMZN Ridge PCA            alpha=0.0001 RMSE=0.09816 NRMSE=1.15513 R2=-0.33432 IC=0.08226
2026-08-02 12:43:18,351 - options_risk_engine.forecasting.volatility - INFO - AMZN Ridge PCA            alpha=0.001 RMSE=0.09816 NRMSE=1.15513 R2=-0.33432 IC=0.08226
2026-08-02 12:43:18,354 - options_risk_engine.forecasting.volatility - INFO - AMZN Ridge PCA            alpha=0.01 RMSE=0.09816 NRMSE=1.15512 R2=-0.33431 IC=0.08226
2026-08-02 12:43:18,356 - options_risk_engine.forecasting.volatility - INFO - AMZN Ridge PCA            alpha=0.1 RMSE=0.09815 NRMSE=1.15507 R2=-0.33418 IC=0.08224
2026-08-02 12:43:18,358 - options_risk_engine.forecasting.volatility - INFO - AMZN Ridge PCA            alpha=1 RMSE=0.09811 NRMSE=1.15453 R2=-0.33294 IC=0.08207
2026-08-02 12:43:18,361 - options_risk_engine.forecasting.volatility - INFO - AMZN Ridge PCA            alpha=10 RMSE=0.09768 NRMSE=1.14946 R2=-0.32125 IC=0.08027
2026-08-02 12:43:18,363 - options_risk_engine.forecasting.volatility - INFO - AMZN Ridge PCA            alpha=100 RMSE=0.09501 NRMSE=1.11810 R2=-0.25014 IC=0.05842
2026-08-02 12:43:18,365 - options_risk_engine.forecasting.volatility - INFO - AMZN Ridge PCA            alpha=1000 RMSE=0.09321 NRMSE=1.09690 R2=-0.20319 IC=-0.10037
2026-08-02 12:43:18,368 - options_risk_engine.forecasting.volatility - INFO - AMZN Lasso                alpha=0.0001 RMSE=0.11287 NRMSE=1.32821 R2=-0.76413 IC=0.06921
2026-08-02 12:43:18,371 - options_risk_engine.forecasting.volatility - INFO - AMZN Lasso                alpha=0.001 RMSE=0.10223 NRMSE=1.20299 R2=-0.44717 IC=0.03921
2026-08-02 12:43:18,373 - options_risk_engine.forecasting.volatility - INFO - AMZN Lasso                alpha=0.01 RMSE=0.10038 NRMSE=1.18125 R2=-0.39535 IC=-0.10457
2026-08-02 12:43:18,382 - options_risk_engine.forecasting.volatility - INFO - AMZN Lasso                alpha=0.1 RMSE=0.09926 NRMSE=1.16814 R2=-0.36456 IC=-0.25176
2026-08-02 12:43:18,390 - options_risk_engine.forecasting.volatility - INFO - AMZN Lasso                alpha=1 RMSE=0.09926 NRMSE=1.16814 R2=-0.36456 IC=-0.25176
2026-08-02 12:43:18,401 - options_risk_engine.forecasting.volatility - INFO - AMZN Lasso PCA            alpha=0.0001 RMSE=0.09812 NRMSE=1.15463 R2=-0.33317 IC=0.08120
2026-08-02 12:43:18,408 - options_risk_engine.forecasting.volatility - INFO - AMZN Lasso PCA            alpha=0.001 RMSE=0.09774 NRMSE=1.15024 R2=-0.32306 IC=0.07164
2026-08-02 12:43:18,410 - options_risk_engine.forecasting.volatility - INFO - AMZN Lasso PCA            alpha=0.01 RMSE=0.09568 NRMSE=1.12597 R2=-0.26780 IC=-0.02421
2026-08-02 12:43:18,412 - options_risk_engine.forecasting.volatility - INFO - AMZN Lasso PCA            alpha=0.1 RMSE=0.09897 NRMSE=1.16473 R2=-0.35660 IC=-0.26160
2026-08-02 12:43:18,418 - options_risk_engine.forecasting.volatility - INFO - AMZN Lasso PCA            alpha=1 RMSE=0.09926 NRMSE=1.16814 R2=-0.36456 IC=-0.25176
2026-08-02 12:43:18,420 - options_risk_engine.forecasting.volatility - INFO - AMZN Random Forest        alpha=None RMSE=0.13022 NRMSE=1.53237 R2=-1.34816 IC=-0.21254
2026-08-02 12:43:18,424 - options_risk_engine.forecasting.volatility - INFO - AMZN Gradient Boosting    alpha=None RMSE=0.13195 NRMSE=1.55276 R2=-1.41107 IC=-0.20027
2026-08-02 12:43:18,426 - options_risk_engine.forecasting.volatility - INFO - AMZN HAR-RV               alpha=None RMSE=0.10573 NRMSE=1.24425 R2=-0.54816 IC=-0.11051
2026-08-02 12:43:18,428 - options_risk_engine.forecasting.volatility - INFO - AMZN GARCH                alpha=None RMSE=0.10847 NRMSE=1.27649 R2=-0.62942 IC=-0.22516
2026-08-02 12:43:18,430 - options_risk_engine.forecasting.volatility - INFO - AMZN evaluation complete - best model=Ridge PCA, alpha=1000.0, RMSE=0.09321, NRMSE=1.09690
2026-08-02 12:43:18,435 - options_risk_engine.forecasting.volatility - INFO - HCA starting model evaluation
2026-08-02 12:43:18,437 - options_risk_engine.forecasting.volatility - INFO - HCA has 971 usable rows and 21 features
2026-08-02 12:43:18,438 - options_risk_engine.forecasting.volatility - INFO - Creating model specifications
2026-08-02 12:43:18,438 - options_risk_engine.forecasting.volatility - INFO - Created 34 model configurations
2026-08-02 12:43:18,438 - options_risk_engine.forecasting.volatility - INFO - HCA walk-forward starts at row 284 with window=30, step=30, purge=32
2026-08-02 12:43:35,163 - options_risk_engine.forecasting.volatility - INFO - HCA completed 22 walk-forward folds
2026-08-02 12:43:35,164 - options_risk_engine.forecasting.volatility - INFO - HCA calculating model comparison metrics
2026-08-02 12:43:35,166 - options_risk_engine.forecasting.volatility - INFO - HCA Train Mean           alpha=None RMSE=0.06185 NRMSE=1.02731 R2=-0.05536 IC=-0.00940
2026-08-02 12:43:35,168 - options_risk_engine.forecasting.volatility - INFO - HCA RV20 Baseline        alpha=None RMSE=0.10173 NRMSE=1.68971 R2=-1.85512 IC=-0.14081
2026-08-02 12:43:35,170 - options_risk_engine.forecasting.volatility - INFO - HCA OLS                  alpha=None RMSE=0.21718 NRMSE=3.60716 R2=-12.01158 IC=-0.12364
2026-08-02 12:43:35,172 - options_risk_engine.forecasting.volatility - INFO - HCA OLS PCA              alpha=None RMSE=0.06819 NRMSE=1.13266 R2=-0.28292 IC=-0.01170
2026-08-02 12:43:35,174 - options_risk_engine.forecasting.volatility - INFO - HCA Ridge                alpha=0.0001 RMSE=0.21700 NRMSE=3.60413 R2=-11.98972 IC=-0.12361
2026-08-02 12:43:35,176 - options_risk_engine.forecasting.volatility - INFO - HCA Ridge                alpha=0.001 RMSE=0.21537 NRMSE=3.57713 R2=-11.79585 IC=-0.12328
2026-08-02 12:43:35,178 - options_risk_engine.forecasting.volatility - INFO - HCA Ridge                alpha=0.01 RMSE=0.20064 NRMSE=3.33245 R2=-10.10524 IC=-0.12001
2026-08-02 12:43:35,180 - options_risk_engine.forecasting.volatility - INFO - HCA Ridge                alpha=0.1 RMSE=0.12889 NRMSE=2.14082 R2=-3.58309 IC=-0.08870
2026-08-02 12:43:35,183 - options_risk_engine.forecasting.volatility - INFO - HCA Ridge                alpha=1 RMSE=0.07162 NRMSE=1.18952 R2=-0.41496 IC=0.04605
2026-08-02 12:43:35,185 - options_risk_engine.forecasting.volatility - INFO - HCA Ridge                alpha=10 RMSE=0.06615 NRMSE=1.09873 R2=-0.20721 IC=0.05241
2026-08-02 12:43:35,187 - options_risk_engine.forecasting.volatility - INFO - HCA Ridge                alpha=100 RMSE=0.06633 NRMSE=1.10160 R2=-0.21353 IC=0.00063
2026-08-02 12:43:35,189 - options_risk_engine.forecasting.volatility - INFO - HCA Ridge                alpha=1000 RMSE=0.06539 NRMSE=1.08608 R2=-0.17958 IC=-0.05587
2026-08-02 12:43:35,192 - options_risk_engine.forecasting.volatility - INFO - HCA Ridge PCA            alpha=0.0001 RMSE=0.06819 NRMSE=1.13266 R2=-0.28292 IC=-0.01170
2026-08-02 12:43:35,194 - options_risk_engine.forecasting.volatility - INFO - HCA Ridge PCA            alpha=0.001 RMSE=0.06819 NRMSE=1.13266 R2=-0.28292 IC=-0.01170
2026-08-02 12:43:35,196 - options_risk_engine.forecasting.volatility - INFO - HCA Ridge PCA            alpha=0.01 RMSE=0.06819 NRMSE=1.13266 R2=-0.28291 IC=-0.01170
2026-08-02 12:43:35,198 - options_risk_engine.forecasting.volatility - INFO - HCA Ridge PCA            alpha=0.1 RMSE=0.06819 NRMSE=1.13263 R2=-0.28284 IC=-0.01170
2026-08-02 12:43:35,201 - options_risk_engine.forecasting.volatility - INFO - HCA Ridge PCA            alpha=1 RMSE=0.06817 NRMSE=1.13233 R2=-0.28217 IC=-0.01170
2026-08-02 12:43:35,203 - options_risk_engine.forecasting.volatility - INFO - HCA Ridge PCA            alpha=10 RMSE=0.06801 NRMSE=1.12953 R2=-0.27584 IC=-0.01180
2026-08-02 12:43:35,218 - options_risk_engine.forecasting.volatility - INFO - HCA Ridge PCA            alpha=100 RMSE=0.06702 NRMSE=1.11310 R2=-0.23900 IC=-0.01562
2026-08-02 12:43:35,232 - options_risk_engine.forecasting.volatility - INFO - HCA Ridge PCA            alpha=1000 RMSE=0.06548 NRMSE=1.08756 R2=-0.18278 IC=-0.05877
2026-08-02 12:43:35,243 - options_risk_engine.forecasting.volatility - INFO - HCA Lasso                alpha=0.0001 RMSE=0.15974 NRMSE=2.65316 R2=-6.03923 IC=-0.10930
2026-08-02 12:43:35,245 - options_risk_engine.forecasting.volatility - INFO - HCA Lasso                alpha=0.001 RMSE=0.06882 NRMSE=1.14311 R2=-0.30669 IC=-0.03641
2026-08-02 12:43:35,247 - options_risk_engine.forecasting.volatility - INFO - HCA Lasso                alpha=0.01 RMSE=0.06821 NRMSE=1.13295 R2=-0.28358 IC=-0.13721
2026-08-02 12:43:35,252 - options_risk_engine.forecasting.volatility - INFO - HCA Lasso                alpha=0.1 RMSE=0.06185 NRMSE=1.02731 R2=-0.05536 IC=-0.00940
2026-08-02 12:43:35,255 - options_risk_engine.forecasting.volatility - INFO - HCA Lasso                alpha=1 RMSE=0.06185 NRMSE=1.02731 R2=-0.05536 IC=-0.00940
2026-08-02 12:43:35,257 - options_risk_engine.forecasting.volatility - INFO - HCA Lasso PCA            alpha=0.0001 RMSE=0.06815 NRMSE=1.13189 R2=-0.28119 IC=-0.01299
2026-08-02 12:43:35,258 - options_risk_engine.forecasting.volatility - INFO - HCA Lasso PCA            alpha=0.001 RMSE=0.06776 NRMSE=1.12540 R2=-0.26653 IC=-0.02438
2026-08-02 12:43:35,260 - options_risk_engine.forecasting.volatility - INFO - HCA Lasso PCA            alpha=0.01 RMSE=0.06825 NRMSE=1.13353 R2=-0.28489 IC=-0.14368
2026-08-02 12:43:35,262 - options_risk_engine.forecasting.volatility - INFO - HCA Lasso PCA            alpha=0.1 RMSE=0.06269 NRMSE=1.04120 R2=-0.08409 IC=-0.03019
2026-08-02 12:43:35,263 - options_risk_engine.forecasting.volatility - INFO - HCA Lasso PCA            alpha=1 RMSE=0.06185 NRMSE=1.02731 R2=-0.05536 IC=-0.00940
2026-08-02 12:43:35,265 - options_risk_engine.forecasting.volatility - INFO - HCA Random Forest        alpha=None RMSE=0.08081 NRMSE=1.34212 R2=-0.80129 IC=-0.01858
2026-08-02 12:43:35,267 - options_risk_engine.forecasting.volatility - INFO - HCA Gradient Boosting    alpha=None RMSE=0.08260 NRMSE=1.37191 R2=-0.88213 IC=-0.06867
2026-08-02 12:43:35,269 - options_risk_engine.forecasting.volatility - INFO - HCA HAR-RV               alpha=None RMSE=0.06672 NRMSE=1.10811 R2=-0.22790 IC=-0.04266
2026-08-02 12:43:35,271 - options_risk_engine.forecasting.volatility - INFO - HCA GARCH                alpha=None RMSE=0.06575 NRMSE=1.09207 R2=-0.19261 IC=-0.08205
2026-08-02 12:43:35,272 - options_risk_engine.forecasting.volatility - INFO - HCA evaluation complete - best model=Train Mean, alpha=nan, RMSE=0.06185, NRMSE=1.02731
2026-08-02 12:43:35,282 - options_risk_engine.database - INFO - Stored 238 rows in model_evaluations
2026-08-02 12:43:35,338 - options_risk_engine.pricing.chains - INFO - Downloading option chains for 7 ticker objects
2026-08-02 12:43:35,339 - options_risk_engine.pricing.chains - INFO - Downloading option chain for AAPL nearest to 2026-09-16
2026-08-02 12:43:35,551 - options_risk_engine.pricing.chains - INFO - AAPL chain loaded for 2026-09-18: 93 calls and 74 puts
2026-08-02 12:43:35,552 - options_risk_engine.pricing.chains - INFO - Downloading option chain for MSFT nearest to 2026-09-16
2026-08-02 12:43:35,769 - options_risk_engine.pricing.chains - INFO - MSFT chain loaded for 2026-09-18: 90 calls and 82 puts
2026-08-02 12:43:35,770 - options_risk_engine.pricing.chains - INFO - Downloading option chain for META nearest to 2026-09-16
2026-08-02 12:43:36,011 - options_risk_engine.pricing.chains - INFO - META chain loaded for 2026-09-18: 190 calls and 146 puts
2026-08-02 12:43:36,012 - options_risk_engine.pricing.chains - INFO - Downloading option chain for WMT nearest to 2026-09-16
2026-08-02 12:43:36,139 - options_risk_engine.pricing.chains - INFO - WMT chain loaded for 2026-09-18: 34 calls and 28 puts
2026-08-02 12:43:36,139 - options_risk_engine.pricing.chains - INFO - Downloading option chain for GOOGL nearest to 2026-09-16
2026-08-02 12:43:36,374 - options_risk_engine.pricing.chains - INFO - GOOGL chain loaded for 2026-09-18: 134 calls and 98 puts
2026-08-02 12:43:36,375 - options_risk_engine.pricing.chains - INFO - Downloading option chain for AMZN nearest to 2026-09-16
2026-08-02 12:43:36,513 - options_risk_engine.pricing.chains - INFO - AMZN chain loaded for 2026-09-18: 58 calls and 52 puts
2026-08-02 12:43:36,513 - options_risk_engine.pricing.chains - INFO - Downloading option chain for HCA nearest to 2026-09-16
2026-08-02 12:43:36,653 - options_risk_engine.pricing.chains - INFO - HCA chain loaded for 2026-09-18: 73 calls and 59 puts
2026-08-02 12:43:36,654 - options_risk_engine.pricing.chains - INFO - Option-chain download complete: 7 of 7 tickers loaded
2026-08-02 12:43:36,698 - options_risk_engine.database - INFO - Stored 1211 rows in option_chain_snapshots_full
2026-08-02 12:43:36,718 - options_risk_engine.pricing.chains - INFO - Starting option pricing for 7 ticker objects
2026-08-02 12:43:36,719 - options_risk_engine.pricing.chains - INFO - AAPL beginning option-chain pricing
2026-08-02 12:43:36,723 - options_risk_engine.pricing.chains - INFO - AAPL volatility inputs - RV20: 0.3674, RV60: 0.3201, RV252: 0.2591, forecast: 0.2623
2026-08-02 12:43:37,414 - options_risk_engine.pricing.chains - INFO - AAPL implied volatility calculations complete
2026-08-02 12:43:37,421 - options_risk_engine.pricing.chains - INFO - AAPL put-call parity check: 74 matched strikes, maximum absolute error 0.0000000000
2026-08-02 12:43:37,452 - options_risk_engine.pricing.chains - INFO - AAPL pricing complete — 93 total calls, 74 total puts, 0 highlighted calls and 7 highlighted puts
2026-08-02 12:43:37,453 - options_risk_engine.pricing.chains - INFO - MSFT beginning option-chain pricing
2026-08-02 12:43:37,455 - options_risk_engine.pricing.chains - INFO - MSFT volatility inputs - RV20: 0.6016, RV60: 0.4622, RV252: 0.3193, forecast: 0.2609
2026-08-02 12:43:38,167 - options_risk_engine.pricing.chains - INFO - MSFT implied volatility calculations complete
2026-08-02 12:43:38,172 - options_risk_engine.pricing.chains - INFO - MSFT put-call parity check: 82 matched strikes, maximum absolute error 0.0000000000
2026-08-02 12:43:38,202 - options_risk_engine.pricing.chains - INFO - MSFT pricing complete — 90 total calls, 82 total puts, 0 highlighted calls and 6 highlighted puts
2026-08-02 12:43:38,203 - options_risk_engine.pricing.chains - INFO - META beginning option-chain pricing
2026-08-02 12:43:38,204 - options_risk_engine.pricing.chains - INFO - META volatility inputs - RV20: 0.5162, RV60: 0.4580, RV252: 0.3978, forecast: 0.4131
2026-08-02 12:43:39,503 - options_risk_engine.pricing.chains - INFO - META implied volatility calculations complete
2026-08-02 12:43:39,509 - options_risk_engine.pricing.chains - INFO - META put-call parity check: 130 matched strikes, maximum absolute error 0.0000000000
2026-08-02 12:43:39,541 - options_risk_engine.pricing.chains - INFO - META pricing complete — 190 total calls, 146 total puts, 0 highlighted calls and 19 highlighted puts
2026-08-02 12:43:39,542 - options_risk_engine.pricing.chains - INFO - WMT beginning option-chain pricing
2026-08-02 12:43:39,544 - options_risk_engine.pricing.chains - INFO - WMT volatility inputs - RV20: 0.2209, RV60: 0.2760, RV252: 0.2477, forecast: 0.2065
2026-08-02 12:43:39,797 - options_risk_engine.pricing.chains - INFO - WMT implied volatility calculations complete
2026-08-02 12:43:39,802 - options_risk_engine.pricing.chains - INFO - WMT put-call parity check: 28 matched strikes, maximum absolute error 0.0000000000
2026-08-02 12:43:39,836 - options_risk_engine.pricing.chains - INFO - WMT pricing complete — 34 total calls, 28 total puts, 0 highlighted calls and 2 highlighted puts
2026-08-02 12:43:39,837 - options_risk_engine.pricing.chains - INFO - GOOGL beginning option-chain pricing
2026-08-02 12:43:39,838 - options_risk_engine.pricing.chains - INFO - GOOGL volatility inputs - RV20: 0.4610, RV60: 0.3682, RV252: 0.3212, forecast: 0.3099
2026-08-02 12:43:40,781 - options_risk_engine.pricing.chains - INFO - GOOGL implied volatility calculations complete
2026-08-02 12:43:40,787 - options_risk_engine.pricing.chains - INFO - GOOGL put-call parity check: 96 matched strikes, maximum absolute error 0.0000000000
2026-08-02 12:43:40,819 - options_risk_engine.pricing.chains - INFO - GOOGL pricing complete — 134 total calls, 98 total puts, 0 highlighted calls and 12 highlighted puts
2026-08-02 12:43:40,819 - options_risk_engine.pricing.chains - INFO - AMZN beginning option-chain pricing
2026-08-02 12:43:40,822 - options_risk_engine.pricing.chains - INFO - AMZN volatility inputs - RV20: 0.6195, RV60: 0.4402, RV252: 0.3520, forecast: 0.3413
2026-08-02 12:43:41,399 - options_risk_engine.pricing.chains - INFO - AMZN implied volatility calculations complete
2026-08-02 12:43:41,403 - options_risk_engine.pricing.chains - INFO - AMZN put-call parity check: 52 matched strikes, maximum absolute error 0.0000000000
2026-08-02 12:43:41,433 - options_risk_engine.pricing.chains - INFO - AMZN pricing complete — 58 total calls, 52 total puts, 7 highlighted calls and 2 highlighted puts
2026-08-02 12:43:41,434 - options_risk_engine.pricing.chains - INFO - HCA beginning option-chain pricing
2026-08-02 12:43:41,435 - options_risk_engine.pricing.chains - INFO - HCA volatility inputs - RV20: 0.5051, RV60: 0.3752, RV252: 0.3018, forecast: 0.2788
2026-08-02 12:43:41,849 - options_risk_engine.pricing.chains - INFO - HCA implied volatility calculations complete
2026-08-02 12:43:41,855 - options_risk_engine.pricing.chains - INFO - HCA put-call parity check: 56 matched strikes, maximum absolute error 0.0000000000
2026-08-02 12:43:41,887 - options_risk_engine.pricing.chains - INFO - HCA pricing complete — 73 total calls, 59 total puts, 0 highlighted calls and 0 highlighted puts
2026-08-02 12:43:41,887 - options_risk_engine.pricing.chains - INFO - Option pricing finished — 14 full tables, 14 highlighted tables, 7 parity tables and 0 failed tickers
2026-08-02 12:43:41,920 - options_risk_engine.reporting.tables - INFO - Combined 14 option tables into 1211 rows
2026-08-02 12:43:41,922 - options_risk_engine.validation - INFO - Option-universe validation: {'rows': 1211, 'tickers': 7, 'duplicate_contract_symbols': 0, 'invalid_quotes': 417}
2026-08-02 12:43:42,532 - options_risk_engine.database - INFO - Stored 1211 rows in option_pricing_results
2026-08-02 12:43:42,646 - options_risk_engine.pricing.monte_carlo - INFO - Running 10000 Monte Carlo simulations for AAPL
2026-08-02 12:43:42,647 - options_risk_engine.pricing.monte_carlo - INFO - AAPL starting Monte Carlo simulation
2026-08-02 12:43:42,648 - options_risk_engine.pricing.monte_carlo - INFO - AAPL Monte Carlo inputs - S0: 308.91, sigma: 0.2623, T: 0.1288, steps: 34, simulations: 10000
2026-08-02 12:43:42,674 - options_risk_engine.pricing.monte_carlo - INFO - AAPL Monte Carlo simulation complete
2026-08-02 12:43:42,728 - options_risk_engine.pricing.monte_carlo - INFO - AAPL Monte Carlo profit analysis complete
2026-08-02 12:43:42,729 - options_risk_engine.pricing.monte_carlo - INFO - Running 10000 Monte Carlo simulations for MSFT
2026-08-02 12:43:42,729 - options_risk_engine.pricing.monte_carlo - INFO - MSFT starting Monte Carlo simulation
2026-08-02 12:43:42,730 - options_risk_engine.pricing.monte_carlo - INFO - MSFT Monte Carlo inputs - S0: 464.72, sigma: 0.2609, T: 0.1288, steps: 34, simulations: 10000
2026-08-02 12:43:42,745 - options_risk_engine.pricing.monte_carlo - INFO - MSFT Monte Carlo simulation complete
2026-08-02 12:43:42,796 - options_risk_engine.pricing.monte_carlo - INFO - MSFT Monte Carlo profit analysis complete
2026-08-02 12:43:42,796 - options_risk_engine.pricing.monte_carlo - INFO - Running 10000 Monte Carlo simulations for META
2026-08-02 12:43:42,797 - options_risk_engine.pricing.monte_carlo - INFO - META starting Monte Carlo simulation
2026-08-02 12:43:42,798 - options_risk_engine.pricing.monte_carlo - INFO - META Monte Carlo inputs - S0: 556.71, sigma: 0.4131, T: 0.1288, steps: 34, simulations: 10000
2026-08-02 12:43:42,830 - options_risk_engine.pricing.monte_carlo - INFO - META Monte Carlo simulation complete
2026-08-02 12:43:42,913 - options_risk_engine.pricing.monte_carlo - INFO - META Monte Carlo profit analysis complete
2026-08-02 12:43:42,913 - options_risk_engine.pricing.monte_carlo - INFO - Running 10000 Monte Carlo simulations for WMT
2026-08-02 12:43:42,914 - options_risk_engine.pricing.monte_carlo - INFO - WMT starting Monte Carlo simulation
2026-08-02 12:43:42,915 - options_risk_engine.pricing.monte_carlo - INFO - WMT Monte Carlo inputs - S0: 111.20, sigma: 0.2065, T: 0.1288, steps: 34, simulations: 10000
2026-08-02 12:43:42,928 - options_risk_engine.pricing.monte_carlo - INFO - WMT Monte Carlo simulation complete
2026-08-02 12:43:42,956 - options_risk_engine.pricing.monte_carlo - INFO - WMT Monte Carlo profit analysis complete
2026-08-02 12:43:42,957 - options_risk_engine.pricing.monte_carlo - INFO - Running 10000 Monte Carlo simulations for GOOGL
2026-08-02 12:43:42,957 - options_risk_engine.pricing.monte_carlo - INFO - GOOGL starting Monte Carlo simulation
2026-08-02 12:43:42,958 - options_risk_engine.pricing.monte_carlo - INFO - GOOGL Monte Carlo inputs - S0: 356.13, sigma: 0.3099, T: 0.1288, steps: 34, simulations: 10000
2026-08-02 12:43:42,976 - options_risk_engine.pricing.monte_carlo - INFO - GOOGL Monte Carlo simulation complete
2026-08-02 12:43:43,039 - options_risk_engine.pricing.monte_carlo - INFO - GOOGL Monte Carlo profit analysis complete
2026-08-02 12:43:43,039 - options_risk_engine.pricing.monte_carlo - INFO - Running 10000 Monte Carlo simulations for AMZN
2026-08-02 12:43:43,040 - options_risk_engine.pricing.monte_carlo - INFO - AMZN starting Monte Carlo simulation
2026-08-02 12:43:43,041 - options_risk_engine.pricing.monte_carlo - INFO - AMZN Monte Carlo inputs - S0: 271.58, sigma: 0.3413, T: 0.1288, steps: 34, simulations: 10000
2026-08-02 12:43:43,056 - options_risk_engine.pricing.monte_carlo - INFO - AMZN Monte Carlo simulation complete
2026-08-02 12:43:43,095 - options_risk_engine.pricing.monte_carlo - INFO - AMZN Monte Carlo profit analysis complete
2026-08-02 12:43:43,095 - options_risk_engine.pricing.monte_carlo - INFO - Running 10000 Monte Carlo simulations for HCA
2026-08-02 12:43:43,096 - options_risk_engine.pricing.monte_carlo - INFO - HCA starting Monte Carlo simulation
2026-08-02 12:43:43,097 - options_risk_engine.pricing.monte_carlo - INFO - HCA Monte Carlo inputs - S0: 402.59, sigma: 0.2788, T: 0.1288, steps: 34, simulations: 10000
2026-08-02 12:43:43,111 - options_risk_engine.pricing.monte_carlo - INFO - HCA Monte Carlo simulation complete
2026-08-02 12:43:43,154 - options_risk_engine.pricing.monte_carlo - INFO - HCA Monte Carlo profit analysis complete
2026-08-02 12:43:43,167 - options_risk_engine.reporting.tables - INFO - Combined 14 option tables into 1211 rows
2026-08-02 12:43:43,194 - options_risk_engine.reporting.tables - INFO - Created findings table with 52 groups
2026-08-02 12:43:43,247 - options_risk_engine.risk.portfolio - INFO - Preparing option universe for the portfolio risk engine: 1211 rows
2026-08-02 12:43:43,250 - options_risk_engine.risk.portfolio - INFO - Risk-engine input cleaned: 959 usable option rows; 252 rows removed
2026-08-02 12:43:43,253 - options_risk_engine.risk.portfolio - INFO - Created reproducible test option positions: 471 long and 488 short
2026-08-02 12:43:43,275 - options_risk_engine.risk.portfolio - INFO - Added 7 share positions; combined portfolio now contains 966 rows
2026-08-02 12:43:43,278 - options_risk_engine.risk.portfolio - INFO - Portfolio positions prepared: gross market value 17747056.90; current P&L -64853.89
2026-08-02 12:43:43,279 - options_risk_engine.risk.portfolio - INFO - Building current portfolio risk summary from 966 positions
2026-08-02 12:43:43,286 - options_risk_engine.risk.portfolio - INFO - Ticker-level risk calculated for 7 tickers
2026-08-02 12:43:43,287 - options_risk_engine.risk.portfolio - INFO - Portfolio risk summary complete: net value -695290.30; gross value 17747056.90; delta 1592.81
2026-08-02 12:43:44,117 - options_risk_engine.database - INFO - Stored 966 rows in portfolio_positions
2026-08-02 12:43:44,121 - options_risk_engine.database - INFO - Stored 8 rows in portfolio_risk
2026-08-02 12:43:44,127 - options_risk_engine.risk.scenarios - INFO - Generating 1000 random scenarios with up to 30 days forward; seed=42
2026-08-02 12:43:44,131 - options_risk_engine.risk.scenarios - INFO - Scenario generation complete: 1001 total rows including BASE
2026-08-02 12:43:44,151 - options_risk_engine.risk.scenarios - INFO - Starting scenario engine: 966 positions across 1001 scenarios
2026-08-02 12:43:44,154 - options_risk_engine.risk.scenarios - INFO - Scenario positions classified: 565 calls, 394 puts and 7 shares
2026-08-02 12:43:44,159 - options_risk_engine.risk.scenarios - INFO - Base model prices calculated for 966 positions
2026-08-02 12:43:44,160 - options_risk_engine.risk.scenarios - INFO - Revaluing scenario 1/1001: BASE
2026-08-02 12:43:44,505 - options_risk_engine.risk.scenarios - INFO - Revaluing scenario 100/1001: R0099
2026-08-02 12:43:44,852 - options_risk_engine.risk.scenarios - INFO - Revaluing scenario 200/1001: R0199
2026-08-02 12:43:45,198 - options_risk_engine.risk.scenarios - INFO - Revaluing scenario 300/1001: R0299
2026-08-02 12:43:45,568 - options_risk_engine.risk.scenarios - INFO - Revaluing scenario 400/1001: R0399
2026-08-02 12:43:45,932 - options_risk_engine.risk.scenarios - INFO - Revaluing scenario 500/1001: R0499
2026-08-02 12:43:46,307 - options_risk_engine.risk.scenarios - INFO - Revaluing scenario 600/1001: R0599
2026-08-02 12:43:46,679 - options_risk_engine.risk.scenarios - INFO - Revaluing scenario 700/1001: R0699
2026-08-02 12:43:47,038 - options_risk_engine.risk.scenarios - INFO - Revaluing scenario 800/1001: R0799
2026-08-02 12:43:47,383 - options_risk_engine.risk.scenarios - INFO - Revaluing scenario 900/1001: R0899
2026-08-02 12:43:47,726 - options_risk_engine.risk.scenarios - INFO - Revaluing scenario 1000/1001: R0999
2026-08-02 12:43:47,730 - options_risk_engine.risk.scenarios - INFO - Revaluing scenario 1001/1001: R1000
2026-08-02 12:43:47,862 - options_risk_engine.risk.scenarios - INFO - Position-level scenario results created: 966966 rows
2026-08-02 12:43:48,412 - options_risk_engine.risk.scenarios - INFO - Analysing scenario outputs: 966966 position rows, 7007 ticker rows and 1001 portfolio rows
2026-08-02 12:43:48,531 - options_risk_engine.risk.scenarios - INFO - Base scenario validation passed: portfolio P&L 0.00000000
2026-08-02 12:43:48,538 - options_risk_engine.risk.scenarios - INFO - All scenario positions were repriced successfully
2026-08-02 12:43:48,543 - options_risk_engine.risk.scenarios - INFO - Scenario distribution analysed: worst P&L -258974.50; 5th percentile -62652.47; probability of loss 56.20%
2026-08-02 12:43:48,603 - options_risk_engine.risk.scenarios - WARNING - 11 portfolio scenarios breached the 100000.00 loss limit
2026-08-02 12:43:48,604 - options_risk_engine.risk.scenarios - WARNING - 1473 ticker-scenario rows breached the 25000.00 loss limit
2026-08-02 12:43:48,605 - options_risk_engine.risk.scenarios - INFO - Scenario analysis complete; worst scenario is R0950
2026-08-02 12:43:50,182 - options_risk_engine.risk.attribution - INFO - Starting Greek P&L attribution
2026-08-02 12:48:32,482 - options_risk_engine.database - INFO - SQLite database initialised at /Users/sam/Progressive-Projects/Projects/Option Pricer N Risk Engine/src/data/options_risk_engine.db
2026-08-02 12:48:32,540 - options_risk_engine.data.market_data - INFO - Downloading historical data for 7 symbols
2026-08-02 12:48:32,886 - options_risk_engine.data.market_data - INFO - Historical data downloaded: 1255 rows
2026-08-02 12:48:34,671 - options_risk_engine.database - INFO - Stored 8785 rows in equity_prices
2026-08-02 12:48:34,721 - options_risk_engine.data.market_data - INFO - Feature dataset created: 1255 rows, 21 engineered features per ticker
2026-08-02 12:48:35,255 - options_risk_engine.database - INFO - Stored 1255 rows in volatility_features
2026-08-02 12:48:35,272 - options_risk_engine.forecasting.volatility - INFO - AAPL starting model evaluation
2026-08-02 12:48:35,273 - options_risk_engine.forecasting.volatility - INFO - AAPL has 971 usable rows and 21 features
2026-08-02 12:48:35,274 - options_risk_engine.forecasting.volatility - INFO - Creating model specifications
2026-08-02 12:48:35,274 - options_risk_engine.forecasting.volatility - INFO - Created 34 model configurations
2026-08-02 12:48:35,275 - options_risk_engine.forecasting.volatility - INFO - AAPL walk-forward starts at row 284 with window=30, step=30, purge=32
2026-08-02 12:48:54,929 - options_risk_engine.forecasting.volatility - INFO - AAPL completed 22 walk-forward folds
2026-08-02 12:48:54,931 - options_risk_engine.forecasting.volatility - INFO - AAPL calculating model comparison metrics
2026-08-02 12:48:54,969 - options_risk_engine.forecasting.volatility - INFO - AAPL Train Mean           alpha=None RMSE=0.10960 NRMSE=1.04761 R2=-0.09748 IC=-0.48458
2026-08-02 12:48:54,972 - options_risk_engine.forecasting.volatility - INFO - AAPL RV20 Baseline        alpha=None RMSE=0.13733 NRMSE=1.31268 R2=-0.72312 IC=0.22482
2026-08-02 12:48:54,981 - options_risk_engine.forecasting.volatility - INFO - AAPL OLS                  alpha=None RMSE=0.14282 NRMSE=1.36521 R2=-0.86379 IC=-0.02723
2026-08-02 12:48:54,984 - options_risk_engine.forecasting.volatility - INFO - AAPL OLS PCA              alpha=None RMSE=0.12644 NRMSE=1.20862 R2=-0.46075 IC=0.00080
2026-08-02 12:48:54,987 - options_risk_engine.forecasting.volatility - INFO - AAPL Ridge                alpha=0.0001 RMSE=0.14282 NRMSE=1.36520 R2=-0.86376 IC=-0.02723
2026-08-02 12:48:54,989 - options_risk_engine.forecasting.volatility - INFO - AAPL Ridge                alpha=0.001 RMSE=0.14281 NRMSE=1.36512 R2=-0.86355 IC=-0.02721
2026-08-02 12:48:54,991 - options_risk_engine.forecasting.volatility - INFO - AAPL Ridge                alpha=0.01 RMSE=0.14273 NRMSE=1.36436 R2=-0.86147 IC=-0.02704
2026-08-02 12:48:54,994 - options_risk_engine.forecasting.volatility - INFO - AAPL Ridge                alpha=0.1 RMSE=0.14201 NRMSE=1.35748 R2=-0.84274 IC=-0.02493
2026-08-02 12:48:54,997 - options_risk_engine.forecasting.volatility - INFO - AAPL Ridge                alpha=1 RMSE=0.13805 NRMSE=1.31959 R2=-0.74132 IC=-0.00726
2026-08-02 12:48:54,999 - options_risk_engine.forecasting.volatility - INFO - AAPL Ridge                alpha=10 RMSE=0.12879 NRMSE=1.23109 R2=-0.51558 IC=0.03284
2026-08-02 12:48:55,002 - options_risk_engine.forecasting.volatility - INFO - AAPL Ridge                alpha=100 RMSE=0.11727 NRMSE=1.12097 R2=-0.25658 IC=0.08764
2026-08-02 12:48:55,004 - options_risk_engine.forecasting.volatility - INFO - AAPL Ridge                alpha=1000 RMSE=0.10993 NRMSE=1.05079 R2=-0.10416 IC=0.14536
2026-08-02 12:48:55,006 - options_risk_engine.forecasting.volatility - INFO - AAPL Ridge PCA            alpha=0.0001 RMSE=0.12644 NRMSE=1.20862 R2=-0.46075 IC=0.00080
2026-08-02 12:48:55,008 - options_risk_engine.forecasting.volatility - INFO - AAPL Ridge PCA            alpha=0.001 RMSE=0.12644 NRMSE=1.20861 R2=-0.46075 IC=0.00080
2026-08-02 12:48:55,010 - options_risk_engine.forecasting.volatility - INFO - AAPL Ridge PCA            alpha=0.01 RMSE=0.12644 NRMSE=1.20860 R2=-0.46072 IC=0.00081
2026-08-02 12:48:55,012 - options_risk_engine.forecasting.volatility - INFO - AAPL Ridge PCA            alpha=0.1 RMSE=0.12643 NRMSE=1.20846 R2=-0.46038 IC=0.00091
2026-08-02 12:48:55,014 - options_risk_engine.forecasting.volatility - INFO - AAPL Ridge PCA            alpha=1 RMSE=0.12628 NRMSE=1.20711 R2=-0.45711 IC=0.00188
2026-08-02 12:48:55,016 - options_risk_engine.forecasting.volatility - INFO - AAPL Ridge PCA            alpha=10 RMSE=0.12498 NRMSE=1.19461 R2=-0.42710 IC=0.01113
2026-08-02 12:48:55,018 - options_risk_engine.forecasting.volatility - INFO - AAPL Ridge PCA            alpha=100 RMSE=0.11804 NRMSE=1.12834 R2=-0.27315 IC=0.07142
2026-08-02 12:48:55,020 - options_risk_engine.forecasting.volatility - INFO - AAPL Ridge PCA            alpha=1000 RMSE=0.11031 NRMSE=1.05443 R2=-0.11183 IC=0.14089
2026-08-02 12:48:55,022 - options_risk_engine.forecasting.volatility - INFO - AAPL Lasso                alpha=0.0001 RMSE=0.14003 NRMSE=1.33849 R2=-0.79156 IC=-0.01808
2026-08-02 12:48:55,024 - options_risk_engine.forecasting.volatility - INFO - AAPL Lasso                alpha=0.001 RMSE=0.12662 NRMSE=1.21037 R2=-0.46499 IC=0.01207
2026-08-02 12:48:55,025 - options_risk_engine.forecasting.volatility - INFO - AAPL Lasso                alpha=0.01 RMSE=0.11395 NRMSE=1.08925 R2=-0.18646 IC=0.04100
2026-08-02 12:48:55,027 - options_risk_engine.forecasting.volatility - INFO - AAPL Lasso                alpha=0.1 RMSE=0.10960 NRMSE=1.04761 R2=-0.09748 IC=-0.48458
2026-08-02 12:48:55,029 - options_risk_engine.forecasting.volatility - INFO - AAPL Lasso                alpha=1 RMSE=0.10960 NRMSE=1.04761 R2=-0.09748 IC=-0.48458
2026-08-02 12:48:55,031 - options_risk_engine.forecasting.volatility - INFO - AAPL Lasso PCA            alpha=0.0001 RMSE=0.12637 NRMSE=1.20793 R2=-0.45910 IC=0.00095
2026-08-02 12:48:55,033 - options_risk_engine.forecasting.volatility - INFO - AAPL Lasso PCA            alpha=0.001 RMSE=0.12570 NRMSE=1.20156 R2=-0.44375 IC=0.00222
2026-08-02 12:48:55,035 - options_risk_engine.forecasting.volatility - INFO - AAPL Lasso PCA            alpha=0.01 RMSE=0.11686 NRMSE=1.11705 R2=-0.24780 IC=0.06681
2026-08-02 12:48:55,037 - options_risk_engine.forecasting.volatility - INFO - AAPL Lasso PCA            alpha=0.1 RMSE=0.10562 NRMSE=1.00955 R2=-0.01918 IC=0.05694
2026-08-02 12:48:55,039 - options_risk_engine.forecasting.volatility - INFO - AAPL Lasso PCA            alpha=1 RMSE=0.10960 NRMSE=1.04761 R2=-0.09748 IC=-0.48458
2026-08-02 12:48:55,041 - options_risk_engine.forecasting.volatility - INFO - AAPL Random Forest        alpha=None RMSE=0.13796 NRMSE=1.31871 R2=-0.73899 IC=-0.04879
2026-08-02 12:48:55,043 - options_risk_engine.forecasting.volatility - INFO - AAPL Gradient Boosting    alpha=None RMSE=0.12845 NRMSE=1.22781 R2=-0.50751 IC=-0.03601
2026-08-02 12:48:55,044 - options_risk_engine.forecasting.volatility - INFO - AAPL HAR-RV               alpha=None RMSE=0.12635 NRMSE=1.20779 R2=-0.45875 IC=-0.01064
2026-08-02 12:48:55,047 - options_risk_engine.forecasting.volatility - INFO - AAPL GARCH                alpha=None RMSE=0.11599 NRMSE=1.10875 R2=-0.22933 IC=0.14355
2026-08-02 12:48:55,050 - options_risk_engine.forecasting.volatility - INFO - AAPL evaluation complete - best model=Lasso PCA, alpha=0.1, RMSE=0.10562, NRMSE=1.00955
2026-08-02 12:48:55,055 - options_risk_engine.forecasting.volatility - INFO - MSFT starting model evaluation
2026-08-02 12:48:55,057 - options_risk_engine.forecasting.volatility - INFO - MSFT has 971 usable rows and 21 features
2026-08-02 12:48:55,057 - options_risk_engine.forecasting.volatility - INFO - Creating model specifications
2026-08-02 12:48:55,058 - options_risk_engine.forecasting.volatility - INFO - Created 34 model configurations
2026-08-02 12:48:55,059 - options_risk_engine.forecasting.volatility - INFO - MSFT walk-forward starts at row 284 with window=30, step=30, purge=32
2026-08-02 12:49:19,443 - options_risk_engine.forecasting.volatility - INFO - MSFT completed 22 walk-forward folds
2026-08-02 12:49:19,445 - options_risk_engine.forecasting.volatility - INFO - MSFT calculating model comparison metrics
2026-08-02 12:49:19,448 - options_risk_engine.forecasting.volatility - INFO - MSFT Train Mean           alpha=None RMSE=0.08842 NRMSE=1.18225 R2=-0.39772 IC=-0.35506
2026-08-02 12:49:19,450 - options_risk_engine.forecasting.volatility - INFO - MSFT RV20 Baseline        alpha=None RMSE=0.10463 NRMSE=1.39906 R2=-0.95737 IC=0.12329
2026-08-02 12:49:19,452 - options_risk_engine.forecasting.volatility - INFO - MSFT OLS                  alpha=None RMSE=0.09843 NRMSE=1.31606 R2=-0.73201 IC=-0.01404
2026-08-02 12:49:19,454 - options_risk_engine.forecasting.volatility - INFO - MSFT OLS PCA              alpha=None RMSE=0.09562 NRMSE=1.27859 R2=-0.63480 IC=-0.07145
2026-08-02 12:49:19,456 - options_risk_engine.forecasting.volatility - INFO - MSFT Ridge                alpha=0.0001 RMSE=0.09843 NRMSE=1.31606 R2=-0.73201 IC=-0.01406
2026-08-02 12:49:19,459 - options_risk_engine.forecasting.volatility - INFO - MSFT Ridge                alpha=0.001 RMSE=0.09843 NRMSE=1.31606 R2=-0.73200 IC=-0.01430
2026-08-02 12:49:19,460 - options_risk_engine.forecasting.volatility - INFO - MSFT Ridge                alpha=0.01 RMSE=0.09842 NRMSE=1.31601 R2=-0.73189 IC=-0.01655
2026-08-02 12:49:19,463 - options_risk_engine.forecasting.volatility - INFO - MSFT Ridge                alpha=0.1 RMSE=0.09836 NRMSE=1.31518 R2=-0.72970 IC=-0.03094
2026-08-02 12:49:19,465 - options_risk_engine.forecasting.volatility - INFO - MSFT Ridge                alpha=1 RMSE=0.09780 NRMSE=1.30774 R2=-0.71019 IC=-0.05072
2026-08-02 12:49:19,467 - options_risk_engine.forecasting.volatility - INFO - MSFT Ridge                alpha=10 RMSE=0.09637 NRMSE=1.28861 R2=-0.66051 IC=-0.05240
2026-08-02 12:49:19,469 - options_risk_engine.forecasting.volatility - INFO - MSFT Ridge                alpha=100 RMSE=0.09140 NRMSE=1.22216 R2=-0.49368 IC=-0.03740
2026-08-02 12:49:19,471 - options_risk_engine.forecasting.volatility - INFO - MSFT Ridge                alpha=1000 RMSE=0.08417 NRMSE=1.12539 R2=-0.26651 IC=-0.03361
2026-08-02 12:49:19,473 - options_risk_engine.forecasting.volatility - INFO - MSFT Ridge PCA            alpha=0.0001 RMSE=0.09562 NRMSE=1.27859 R2=-0.63480 IC=-0.07145
2026-08-02 12:49:19,475 - options_risk_engine.forecasting.volatility - INFO - MSFT Ridge PCA            alpha=0.001 RMSE=0.09562 NRMSE=1.27859 R2=-0.63479 IC=-0.07145
2026-08-02 12:49:19,477 - options_risk_engine.forecasting.volatility - INFO - MSFT Ridge PCA            alpha=0.01 RMSE=0.09562 NRMSE=1.27858 R2=-0.63477 IC=-0.07145
2026-08-02 12:49:19,479 - options_risk_engine.forecasting.volatility - INFO - MSFT Ridge PCA            alpha=0.1 RMSE=0.09562 NRMSE=1.27849 R2=-0.63454 IC=-0.07142
2026-08-02 12:49:19,481 - options_risk_engine.forecasting.volatility - INFO - MSFT Ridge PCA            alpha=1 RMSE=0.09555 NRMSE=1.27760 R2=-0.63227 IC=-0.07108
2026-08-02 12:49:19,482 - options_risk_engine.forecasting.volatility - INFO - MSFT Ridge PCA            alpha=10 RMSE=0.09492 NRMSE=1.26923 R2=-0.61095 IC=-0.06792
2026-08-02 12:49:19,484 - options_risk_engine.forecasting.volatility - INFO - MSFT Ridge PCA            alpha=100 RMSE=0.09097 NRMSE=1.21631 R2=-0.47941 IC=-0.04782
2026-08-02 12:49:19,487 - options_risk_engine.forecasting.volatility - INFO - MSFT Ridge PCA            alpha=1000 RMSE=0.08422 NRMSE=1.12610 R2=-0.26809 IC=-0.03965
2026-08-02 12:49:19,489 - options_risk_engine.forecasting.volatility - INFO - MSFT Lasso                alpha=0.0001 RMSE=0.09819 NRMSE=1.31288 R2=-0.72366 IC=-0.03737
2026-08-02 12:49:19,490 - options_risk_engine.forecasting.volatility - INFO - MSFT Lasso                alpha=0.001 RMSE=0.09536 NRMSE=1.27507 R2=-0.62581 IC=-0.08360
2026-08-02 12:49:19,492 - options_risk_engine.forecasting.volatility - INFO - MSFT Lasso                alpha=0.01 RMSE=0.08695 NRMSE=1.16262 R2=-0.35170 IC=-0.11584
2026-08-02 12:49:19,493 - options_risk_engine.forecasting.volatility - INFO - MSFT Lasso                alpha=0.1 RMSE=0.08842 NRMSE=1.18225 R2=-0.39772 IC=-0.35506
2026-08-02 12:49:19,495 - options_risk_engine.forecasting.volatility - INFO - MSFT Lasso                alpha=1 RMSE=0.08842 NRMSE=1.18225 R2=-0.39772 IC=-0.35506
2026-08-02 12:49:19,497 - options_risk_engine.forecasting.volatility - INFO - MSFT Lasso PCA            alpha=0.0001 RMSE=0.09551 NRMSE=1.27701 R2=-0.63075 IC=-0.07138
2026-08-02 12:49:19,498 - options_risk_engine.forecasting.volatility - INFO - MSFT Lasso PCA            alpha=0.001 RMSE=0.09455 NRMSE=1.26416 R2=-0.59810 IC=-0.07083
2026-08-02 12:49:19,501 - options_risk_engine.forecasting.volatility - INFO - MSFT Lasso PCA            alpha=0.01 RMSE=0.08802 NRMSE=1.17691 R2=-0.38512 IC=-0.07801
2026-08-02 12:49:19,503 - options_risk_engine.forecasting.volatility - INFO - MSFT Lasso PCA            alpha=0.1 RMSE=0.08625 NRMSE=1.15323 R2=-0.32994 IC=-0.29033
2026-08-02 12:49:19,505 - options_risk_engine.forecasting.volatility - INFO - MSFT Lasso PCA            alpha=1 RMSE=0.08842 NRMSE=1.18225 R2=-0.39772 IC=-0.35506
2026-08-02 12:49:19,507 - options_risk_engine.forecasting.volatility - INFO - MSFT Random Forest        alpha=None RMSE=0.10526 NRMSE=1.40737 R2=-0.98070 IC=-0.07487
2026-08-02 12:49:19,509 - options_risk_engine.forecasting.volatility - INFO - MSFT Gradient Boosting    alpha=None RMSE=0.10115 NRMSE=1.35244 R2=-0.82909 IC=-0.06789
2026-08-02 12:49:19,511 - options_risk_engine.forecasting.volatility - INFO - MSFT HAR-RV               alpha=None RMSE=0.09716 NRMSE=1.29911 R2=-0.68770 IC=-0.13337
2026-08-02 12:49:19,512 - options_risk_engine.forecasting.volatility - INFO - MSFT GARCH                alpha=None RMSE=0.08325 NRMSE=1.11312 R2=-0.23904 IC=0.04316
2026-08-02 12:49:19,514 - options_risk_engine.forecasting.volatility - INFO - MSFT evaluation complete - best model=GARCH, alpha=nan, RMSE=0.08325, NRMSE=1.11312
2026-08-02 12:49:19,519 - options_risk_engine.forecasting.volatility - INFO - META starting model evaluation
2026-08-02 12:49:19,521 - options_risk_engine.forecasting.volatility - INFO - META has 971 usable rows and 21 features
2026-08-02 12:49:19,522 - options_risk_engine.forecasting.volatility - INFO - Creating model specifications
2026-08-02 12:49:19,522 - options_risk_engine.forecasting.volatility - INFO - Created 34 model configurations
2026-08-02 12:49:19,523 - options_risk_engine.forecasting.volatility - INFO - META walk-forward starts at row 284 with window=30, step=30, purge=32
2026-08-02 12:49:39,938 - options_risk_engine.forecasting.volatility - INFO - META completed 22 walk-forward folds
2026-08-02 12:49:39,939 - options_risk_engine.forecasting.volatility - INFO - META calculating model comparison metrics
2026-08-02 12:49:39,942 - options_risk_engine.forecasting.volatility - INFO - META Train Mean           alpha=None RMSE=0.14507 NRMSE=1.19096 R2=-0.41839 IC=-0.12845
2026-08-02 12:49:39,944 - options_risk_engine.forecasting.volatility - INFO - META RV20 Baseline        alpha=None RMSE=0.20570 NRMSE=1.68873 R2=-1.85181 IC=-0.17340
2026-08-02 12:49:39,946 - options_risk_engine.forecasting.volatility - INFO - META OLS                  alpha=None RMSE=0.20237 NRMSE=1.66145 R2=-1.76043 IC=-0.12234
2026-08-02 12:49:39,948 - options_risk_engine.forecasting.volatility - INFO - META OLS PCA              alpha=None RMSE=0.15624 NRMSE=1.28268 R2=-0.64527 IC=0.02020
2026-08-02 12:49:39,949 - options_risk_engine.forecasting.volatility - INFO - META Ridge                alpha=0.0001 RMSE=0.20235 NRMSE=1.66125 R2=-1.75974 IC=-0.12232
2026-08-02 12:49:39,952 - options_risk_engine.forecasting.volatility - INFO - META Ridge                alpha=0.001 RMSE=0.20212 NRMSE=1.65938 R2=-1.75353 IC=-0.12216
2026-08-02 12:49:39,954 - options_risk_engine.forecasting.volatility - INFO - META Ridge                alpha=0.01 RMSE=0.19996 NRMSE=1.64165 R2=-1.69503 IC=-0.12046
2026-08-02 12:49:39,956 - options_risk_engine.forecasting.volatility - INFO - META Ridge                alpha=0.1 RMSE=0.18614 NRMSE=1.52815 R2=-1.33524 IC=-0.10331
2026-08-02 12:49:39,958 - options_risk_engine.forecasting.volatility - INFO - META Ridge                alpha=1 RMSE=0.16780 NRMSE=1.37760 R2=-0.89779 IC=-0.04000
2026-08-02 12:49:39,959 - options_risk_engine.forecasting.volatility - INFO - META Ridge                alpha=10 RMSE=0.16220 NRMSE=1.33163 R2=-0.77324 IC=0.00200
2026-08-02 12:49:39,962 - options_risk_engine.forecasting.volatility - INFO - META Ridge                alpha=100 RMSE=0.14859 NRMSE=1.21988 R2=-0.48810 IC=-0.00626
2026-08-02 12:49:39,964 - options_risk_engine.forecasting.volatility - INFO - META Ridge                alpha=1000 RMSE=0.13927 NRMSE=1.14336 R2=-0.30727 IC=-0.13577
2026-08-02 12:49:39,965 - options_risk_engine.forecasting.volatility - INFO - META Ridge PCA            alpha=0.0001 RMSE=0.15624 NRMSE=1.28268 R2=-0.64527 IC=0.02020
2026-08-02 12:49:39,968 - options_risk_engine.forecasting.volatility - INFO - META Ridge PCA            alpha=0.001 RMSE=0.15624 NRMSE=1.28268 R2=-0.64527 IC=0.02020
2026-08-02 12:49:39,970 - options_risk_engine.forecasting.volatility - INFO - META Ridge PCA            alpha=0.01 RMSE=0.15624 NRMSE=1.28267 R2=-0.64525 IC=0.02020
2026-08-02 12:49:39,972 - options_risk_engine.forecasting.volatility - INFO - META Ridge PCA            alpha=0.1 RMSE=0.15622 NRMSE=1.28257 R2=-0.64498 IC=0.02017
2026-08-02 12:49:39,973 - options_risk_engine.forecasting.volatility - INFO - META Ridge PCA            alpha=1 RMSE=0.15610 NRMSE=1.28154 R2=-0.64235 IC=0.01986
2026-08-02 12:49:39,975 - options_risk_engine.forecasting.volatility - INFO - META Ridge PCA            alpha=10 RMSE=0.15492 NRMSE=1.27188 R2=-0.61769 IC=0.01678
2026-08-02 12:49:39,977 - options_risk_engine.forecasting.volatility - INFO - META Ridge PCA            alpha=100 RMSE=0.14773 NRMSE=1.21281 R2=-0.47090 IC=-0.01070
2026-08-02 12:49:39,979 - options_risk_engine.forecasting.volatility - INFO - META Ridge PCA            alpha=1000 RMSE=0.13981 NRMSE=1.14781 R2=-0.31746 IC=-0.13662
2026-08-02 12:49:40,001 - options_risk_engine.forecasting.volatility - INFO - META Lasso                alpha=0.0001 RMSE=0.18685 NRMSE=1.53401 R2=-1.35319 IC=-0.12708
2026-08-02 12:49:40,014 - options_risk_engine.forecasting.volatility - INFO - META Lasso                alpha=0.001 RMSE=0.16370 NRMSE=1.34396 R2=-0.80624 IC=0.00980
2026-08-02 12:49:40,016 - options_risk_engine.forecasting.volatility - INFO - META Lasso                alpha=0.01 RMSE=0.15531 NRMSE=1.27504 R2=-0.62573 IC=0.01041
2026-08-02 12:49:40,019 - options_risk_engine.forecasting.volatility - INFO - META Lasso                alpha=0.1 RMSE=0.14562 NRMSE=1.19553 R2=-0.42928 IC=-0.13743
2026-08-02 12:49:40,021 - options_risk_engine.forecasting.volatility - INFO - META Lasso                alpha=1 RMSE=0.14507 NRMSE=1.19096 R2=-0.41839 IC=-0.12845
2026-08-02 12:49:40,023 - options_risk_engine.forecasting.volatility - INFO - META Lasso PCA            alpha=0.0001 RMSE=0.15615 NRMSE=1.28192 R2=-0.64332 IC=0.01987
2026-08-02 12:49:40,025 - options_risk_engine.forecasting.volatility - INFO - META Lasso PCA            alpha=0.001 RMSE=0.15532 NRMSE=1.27517 R2=-0.62606 IC=0.01679
2026-08-02 12:49:40,028 - options_risk_engine.forecasting.volatility - INFO - META Lasso PCA            alpha=0.01 RMSE=0.14884 NRMSE=1.22192 R2=-0.49308 IC=-0.02273
2026-08-02 12:49:40,029 - options_risk_engine.forecasting.volatility - INFO - META Lasso PCA            alpha=0.1 RMSE=0.14774 NRMSE=1.21292 R2=-0.47117 IC=-0.26553
2026-08-02 12:49:40,031 - options_risk_engine.forecasting.volatility - INFO - META Lasso PCA            alpha=1 RMSE=0.14507 NRMSE=1.19096 R2=-0.41839 IC=-0.12845
2026-08-02 12:49:40,033 - options_risk_engine.forecasting.volatility - INFO - META Random Forest        alpha=None RMSE=0.16885 NRMSE=1.38625 R2=-0.92170 IC=-0.10647
2026-08-02 12:49:40,035 - options_risk_engine.forecasting.volatility - INFO - META Gradient Boosting    alpha=None RMSE=0.15135 NRMSE=1.24255 R2=-0.54392 IC=0.02993
2026-08-02 12:49:40,037 - options_risk_engine.forecasting.volatility - INFO - META HAR-RV               alpha=None RMSE=0.16757 NRMSE=1.37573 R2=-0.89263 IC=0.01569
2026-08-02 12:49:40,038 - options_risk_engine.forecasting.volatility - INFO - META GARCH                alpha=None RMSE=0.21776 NRMSE=1.78776 R2=-2.19609 IC=-0.01975
2026-08-02 12:49:40,039 - options_risk_engine.forecasting.volatility - INFO - META evaluation complete - best model=Ridge, alpha=1000.0, RMSE=0.13927, NRMSE=1.14336
2026-08-02 12:49:40,043 - options_risk_engine.forecasting.volatility - INFO - WMT starting model evaluation
2026-08-02 12:49:40,045 - options_risk_engine.forecasting.volatility - INFO - WMT has 971 usable rows and 21 features
2026-08-02 12:49:40,046 - options_risk_engine.forecasting.volatility - INFO - Creating model specifications
2026-08-02 12:49:40,046 - options_risk_engine.forecasting.volatility - INFO - Created 34 model configurations
2026-08-02 12:49:40,047 - options_risk_engine.forecasting.volatility - INFO - WMT walk-forward starts at row 284 with window=30, step=30, purge=32
2026-08-02 12:49:58,659 - options_risk_engine.forecasting.volatility - INFO - WMT completed 22 walk-forward folds
2026-08-02 12:49:58,660 - options_risk_engine.forecasting.volatility - INFO - WMT calculating model comparison metrics
2026-08-02 12:49:58,662 - options_risk_engine.forecasting.volatility - INFO - WMT Train Mean           alpha=None RMSE=0.07943 NRMSE=1.12322 R2=-0.26161 IC=0.23053
2026-08-02 12:49:58,664 - options_risk_engine.forecasting.volatility - INFO - WMT RV20 Baseline        alpha=None RMSE=0.09972 NRMSE=1.41001 R2=-0.98812 IC=0.16391
2026-08-02 12:49:58,666 - options_risk_engine.forecasting.volatility - INFO - WMT OLS                  alpha=None RMSE=0.10481 NRMSE=1.48209 R2=-1.19660 IC=-0.01524
2026-08-02 12:49:58,668 - options_risk_engine.forecasting.volatility - INFO - WMT OLS PCA              alpha=None RMSE=0.08305 NRMSE=1.17429 R2=-0.37896 IC=0.03277
2026-08-02 12:49:58,670 - options_risk_engine.forecasting.volatility - INFO - WMT Ridge                alpha=0.0001 RMSE=0.10481 NRMSE=1.48199 R2=-1.19630 IC=-0.01525
2026-08-02 12:49:58,672 - options_risk_engine.forecasting.volatility - INFO - WMT Ridge                alpha=0.001 RMSE=0.10474 NRMSE=1.48108 R2=-1.19359 IC=-0.01530
2026-08-02 12:49:58,674 - options_risk_engine.forecasting.volatility - INFO - WMT Ridge                alpha=0.01 RMSE=0.10413 NRMSE=1.47245 R2=-1.16810 IC=-0.01578
2026-08-02 12:49:58,676 - options_risk_engine.forecasting.volatility - INFO - WMT Ridge                alpha=0.1 RMSE=0.10027 NRMSE=1.41782 R2=-1.01021 IC=-0.01894
2026-08-02 12:49:58,677 - options_risk_engine.forecasting.volatility - INFO - WMT Ridge                alpha=1 RMSE=0.09354 NRMSE=1.32271 R2=-0.74955 IC=-0.01860
2026-08-02 12:49:58,679 - options_risk_engine.forecasting.volatility - INFO - WMT Ridge                alpha=10 RMSE=0.08761 NRMSE=1.23883 R2=-0.53469 IC=0.02083
2026-08-02 12:49:58,681 - options_risk_engine.forecasting.volatility - INFO - WMT Ridge                alpha=100 RMSE=0.08149 NRMSE=1.15225 R2=-0.32768 IC=0.07524
2026-08-02 12:49:58,683 - options_risk_engine.forecasting.volatility - INFO - WMT Ridge                alpha=1000 RMSE=0.07914 NRMSE=1.11904 R2=-0.25225 IC=0.11965
2026-08-02 12:49:58,685 - options_risk_engine.forecasting.volatility - INFO - WMT Ridge PCA            alpha=0.0001 RMSE=0.08305 NRMSE=1.17429 R2=-0.37896 IC=0.03277
2026-08-02 12:49:58,686 - options_risk_engine.forecasting.volatility - INFO - WMT Ridge PCA            alpha=0.001 RMSE=0.08305 NRMSE=1.17429 R2=-0.37896 IC=0.03277
2026-08-02 12:49:58,688 - options_risk_engine.forecasting.volatility - INFO - WMT Ridge PCA            alpha=0.01 RMSE=0.08305 NRMSE=1.17429 R2=-0.37895 IC=0.03277
2026-08-02 12:49:58,690 - options_risk_engine.forecasting.volatility - INFO - WMT Ridge PCA            alpha=0.1 RMSE=0.08304 NRMSE=1.17425 R2=-0.37887 IC=0.03281
2026-08-02 12:49:58,691 - options_risk_engine.forecasting.volatility - INFO - WMT Ridge PCA            alpha=1 RMSE=0.08302 NRMSE=1.17389 R2=-0.37801 IC=0.03316
2026-08-02 12:49:58,693 - options_risk_engine.forecasting.volatility - INFO - WMT Ridge PCA            alpha=10 RMSE=0.08278 NRMSE=1.17049 R2=-0.37005 IC=0.03654
2026-08-02 12:49:58,695 - options_risk_engine.forecasting.volatility - INFO - WMT Ridge PCA            alpha=100 RMSE=0.08141 NRMSE=1.15112 R2=-0.32509 IC=0.06005
2026-08-02 12:49:58,696 - options_risk_engine.forecasting.volatility - INFO - WMT Ridge PCA            alpha=1000 RMSE=0.07945 NRMSE=1.12342 R2=-0.26208 IC=0.11297
2026-08-02 12:49:58,698 - options_risk_engine.forecasting.volatility - INFO - WMT Lasso                alpha=0.0001 RMSE=0.09299 NRMSE=1.31489 R2=-0.72894 IC=-0.00160
2026-08-02 12:49:58,702 - options_risk_engine.forecasting.volatility - INFO - WMT Lasso                alpha=0.001 RMSE=0.08682 NRMSE=1.22763 R2=-0.50707 IC=0.01923
2026-08-02 12:49:58,720 - options_risk_engine.forecasting.volatility - INFO - WMT Lasso                alpha=0.01 RMSE=0.08319 NRMSE=1.17635 R2=-0.38381 IC=-0.06811
2026-08-02 12:49:58,731 - options_risk_engine.forecasting.volatility - INFO - WMT Lasso                alpha=0.1 RMSE=0.07943 NRMSE=1.12322 R2=-0.26161 IC=0.23053
2026-08-02 12:49:58,733 - options_risk_engine.forecasting.volatility - INFO - WMT Lasso                alpha=1 RMSE=0.07943 NRMSE=1.12322 R2=-0.26161 IC=0.23053
2026-08-02 12:49:58,734 - options_risk_engine.forecasting.volatility - INFO - WMT Lasso PCA            alpha=0.0001 RMSE=0.08296 NRMSE=1.17314 R2=-0.37626 IC=0.03383
2026-08-02 12:49:58,737 - options_risk_engine.forecasting.volatility - INFO - WMT Lasso PCA            alpha=0.001 RMSE=0.08229 NRMSE=1.16363 R2=-0.35405 IC=0.04331
2026-08-02 12:49:58,739 - options_risk_engine.forecasting.volatility - INFO - WMT Lasso PCA            alpha=0.01 RMSE=0.08131 NRMSE=1.14975 R2=-0.32193 IC=0.08996
2026-08-02 12:49:58,741 - options_risk_engine.forecasting.volatility - INFO - WMT Lasso PCA            alpha=0.1 RMSE=0.07997 NRMSE=1.13082 R2=-0.27875 IC=0.18300
2026-08-02 12:49:58,744 - options_risk_engine.forecasting.volatility - INFO - WMT Lasso PCA            alpha=1 RMSE=0.07943 NRMSE=1.12322 R2=-0.26161 IC=0.23053
2026-08-02 12:49:58,746 - options_risk_engine.forecasting.volatility - INFO - WMT Random Forest        alpha=None RMSE=0.08536 NRMSE=1.20706 R2=-0.45698 IC=-0.06963
2026-08-02 12:49:58,747 - options_risk_engine.forecasting.volatility - INFO - WMT Gradient Boosting    alpha=None RMSE=0.08793 NRMSE=1.24342 R2=-0.54610 IC=-0.07423
2026-08-02 12:49:58,749 - options_risk_engine.forecasting.volatility - INFO - WMT HAR-RV               alpha=None RMSE=0.08569 NRMSE=1.21167 R2=-0.46814 IC=-0.19011
2026-08-02 12:49:58,751 - options_risk_engine.forecasting.volatility - INFO - WMT GARCH                alpha=None RMSE=0.08412 NRMSE=1.18943 R2=-0.41476 IC=0.12354
2026-08-02 12:49:58,752 - options_risk_engine.forecasting.volatility - INFO - WMT evaluation complete - best model=Ridge, alpha=1000.0, RMSE=0.07914, NRMSE=1.11904
2026-08-02 12:49:58,756 - options_risk_engine.forecasting.volatility - INFO - GOOGL starting model evaluation
2026-08-02 12:49:58,757 - options_risk_engine.forecasting.volatility - INFO - GOOGL has 971 usable rows and 21 features
2026-08-02 12:49:58,758 - options_risk_engine.forecasting.volatility - INFO - Creating model specifications
2026-08-02 12:49:58,758 - options_risk_engine.forecasting.volatility - INFO - Created 34 model configurations
2026-08-02 12:49:58,758 - options_risk_engine.forecasting.volatility - INFO - GOOGL walk-forward starts at row 284 with window=30, step=30, purge=32
2026-08-02 12:50:16,546 - options_risk_engine.forecasting.volatility - INFO - GOOGL completed 22 walk-forward folds
2026-08-02 12:50:16,548 - options_risk_engine.forecasting.volatility - INFO - GOOGL calculating model comparison metrics
2026-08-02 12:50:16,550 - options_risk_engine.forecasting.volatility - INFO - GOOGL Train Mean           alpha=None RMSE=0.07436 NRMSE=1.07006 R2=-0.14504 IC=-0.20185
2026-08-02 12:50:16,552 - options_risk_engine.forecasting.volatility - INFO - GOOGL RV20 Baseline        alpha=None RMSE=0.11222 NRMSE=1.61476 R2=-1.60746 IC=-0.03534
2026-08-02 12:50:16,554 - options_risk_engine.forecasting.volatility - INFO - GOOGL OLS                  alpha=None RMSE=0.09815 NRMSE=1.41226 R2=-0.99448 IC=0.12447
2026-08-02 12:50:16,556 - options_risk_engine.forecasting.volatility - INFO - GOOGL OLS PCA              alpha=None RMSE=0.08116 NRMSE=1.16786 R2=-0.36389 IC=-0.01547
2026-08-02 12:50:16,558 - options_risk_engine.forecasting.volatility - INFO - GOOGL Ridge                alpha=0.0001 RMSE=0.09813 NRMSE=1.41207 R2=-0.99395 IC=0.12444
2026-08-02 12:50:16,559 - options_risk_engine.forecasting.volatility - INFO - GOOGL Ridge                alpha=0.001 RMSE=0.09802 NRMSE=1.41043 R2=-0.98930 IC=0.12419
2026-08-02 12:50:16,561 - options_risk_engine.forecasting.volatility - INFO - GOOGL Ridge                alpha=0.01 RMSE=0.09697 NRMSE=1.39539 R2=-0.94712 IC=0.12174
2026-08-02 12:50:16,563 - options_risk_engine.forecasting.volatility - INFO - GOOGL Ridge                alpha=0.1 RMSE=0.09173 NRMSE=1.31991 R2=-0.74216 IC=0.10369
2026-08-02 12:50:16,565 - options_risk_engine.forecasting.volatility - INFO - GOOGL Ridge                alpha=1 RMSE=0.08597 NRMSE=1.23709 R2=-0.53038 IC=0.07439
2026-08-02 12:50:16,567 - options_risk_engine.forecasting.volatility - INFO - GOOGL Ridge                alpha=10 RMSE=0.08158 NRMSE=1.17389 R2=-0.37801 IC=0.07840
2026-08-02 12:50:16,569 - options_risk_engine.forecasting.volatility - INFO - GOOGL Ridge                alpha=100 RMSE=0.07810 NRMSE=1.12383 R2=-0.26299 IC=0.02448
2026-08-02 12:50:16,571 - options_risk_engine.forecasting.volatility - INFO - GOOGL Ridge                alpha=1000 RMSE=0.07485 NRMSE=1.07697 R2=-0.15987 IC=-0.12187
2026-08-02 12:50:16,573 - options_risk_engine.forecasting.volatility - INFO - GOOGL Ridge PCA            alpha=0.0001 RMSE=0.08116 NRMSE=1.16786 R2=-0.36389 IC=-0.01547
2026-08-02 12:50:16,575 - options_risk_engine.forecasting.volatility - INFO - GOOGL Ridge PCA            alpha=0.001 RMSE=0.08116 NRMSE=1.16786 R2=-0.36389 IC=-0.01548
2026-08-02 12:50:16,576 - options_risk_engine.forecasting.volatility - INFO - GOOGL Ridge PCA            alpha=0.01 RMSE=0.08116 NRMSE=1.16785 R2=-0.36388 IC=-0.01548
2026-08-02 12:50:16,578 - options_risk_engine.forecasting.volatility - INFO - GOOGL Ridge PCA            alpha=0.1 RMSE=0.08116 NRMSE=1.16782 R2=-0.36381 IC=-0.01552
2026-08-02 12:50:16,580 - options_risk_engine.forecasting.volatility - INFO - GOOGL Ridge PCA            alpha=1 RMSE=0.08114 NRMSE=1.16750 R2=-0.36305 IC=-0.01589
2026-08-02 12:50:16,582 - options_risk_engine.forecasting.volatility - INFO - GOOGL Ridge PCA            alpha=10 RMSE=0.08092 NRMSE=1.16436 R2=-0.35574 IC=-0.01951
2026-08-02 12:50:16,584 - options_risk_engine.forecasting.volatility - INFO - GOOGL Ridge PCA            alpha=100 RMSE=0.07930 NRMSE=1.14106 R2=-0.30202 IC=-0.04676
2026-08-02 12:50:16,586 - options_risk_engine.forecasting.volatility - INFO - GOOGL Ridge PCA            alpha=1000 RMSE=0.07532 NRMSE=1.08376 R2=-0.17455 IC=-0.14719
2026-08-02 12:50:16,587 - options_risk_engine.forecasting.volatility - INFO - GOOGL Lasso                alpha=0.0001 RMSE=0.09202 NRMSE=1.32408 R2=-0.75318 IC=0.12169
2026-08-02 12:50:16,589 - options_risk_engine.forecasting.volatility - INFO - GOOGL Lasso                alpha=0.001 RMSE=0.08162 NRMSE=1.17443 R2=-0.37928 IC=0.07169
2026-08-02 12:50:16,591 - options_risk_engine.forecasting.volatility - INFO - GOOGL Lasso                alpha=0.01 RMSE=0.07513 NRMSE=1.08103 R2=-0.16863 IC=-0.12171
2026-08-02 12:50:16,593 - options_risk_engine.forecasting.volatility - INFO - GOOGL Lasso                alpha=0.1 RMSE=0.07436 NRMSE=1.07006 R2=-0.14504 IC=-0.20185
2026-08-02 12:50:16,594 - options_risk_engine.forecasting.volatility - INFO - GOOGL Lasso                alpha=1 RMSE=0.07436 NRMSE=1.07006 R2=-0.14504 IC=-0.20185
2026-08-02 12:50:16,596 - options_risk_engine.forecasting.volatility - INFO - GOOGL Lasso PCA            alpha=0.0001 RMSE=0.08110 NRMSE=1.16696 R2=-0.36179 IC=-0.01576
2026-08-02 12:50:16,598 - options_risk_engine.forecasting.volatility - INFO - GOOGL Lasso PCA            alpha=0.001 RMSE=0.08058 NRMSE=1.15949 R2=-0.34442 IC=-0.01884
2026-08-02 12:50:16,599 - options_risk_engine.forecasting.volatility - INFO - GOOGL Lasso PCA            alpha=0.01 RMSE=0.07663 NRMSE=1.10263 R2=-0.21579 IC=-0.06975
2026-08-02 12:50:16,602 - options_risk_engine.forecasting.volatility - INFO - GOOGL Lasso PCA            alpha=0.1 RMSE=0.07436 NRMSE=1.07006 R2=-0.14504 IC=-0.20185
2026-08-02 12:50:16,604 - options_risk_engine.forecasting.volatility - INFO - GOOGL Lasso PCA            alpha=1 RMSE=0.07436 NRMSE=1.07006 R2=-0.14504 IC=-0.20185
2026-08-02 12:50:16,606 - options_risk_engine.forecasting.volatility - INFO - GOOGL Random Forest        alpha=None RMSE=0.09522 NRMSE=1.37011 R2=-0.87720 IC=-0.18509
2026-08-02 12:50:16,607 - options_risk_engine.forecasting.volatility - INFO - GOOGL Gradient Boosting    alpha=None RMSE=0.09175 NRMSE=1.32023 R2=-0.74301 IC=-0.12063
2026-08-02 12:50:16,609 - options_risk_engine.forecasting.volatility - INFO - GOOGL HAR-RV               alpha=None RMSE=0.08313 NRMSE=1.19621 R2=-0.43092 IC=-0.17770
2026-08-02 12:50:16,611 - options_risk_engine.forecasting.volatility - INFO - GOOGL GARCH                alpha=None RMSE=0.07616 NRMSE=1.09596 R2=-0.20113 IC=-0.29409
2026-08-02 12:50:16,612 - options_risk_engine.forecasting.volatility - INFO - GOOGL evaluation complete - best model=Train Mean, alpha=nan, RMSE=0.07436, NRMSE=1.07006
2026-08-02 12:50:16,616 - options_risk_engine.forecasting.volatility - INFO - AMZN starting model evaluation
2026-08-02 12:50:16,618 - options_risk_engine.forecasting.volatility - INFO - AMZN has 971 usable rows and 21 features
2026-08-02 12:50:16,618 - options_risk_engine.forecasting.volatility - INFO - Creating model specifications
2026-08-02 12:50:16,619 - options_risk_engine.forecasting.volatility - INFO - Created 34 model configurations
2026-08-02 12:50:16,620 - options_risk_engine.forecasting.volatility - INFO - AMZN walk-forward starts at row 284 with window=30, step=30, purge=32
2026-08-02 12:50:34,951 - options_risk_engine.forecasting.volatility - INFO - AMZN completed 22 walk-forward folds
2026-08-02 12:50:34,955 - options_risk_engine.forecasting.volatility - INFO - AMZN calculating model comparison metrics
2026-08-02 12:50:34,957 - options_risk_engine.forecasting.volatility - INFO - AMZN Train Mean           alpha=None RMSE=0.09926 NRMSE=1.16814 R2=-0.36456 IC=-0.25176
2026-08-02 12:50:34,959 - options_risk_engine.forecasting.volatility - INFO - AMZN RV20 Baseline        alpha=None RMSE=0.13576 NRMSE=1.59759 R2=-1.55229 IC=-0.07732
2026-08-02 12:50:34,961 - options_risk_engine.forecasting.volatility - INFO - AMZN OLS                  alpha=None RMSE=0.11565 NRMSE=1.36093 R2=-0.85212 IC=0.09202
2026-08-02 12:50:34,963 - options_risk_engine.forecasting.volatility - INFO - AMZN OLS PCA              alpha=None RMSE=0.09816 NRMSE=1.15513 R2=-0.33432 IC=0.08226
2026-08-02 12:50:34,964 - options_risk_engine.forecasting.volatility - INFO - AMZN Ridge                alpha=0.0001 RMSE=0.11564 NRMSE=1.36089 R2=-0.85202 IC=0.09200
2026-08-02 12:50:34,966 - options_risk_engine.forecasting.volatility - INFO - AMZN Ridge                alpha=0.001 RMSE=0.11562 NRMSE=1.36057 R2=-0.85115 IC=0.09182
2026-08-02 12:50:34,968 - options_risk_engine.forecasting.volatility - INFO - AMZN Ridge                alpha=0.01 RMSE=0.11536 NRMSE=1.35750 R2=-0.84281 IC=0.09007
2026-08-02 12:50:34,970 - options_risk_engine.forecasting.volatility - INFO - AMZN Ridge                alpha=0.1 RMSE=0.11345 NRMSE=1.33510 R2=-0.78250 IC=0.07910
2026-08-02 12:50:34,972 - options_risk_engine.forecasting.volatility - INFO - AMZN Ridge                alpha=1 RMSE=0.10721 NRMSE=1.26166 R2=-0.59177 IC=0.06181
2026-08-02 12:50:34,974 - options_risk_engine.forecasting.volatility - INFO - AMZN Ridge                alpha=10 RMSE=0.10173 NRMSE=1.19716 R2=-0.43320 IC=0.05639
2026-08-02 12:50:34,976 - options_risk_engine.forecasting.volatility - INFO - AMZN Ridge                alpha=100 RMSE=0.09569 NRMSE=1.12611 R2=-0.26812 IC=0.05235
2026-08-02 12:50:34,978 - options_risk_engine.forecasting.volatility - INFO - AMZN Ridge                alpha=1000 RMSE=0.09323 NRMSE=1.09712 R2=-0.20367 IC=-0.10137
2026-08-02 12:50:34,980 - options_risk_engine.forecasting.volatility - INFO - AMZN Ridge PCA            alpha=0.0001 RMSE=0.09816 NRMSE=1.15513 R2=-0.33432 IC=0.08226
2026-08-02 12:50:34,981 - options_risk_engine.forecasting.volatility - INFO - AMZN Ridge PCA            alpha=0.001 RMSE=0.09816 NRMSE=1.15513 R2=-0.33432 IC=0.08226
2026-08-02 12:50:34,983 - options_risk_engine.forecasting.volatility - INFO - AMZN Ridge PCA            alpha=0.01 RMSE=0.09816 NRMSE=1.15512 R2=-0.33431 IC=0.08226
2026-08-02 12:50:34,985 - options_risk_engine.forecasting.volatility - INFO - AMZN Ridge PCA            alpha=0.1 RMSE=0.09815 NRMSE=1.15507 R2=-0.33418 IC=0.08224
2026-08-02 12:50:34,986 - options_risk_engine.forecasting.volatility - INFO - AMZN Ridge PCA            alpha=1 RMSE=0.09811 NRMSE=1.15453 R2=-0.33294 IC=0.08207
2026-08-02 12:50:34,988 - options_risk_engine.forecasting.volatility - INFO - AMZN Ridge PCA            alpha=10 RMSE=0.09768 NRMSE=1.14946 R2=-0.32125 IC=0.08027
2026-08-02 12:50:34,990 - options_risk_engine.forecasting.volatility - INFO - AMZN Ridge PCA            alpha=100 RMSE=0.09501 NRMSE=1.11810 R2=-0.25014 IC=0.05842
2026-08-02 12:50:34,992 - options_risk_engine.forecasting.volatility - INFO - AMZN Ridge PCA            alpha=1000 RMSE=0.09321 NRMSE=1.09690 R2=-0.20319 IC=-0.10037
2026-08-02 12:50:34,993 - options_risk_engine.forecasting.volatility - INFO - AMZN Lasso                alpha=0.0001 RMSE=0.11287 NRMSE=1.32821 R2=-0.76413 IC=0.06921
2026-08-02 12:50:34,995 - options_risk_engine.forecasting.volatility - INFO - AMZN Lasso                alpha=0.001 RMSE=0.10223 NRMSE=1.20299 R2=-0.44717 IC=0.03921
2026-08-02 12:50:34,996 - options_risk_engine.forecasting.volatility - INFO - AMZN Lasso                alpha=0.01 RMSE=0.10038 NRMSE=1.18125 R2=-0.39535 IC=-0.10457
2026-08-02 12:50:34,998 - options_risk_engine.forecasting.volatility - INFO - AMZN Lasso                alpha=0.1 RMSE=0.09926 NRMSE=1.16814 R2=-0.36456 IC=-0.25176
2026-08-02 12:50:34,999 - options_risk_engine.forecasting.volatility - INFO - AMZN Lasso                alpha=1 RMSE=0.09926 NRMSE=1.16814 R2=-0.36456 IC=-0.25176
2026-08-02 12:50:35,001 - options_risk_engine.forecasting.volatility - INFO - AMZN Lasso PCA            alpha=0.0001 RMSE=0.09812 NRMSE=1.15463 R2=-0.33317 IC=0.08120
2026-08-02 12:50:35,003 - options_risk_engine.forecasting.volatility - INFO - AMZN Lasso PCA            alpha=0.001 RMSE=0.09774 NRMSE=1.15024 R2=-0.32306 IC=0.07164
2026-08-02 12:50:35,005 - options_risk_engine.forecasting.volatility - INFO - AMZN Lasso PCA            alpha=0.01 RMSE=0.09568 NRMSE=1.12597 R2=-0.26780 IC=-0.02421
2026-08-02 12:50:35,006 - options_risk_engine.forecasting.volatility - INFO - AMZN Lasso PCA            alpha=0.1 RMSE=0.09897 NRMSE=1.16473 R2=-0.35660 IC=-0.26160
2026-08-02 12:50:35,008 - options_risk_engine.forecasting.volatility - INFO - AMZN Lasso PCA            alpha=1 RMSE=0.09926 NRMSE=1.16814 R2=-0.36456 IC=-0.25176
2026-08-02 12:50:35,010 - options_risk_engine.forecasting.volatility - INFO - AMZN Random Forest        alpha=None RMSE=0.13022 NRMSE=1.53237 R2=-1.34816 IC=-0.21254
2026-08-02 12:50:35,012 - options_risk_engine.forecasting.volatility - INFO - AMZN Gradient Boosting    alpha=None RMSE=0.13195 NRMSE=1.55276 R2=-1.41107 IC=-0.20027
2026-08-02 12:50:35,014 - options_risk_engine.forecasting.volatility - INFO - AMZN HAR-RV               alpha=None RMSE=0.10573 NRMSE=1.24425 R2=-0.54816 IC=-0.11051
2026-08-02 12:50:35,015 - options_risk_engine.forecasting.volatility - INFO - AMZN GARCH                alpha=None RMSE=0.10847 NRMSE=1.27649 R2=-0.62942 IC=-0.22516
2026-08-02 12:50:35,016 - options_risk_engine.forecasting.volatility - INFO - AMZN evaluation complete - best model=Ridge PCA, alpha=1000.0, RMSE=0.09321, NRMSE=1.09690
2026-08-02 12:50:35,021 - options_risk_engine.forecasting.volatility - INFO - HCA starting model evaluation
2026-08-02 12:50:35,022 - options_risk_engine.forecasting.volatility - INFO - HCA has 971 usable rows and 21 features
2026-08-02 12:50:35,023 - options_risk_engine.forecasting.volatility - INFO - Creating model specifications
2026-08-02 12:50:35,023 - options_risk_engine.forecasting.volatility - INFO - Created 34 model configurations
2026-08-02 12:50:35,024 - options_risk_engine.forecasting.volatility - INFO - HCA walk-forward starts at row 284 with window=30, step=30, purge=32
2026-08-02 12:50:52,477 - options_risk_engine.forecasting.volatility - INFO - HCA completed 22 walk-forward folds
2026-08-02 12:50:52,479 - options_risk_engine.forecasting.volatility - INFO - HCA calculating model comparison metrics
2026-08-02 12:50:52,481 - options_risk_engine.forecasting.volatility - INFO - HCA Train Mean           alpha=None RMSE=0.06185 NRMSE=1.02731 R2=-0.05536 IC=-0.00939
2026-08-02 12:50:52,482 - options_risk_engine.forecasting.volatility - INFO - HCA RV20 Baseline        alpha=None RMSE=0.10173 NRMSE=1.68971 R2=-1.85512 IC=-0.14081
2026-08-02 12:50:52,484 - options_risk_engine.forecasting.volatility - INFO - HCA OLS                  alpha=None RMSE=0.21718 NRMSE=3.60714 R2=-12.01145 IC=-0.12365
2026-08-02 12:50:52,486 - options_risk_engine.forecasting.volatility - INFO - HCA OLS PCA              alpha=None RMSE=0.06819 NRMSE=1.13266 R2=-0.28292 IC=-0.01170
2026-08-02 12:50:52,488 - options_risk_engine.forecasting.volatility - INFO - HCA Ridge                alpha=0.0001 RMSE=0.21699 NRMSE=3.60411 R2=-11.98959 IC=-0.12361
2026-08-02 12:50:52,490 - options_risk_engine.forecasting.volatility - INFO - HCA Ridge                alpha=0.001 RMSE=0.21537 NRMSE=3.57711 R2=-11.79572 IC=-0.12328
2026-08-02 12:50:52,491 - options_risk_engine.forecasting.volatility - INFO - HCA Ridge                alpha=0.01 RMSE=0.20064 NRMSE=3.33243 R2=-10.10511 IC=-0.12001
2026-08-02 12:50:52,493 - options_risk_engine.forecasting.volatility - INFO - HCA Ridge                alpha=0.1 RMSE=0.12889 NRMSE=2.14080 R2=-3.58302 IC=-0.08870
2026-08-02 12:50:52,495 - options_risk_engine.forecasting.volatility - INFO - HCA Ridge                alpha=1 RMSE=0.07162 NRMSE=1.18952 R2=-0.41495 IC=0.04605
2026-08-02 12:50:52,496 - options_risk_engine.forecasting.volatility - INFO - HCA Ridge                alpha=10 RMSE=0.06615 NRMSE=1.09873 R2=-0.20721 IC=0.05241
2026-08-02 12:50:52,498 - options_risk_engine.forecasting.volatility - INFO - HCA Ridge                alpha=100 RMSE=0.06632 NRMSE=1.10160 R2=-0.21353 IC=0.00063
2026-08-02 12:50:52,500 - options_risk_engine.forecasting.volatility - INFO - HCA Ridge                alpha=1000 RMSE=0.06539 NRMSE=1.08608 R2=-0.17958 IC=-0.05587
2026-08-02 12:50:52,501 - options_risk_engine.forecasting.volatility - INFO - HCA Ridge PCA            alpha=0.0001 RMSE=0.06819 NRMSE=1.13266 R2=-0.28292 IC=-0.01170
2026-08-02 12:50:52,504 - options_risk_engine.forecasting.volatility - INFO - HCA Ridge PCA            alpha=0.001 RMSE=0.06819 NRMSE=1.13266 R2=-0.28291 IC=-0.01170
2026-08-02 12:50:52,510 - options_risk_engine.forecasting.volatility - INFO - HCA Ridge PCA            alpha=0.01 RMSE=0.06819 NRMSE=1.13266 R2=-0.28291 IC=-0.01170
2026-08-02 12:50:52,534 - options_risk_engine.forecasting.volatility - INFO - HCA Ridge PCA            alpha=0.1 RMSE=0.06819 NRMSE=1.13262 R2=-0.28284 IC=-0.01170
2026-08-02 12:50:52,539 - options_risk_engine.forecasting.volatility - INFO - HCA Ridge PCA            alpha=1 RMSE=0.06817 NRMSE=1.13233 R2=-0.28216 IC=-0.01170
2026-08-02 12:50:52,541 - options_risk_engine.forecasting.volatility - INFO - HCA Ridge PCA            alpha=10 RMSE=0.06801 NRMSE=1.12953 R2=-0.27583 IC=-0.01180
2026-08-02 12:50:52,542 - options_risk_engine.forecasting.volatility - INFO - HCA Ridge PCA            alpha=100 RMSE=0.06702 NRMSE=1.11310 R2=-0.23900 IC=-0.01562
2026-08-02 12:50:52,547 - options_risk_engine.forecasting.volatility - INFO - HCA Ridge PCA            alpha=1000 RMSE=0.06548 NRMSE=1.08756 R2=-0.18278 IC=-0.05877
2026-08-02 12:50:52,550 - options_risk_engine.forecasting.volatility - INFO - HCA Lasso                alpha=0.0001 RMSE=0.15974 NRMSE=2.65314 R2=-6.03913 IC=-0.10930
2026-08-02 12:50:52,553 - options_risk_engine.forecasting.volatility - INFO - HCA Lasso                alpha=0.001 RMSE=0.06882 NRMSE=1.14310 R2=-0.30669 IC=-0.03641
2026-08-02 12:50:52,554 - options_risk_engine.forecasting.volatility - INFO - HCA Lasso                alpha=0.01 RMSE=0.06821 NRMSE=1.13295 R2=-0.28357 IC=-0.13721
2026-08-02 12:50:52,556 - options_risk_engine.forecasting.volatility - INFO - HCA Lasso                alpha=0.1 RMSE=0.06185 NRMSE=1.02731 R2=-0.05536 IC=-0.00939
2026-08-02 12:50:52,558 - options_risk_engine.forecasting.volatility - INFO - HCA Lasso                alpha=1 RMSE=0.06185 NRMSE=1.02731 R2=-0.05536 IC=-0.00939
2026-08-02 12:50:52,560 - options_risk_engine.forecasting.volatility - INFO - HCA Lasso PCA            alpha=0.0001 RMSE=0.06815 NRMSE=1.13189 R2=-0.28118 IC=-0.01299
2026-08-02 12:50:52,561 - options_risk_engine.forecasting.volatility - INFO - HCA Lasso PCA            alpha=0.001 RMSE=0.06776 NRMSE=1.12540 R2=-0.26653 IC=-0.02438
2026-08-02 12:50:52,563 - options_risk_engine.forecasting.volatility - INFO - HCA Lasso PCA            alpha=0.01 RMSE=0.06825 NRMSE=1.13353 R2=-0.28489 IC=-0.14368
2026-08-02 12:50:52,565 - options_risk_engine.forecasting.volatility - INFO - HCA Lasso PCA            alpha=0.1 RMSE=0.06269 NRMSE=1.04120 R2=-0.08409 IC=-0.03019
2026-08-02 12:50:52,566 - options_risk_engine.forecasting.volatility - INFO - HCA Lasso PCA            alpha=1 RMSE=0.06185 NRMSE=1.02731 R2=-0.05536 IC=-0.00939
2026-08-02 12:50:52,568 - options_risk_engine.forecasting.volatility - INFO - HCA Random Forest        alpha=None RMSE=0.08049 NRMSE=1.33687 R2=-0.78722 IC=-0.02608
2026-08-02 12:50:52,570 - options_risk_engine.forecasting.volatility - INFO - HCA Gradient Boosting    alpha=None RMSE=0.08160 NRMSE=1.35523 R2=-0.83665 IC=-0.06482
2026-08-02 12:50:52,572 - options_risk_engine.forecasting.volatility - INFO - HCA HAR-RV               alpha=None RMSE=0.06672 NRMSE=1.10811 R2=-0.22790 IC=-0.04266
2026-08-02 12:50:52,573 - options_risk_engine.forecasting.volatility - INFO - HCA GARCH                alpha=None RMSE=0.06575 NRMSE=1.09207 R2=-0.19261 IC=-0.08205
2026-08-02 12:50:52,574 - options_risk_engine.forecasting.volatility - INFO - HCA evaluation complete - best model=Train Mean, alpha=nan, RMSE=0.06185, NRMSE=1.02731
2026-08-02 12:50:52,584 - options_risk_engine.database - INFO - Stored 238 rows in model_evaluations
2026-08-02 12:50:52,608 - options_risk_engine.pricing.chains - INFO - Downloading option chains for 7 ticker objects
2026-08-02 12:50:52,611 - options_risk_engine.pricing.chains - INFO - Downloading option chain for AAPL nearest to 2026-09-16
2026-08-02 12:50:52,876 - options_risk_engine.pricing.chains - INFO - AAPL chain loaded for 2026-09-18: 93 calls and 74 puts
2026-08-02 12:50:52,877 - options_risk_engine.pricing.chains - INFO - Downloading option chain for MSFT nearest to 2026-09-16
2026-08-02 12:50:53,102 - options_risk_engine.pricing.chains - INFO - MSFT chain loaded for 2026-09-18: 90 calls and 82 puts
2026-08-02 12:50:53,103 - options_risk_engine.pricing.chains - INFO - Downloading option chain for META nearest to 2026-09-16
2026-08-02 12:50:53,280 - options_risk_engine.pricing.chains - INFO - META chain loaded for 2026-09-18: 190 calls and 146 puts
2026-08-02 12:50:53,280 - options_risk_engine.pricing.chains - INFO - Downloading option chain for WMT nearest to 2026-09-16
2026-08-02 12:50:53,411 - options_risk_engine.pricing.chains - INFO - WMT chain loaded for 2026-09-18: 34 calls and 28 puts
2026-08-02 12:50:53,412 - options_risk_engine.pricing.chains - INFO - Downloading option chain for GOOGL nearest to 2026-09-16
2026-08-02 12:50:53,770 - options_risk_engine.pricing.chains - INFO - GOOGL chain loaded for 2026-09-18: 134 calls and 98 puts
2026-08-02 12:50:53,771 - options_risk_engine.pricing.chains - INFO - Downloading option chain for AMZN nearest to 2026-09-16
2026-08-02 12:50:53,907 - options_risk_engine.pricing.chains - INFO - AMZN chain loaded for 2026-09-18: 58 calls and 52 puts
2026-08-02 12:50:53,908 - options_risk_engine.pricing.chains - INFO - Downloading option chain for HCA nearest to 2026-09-16
2026-08-02 12:50:54,157 - options_risk_engine.pricing.chains - INFO - HCA chain loaded for 2026-09-18: 73 calls and 59 puts
2026-08-02 12:50:54,158 - options_risk_engine.pricing.chains - INFO - Option-chain download complete: 7 of 7 tickers loaded
2026-08-02 12:50:54,203 - options_risk_engine.database - INFO - Stored 1211 rows in option_chain_snapshots_full
2026-08-02 12:50:54,222 - options_risk_engine.pricing.chains - INFO - Starting option pricing for 7 ticker objects
2026-08-02 12:50:54,255 - options_risk_engine.pricing.chains - INFO - AAPL beginning option-chain pricing
2026-08-02 12:50:54,260 - options_risk_engine.pricing.chains - INFO - AAPL volatility inputs - RV20: 0.3674, RV60: 0.3201, RV252: 0.2591, forecast: 0.2623
2026-08-02 12:50:54,913 - options_risk_engine.pricing.chains - INFO - AAPL implied volatility calculations complete
2026-08-02 12:50:54,924 - options_risk_engine.pricing.chains - INFO - AAPL put-call parity check: 74 matched strikes, maximum absolute error 0.0000000000
2026-08-02 12:50:54,957 - options_risk_engine.pricing.chains - INFO - AAPL pricing complete — 93 total calls, 74 total puts, 0 highlighted calls and 7 highlighted puts
2026-08-02 12:50:54,957 - options_risk_engine.pricing.chains - INFO - MSFT beginning option-chain pricing
2026-08-02 12:50:54,959 - options_risk_engine.pricing.chains - INFO - MSFT volatility inputs - RV20: 0.6016, RV60: 0.4622, RV252: 0.3193, forecast: 0.2609
2026-08-02 12:50:55,675 - options_risk_engine.pricing.chains - INFO - MSFT implied volatility calculations complete
2026-08-02 12:50:55,680 - options_risk_engine.pricing.chains - INFO - MSFT put-call parity check: 82 matched strikes, maximum absolute error 0.0000000000
2026-08-02 12:50:55,709 - options_risk_engine.pricing.chains - INFO - MSFT pricing complete — 90 total calls, 82 total puts, 0 highlighted calls and 6 highlighted puts
2026-08-02 12:50:55,710 - options_risk_engine.pricing.chains - INFO - META beginning option-chain pricing
2026-08-02 12:50:55,711 - options_risk_engine.pricing.chains - INFO - META volatility inputs - RV20: 0.5162, RV60: 0.4580, RV252: 0.3978, forecast: 0.4131
2026-08-02 12:50:56,992 - options_risk_engine.pricing.chains - INFO - META implied volatility calculations complete
2026-08-02 12:50:56,997 - options_risk_engine.pricing.chains - INFO - META put-call parity check: 130 matched strikes, maximum absolute error 0.0000000000
2026-08-02 12:50:57,027 - options_risk_engine.pricing.chains - INFO - META pricing complete — 190 total calls, 146 total puts, 0 highlighted calls and 19 highlighted puts
2026-08-02 12:50:57,027 - options_risk_engine.pricing.chains - INFO - WMT beginning option-chain pricing
2026-08-02 12:50:57,029 - options_risk_engine.pricing.chains - INFO - WMT volatility inputs - RV20: 0.2209, RV60: 0.2760, RV252: 0.2477, forecast: 0.2065
2026-08-02 12:50:57,408 - options_risk_engine.pricing.chains - INFO - WMT implied volatility calculations complete
2026-08-02 12:50:57,412 - options_risk_engine.pricing.chains - INFO - WMT put-call parity check: 28 matched strikes, maximum absolute error 0.0000000000
2026-08-02 12:50:57,441 - options_risk_engine.pricing.chains - INFO - WMT pricing complete — 34 total calls, 28 total puts, 0 highlighted calls and 2 highlighted puts
2026-08-02 12:50:57,442 - options_risk_engine.pricing.chains - INFO - GOOGL beginning option-chain pricing
2026-08-02 12:50:57,444 - options_risk_engine.pricing.chains - INFO - GOOGL volatility inputs - RV20: 0.4610, RV60: 0.3682, RV252: 0.3212, forecast: 0.3099
2026-08-02 12:50:58,355 - options_risk_engine.pricing.chains - INFO - GOOGL implied volatility calculations complete
2026-08-02 12:50:58,361 - options_risk_engine.pricing.chains - INFO - GOOGL put-call parity check: 96 matched strikes, maximum absolute error 0.0000000000
2026-08-02 12:50:58,422 - options_risk_engine.pricing.chains - INFO - GOOGL pricing complete — 134 total calls, 98 total puts, 0 highlighted calls and 12 highlighted puts
2026-08-02 12:50:58,422 - options_risk_engine.pricing.chains - INFO - AMZN beginning option-chain pricing
2026-08-02 12:50:58,424 - options_risk_engine.pricing.chains - INFO - AMZN volatility inputs - RV20: 0.6195, RV60: 0.4402, RV252: 0.3520, forecast: 0.3413
2026-08-02 12:50:58,991 - options_risk_engine.pricing.chains - INFO - AMZN implied volatility calculations complete
2026-08-02 12:50:58,996 - options_risk_engine.pricing.chains - INFO - AMZN put-call parity check: 52 matched strikes, maximum absolute error 0.0000000000
2026-08-02 12:50:59,026 - options_risk_engine.pricing.chains - INFO - AMZN pricing complete — 58 total calls, 52 total puts, 7 highlighted calls and 2 highlighted puts
2026-08-02 12:50:59,026 - options_risk_engine.pricing.chains - INFO - HCA beginning option-chain pricing
2026-08-02 12:50:59,028 - options_risk_engine.pricing.chains - INFO - HCA volatility inputs - RV20: 0.5051, RV60: 0.3752, RV252: 0.3018, forecast: 0.2788
2026-08-02 12:50:59,428 - options_risk_engine.pricing.chains - INFO - HCA implied volatility calculations complete
2026-08-02 12:50:59,433 - options_risk_engine.pricing.chains - INFO - HCA put-call parity check: 56 matched strikes, maximum absolute error 0.0000000000
2026-08-02 12:50:59,464 - options_risk_engine.pricing.chains - INFO - HCA pricing complete — 73 total calls, 59 total puts, 0 highlighted calls and 0 highlighted puts
2026-08-02 12:50:59,464 - options_risk_engine.pricing.chains - INFO - Option pricing finished — 14 full tables, 14 highlighted tables, 7 parity tables and 0 failed tickers
2026-08-02 12:50:59,496 - options_risk_engine.reporting.tables - INFO - Combined 14 option tables into 1211 rows
2026-08-02 12:50:59,498 - options_risk_engine.validation - INFO - Option-universe validation: {'rows': 1211, 'tickers': 7, 'duplicate_contract_symbols': 0, 'invalid_quotes': 417}
2026-08-02 12:51:00,179 - options_risk_engine.database - INFO - Stored 1211 rows in option_pricing_results
2026-08-02 12:51:00,284 - options_risk_engine.pricing.monte_carlo - INFO - Running 10000 Monte Carlo simulations for AAPL
2026-08-02 12:51:00,285 - options_risk_engine.pricing.monte_carlo - INFO - AAPL starting Monte Carlo simulation
2026-08-02 12:51:00,286 - options_risk_engine.pricing.monte_carlo - INFO - AAPL Monte Carlo inputs - S0: 308.91, sigma: 0.2623, T: 0.1288, steps: 34, simulations: 10000
2026-08-02 12:51:00,308 - options_risk_engine.pricing.monte_carlo - INFO - AAPL Monte Carlo simulation complete
2026-08-02 12:51:00,359 - options_risk_engine.pricing.monte_carlo - INFO - AAPL Monte Carlo profit analysis complete
2026-08-02 12:51:00,359 - options_risk_engine.pricing.monte_carlo - INFO - Running 10000 Monte Carlo simulations for MSFT
2026-08-02 12:51:00,360 - options_risk_engine.pricing.monte_carlo - INFO - MSFT starting Monte Carlo simulation
2026-08-02 12:51:00,361 - options_risk_engine.pricing.monte_carlo - INFO - MSFT Monte Carlo inputs - S0: 464.72, sigma: 0.2609, T: 0.1288, steps: 34, simulations: 10000
2026-08-02 12:51:00,375 - options_risk_engine.pricing.monte_carlo - INFO - MSFT Monte Carlo simulation complete
2026-08-02 12:51:00,436 - options_risk_engine.pricing.monte_carlo - INFO - MSFT Monte Carlo profit analysis complete
2026-08-02 12:51:00,437 - options_risk_engine.pricing.monte_carlo - INFO - Running 10000 Monte Carlo simulations for META
2026-08-02 12:51:00,438 - options_risk_engine.pricing.monte_carlo - INFO - META starting Monte Carlo simulation
2026-08-02 12:51:00,439 - options_risk_engine.pricing.monte_carlo - INFO - META Monte Carlo inputs - S0: 556.71, sigma: 0.4131, T: 0.1288, steps: 34, simulations: 10000
2026-08-02 12:51:00,477 - options_risk_engine.pricing.monte_carlo - INFO - META Monte Carlo simulation complete
2026-08-02 12:51:00,569 - options_risk_engine.pricing.monte_carlo - INFO - META Monte Carlo profit analysis complete
2026-08-02 12:51:00,570 - options_risk_engine.pricing.monte_carlo - INFO - Running 10000 Monte Carlo simulations for WMT
2026-08-02 12:51:00,571 - options_risk_engine.pricing.monte_carlo - INFO - WMT starting Monte Carlo simulation
2026-08-02 12:51:00,571 - options_risk_engine.pricing.monte_carlo - INFO - WMT Monte Carlo inputs - S0: 111.20, sigma: 0.2065, T: 0.1288, steps: 34, simulations: 10000
2026-08-02 12:51:00,587 - options_risk_engine.pricing.monte_carlo - INFO - WMT Monte Carlo simulation complete
2026-08-02 12:51:00,647 - options_risk_engine.pricing.monte_carlo - INFO - WMT Monte Carlo profit analysis complete
2026-08-02 12:51:00,648 - options_risk_engine.pricing.monte_carlo - INFO - Running 10000 Monte Carlo simulations for GOOGL
2026-08-02 12:51:00,648 - options_risk_engine.pricing.monte_carlo - INFO - GOOGL starting Monte Carlo simulation
2026-08-02 12:51:00,649 - options_risk_engine.pricing.monte_carlo - INFO - GOOGL Monte Carlo inputs - S0: 356.13, sigma: 0.3099, T: 0.1288, steps: 34, simulations: 10000
2026-08-02 12:51:00,673 - options_risk_engine.pricing.monte_carlo - INFO - GOOGL Monte Carlo simulation complete
2026-08-02 12:51:00,739 - options_risk_engine.pricing.monte_carlo - INFO - GOOGL Monte Carlo profit analysis complete
2026-08-02 12:51:00,740 - options_risk_engine.pricing.monte_carlo - INFO - Running 10000 Monte Carlo simulations for AMZN
2026-08-02 12:51:00,740 - options_risk_engine.pricing.monte_carlo - INFO - AMZN starting Monte Carlo simulation
2026-08-02 12:51:00,741 - options_risk_engine.pricing.monte_carlo - INFO - AMZN Monte Carlo inputs - S0: 271.58, sigma: 0.3413, T: 0.1288, steps: 34, simulations: 10000
2026-08-02 12:51:00,757 - options_risk_engine.pricing.monte_carlo - INFO - AMZN Monte Carlo simulation complete
2026-08-02 12:51:00,796 - options_risk_engine.pricing.monte_carlo - INFO - AMZN Monte Carlo profit analysis complete
2026-08-02 12:51:00,797 - options_risk_engine.pricing.monte_carlo - INFO - Running 10000 Monte Carlo simulations for HCA
2026-08-02 12:51:00,797 - options_risk_engine.pricing.monte_carlo - INFO - HCA starting Monte Carlo simulation
2026-08-02 12:51:00,798 - options_risk_engine.pricing.monte_carlo - INFO - HCA Monte Carlo inputs - S0: 402.59, sigma: 0.2788, T: 0.1288, steps: 34, simulations: 10000
2026-08-02 12:51:00,812 - options_risk_engine.pricing.monte_carlo - INFO - HCA Monte Carlo simulation complete
2026-08-02 12:51:00,854 - options_risk_engine.pricing.monte_carlo - INFO - HCA Monte Carlo profit analysis complete
2026-08-02 12:51:00,866 - options_risk_engine.reporting.tables - INFO - Combined 14 option tables into 1211 rows
2026-08-02 12:51:00,892 - options_risk_engine.reporting.tables - INFO - Created findings table with 52 groups
2026-08-02 12:51:00,941 - options_risk_engine.risk.portfolio - INFO - Preparing option universe for the portfolio risk engine: 1211 rows
2026-08-02 12:51:00,946 - options_risk_engine.risk.portfolio - INFO - Risk-engine input cleaned: 959 usable option rows; 252 rows removed
2026-08-02 12:51:00,950 - options_risk_engine.risk.portfolio - INFO - Created reproducible test option positions: 471 long and 488 short
2026-08-02 12:51:00,954 - options_risk_engine.risk.portfolio - INFO - Added 7 share positions; combined portfolio now contains 966 rows
2026-08-02 12:51:00,957 - options_risk_engine.risk.portfolio - INFO - Portfolio positions prepared: gross market value 17747056.90; current P&L -64853.89
2026-08-02 12:51:00,959 - options_risk_engine.risk.portfolio - INFO - Building current portfolio risk summary from 966 positions
2026-08-02 12:51:00,965 - options_risk_engine.risk.portfolio - INFO - Ticker-level risk calculated for 7 tickers
2026-08-02 12:51:00,967 - options_risk_engine.risk.portfolio - INFO - Portfolio risk summary complete: net value -695290.30; gross value 17747056.90; delta 1592.81
2026-08-02 12:51:01,714 - options_risk_engine.database - INFO - Stored 966 rows in portfolio_positions
2026-08-02 12:51:01,719 - options_risk_engine.database - INFO - Stored 8 rows in portfolio_risk
2026-08-02 12:51:01,726 - options_risk_engine.risk.scenarios - INFO - Generating 1000 random scenarios with up to 30 days forward; seed=42
2026-08-02 12:51:01,730 - options_risk_engine.risk.scenarios - INFO - Scenario generation complete: 1001 total rows including BASE
2026-08-02 12:51:01,756 - options_risk_engine.risk.scenarios - INFO - Starting scenario engine: 966 positions across 1001 scenarios
2026-08-02 12:51:01,759 - options_risk_engine.risk.scenarios - INFO - Scenario positions classified: 565 calls, 394 puts and 7 shares
2026-08-02 12:51:01,781 - options_risk_engine.risk.scenarios - INFO - Base model prices calculated for 966 positions
2026-08-02 12:51:01,803 - options_risk_engine.risk.scenarios - INFO - Revaluing scenario 1/1001: BASE
2026-08-02 12:51:02,153 - options_risk_engine.risk.scenarios - INFO - Revaluing scenario 100/1001: R0099
2026-08-02 12:51:02,499 - options_risk_engine.risk.scenarios - INFO - Revaluing scenario 200/1001: R0199
2026-08-02 12:51:02,846 - options_risk_engine.risk.scenarios - INFO - Revaluing scenario 300/1001: R0299
2026-08-02 12:51:03,193 - options_risk_engine.risk.scenarios - INFO - Revaluing scenario 400/1001: R0399
2026-08-02 12:51:03,536 - options_risk_engine.risk.scenarios - INFO - Revaluing scenario 500/1001: R0499
2026-08-02 12:51:03,891 - options_risk_engine.risk.scenarios - INFO - Revaluing scenario 600/1001: R0599
2026-08-02 12:51:04,244 - options_risk_engine.risk.scenarios - INFO - Revaluing scenario 700/1001: R0699
2026-08-02 12:51:04,730 - options_risk_engine.risk.scenarios - INFO - Revaluing scenario 800/1001: R0799
2026-08-02 12:51:05,078 - options_risk_engine.risk.scenarios - INFO - Revaluing scenario 900/1001: R0899
2026-08-02 12:51:05,425 - options_risk_engine.risk.scenarios - INFO - Revaluing scenario 1000/1001: R0999
2026-08-02 12:51:05,429 - options_risk_engine.risk.scenarios - INFO - Revaluing scenario 1001/1001: R1000
2026-08-02 12:51:05,560 - options_risk_engine.risk.scenarios - INFO - Position-level scenario results created: 966966 rows
2026-08-02 12:51:06,121 - options_risk_engine.risk.scenarios - INFO - Analysing scenario outputs: 966966 position rows, 7007 ticker rows and 1001 portfolio rows
2026-08-02 12:51:06,190 - options_risk_engine.risk.scenarios - INFO - Base scenario validation passed: portfolio P&L 0.00000000
2026-08-02 12:51:06,192 - options_risk_engine.risk.scenarios - INFO - All scenario positions were repriced successfully
2026-08-02 12:51:06,195 - options_risk_engine.risk.scenarios - INFO - Scenario distribution analysed: worst P&L -258974.50; 5th percentile -62652.47; probability of loss 56.20%
2026-08-02 12:51:06,247 - options_risk_engine.risk.scenarios - WARNING - 11 portfolio scenarios breached the 100000.00 loss limit
2026-08-02 12:51:06,247 - options_risk_engine.risk.scenarios - WARNING - 1473 ticker-scenario rows breached the 25000.00 loss limit
2026-08-02 12:51:06,248 - options_risk_engine.risk.scenarios - INFO - Scenario analysis complete; worst scenario is R0950
2026-08-02 12:51:07,621 - options_risk_engine.risk.attribution - INFO - Starting Greek P&L attribution
2026-08-02 13:11:25,698 - options_risk_engine.database - INFO - SQLite database initialised at /Users/sam/Progressive-Projects/Projects/Option Pricer N Risk Engine/src/data/options_risk_engine.db
2026-08-02 13:11:26,083 - options_risk_engine.data.market_data - INFO - Downloading historical data for 7 symbols
2026-08-02 13:11:26,938 - options_risk_engine.data.market_data - INFO - Historical data downloaded: 1255 rows
2026-08-02 13:11:30,066 - options_risk_engine.database - INFO - Stored 8785 rows in equity_prices
2026-08-02 13:11:30,138 - options_risk_engine.data.market_data - INFO - Feature dataset created: 1255 rows, 21 engineered features per ticker
2026-08-02 13:11:30,734 - options_risk_engine.database - INFO - Stored 1255 rows in volatility_features
2026-08-02 13:11:32,502 - options_risk_engine.forecasting.volatility - INFO - AAPL starting model evaluation
2026-08-02 13:11:32,504 - options_risk_engine.forecasting.volatility - INFO - AAPL has 971 usable rows and 21 features
2026-08-02 13:11:32,505 - options_risk_engine.forecasting.volatility - INFO - Creating model specifications
2026-08-02 13:11:32,505 - options_risk_engine.forecasting.volatility - INFO - Created 34 model configurations
2026-08-02 13:11:32,506 - options_risk_engine.forecasting.volatility - INFO - AAPL walk-forward starts at row 284 with window=30, step=30, purge=32
2026-08-02 13:11:52,903 - options_risk_engine.forecasting.volatility - INFO - AAPL completed 22 walk-forward folds
2026-08-02 13:11:52,906 - options_risk_engine.forecasting.volatility - INFO - AAPL calculating model comparison metrics
2026-08-02 13:11:52,909 - options_risk_engine.forecasting.volatility - INFO - AAPL Train Mean           alpha=None RMSE=0.10960 NRMSE=1.04761 R2=-0.09748 IC=-0.48458
2026-08-02 13:11:52,912 - options_risk_engine.forecasting.volatility - INFO - AAPL RV20 Baseline        alpha=None RMSE=0.13733 NRMSE=1.31268 R2=-0.72312 IC=0.22482
2026-08-02 13:11:52,914 - options_risk_engine.forecasting.volatility - INFO - AAPL OLS                  alpha=None RMSE=0.14282 NRMSE=1.36521 R2=-0.86379 IC=-0.02723
2026-08-02 13:11:52,917 - options_risk_engine.forecasting.volatility - INFO - AAPL OLS PCA              alpha=None RMSE=0.12644 NRMSE=1.20862 R2=-0.46076 IC=0.00080
2026-08-02 13:11:52,919 - options_risk_engine.forecasting.volatility - INFO - AAPL Ridge                alpha=0.0001 RMSE=0.14282 NRMSE=1.36520 R2=-0.86377 IC=-0.02723
2026-08-02 13:11:52,921 - options_risk_engine.forecasting.volatility - INFO - AAPL Ridge                alpha=0.001 RMSE=0.14281 NRMSE=1.36512 R2=-0.86356 IC=-0.02721
2026-08-02 13:11:52,923 - options_risk_engine.forecasting.volatility - INFO - AAPL Ridge                alpha=0.01 RMSE=0.14273 NRMSE=1.36436 R2=-0.86148 IC=-0.02704
2026-08-02 13:11:52,926 - options_risk_engine.forecasting.volatility - INFO - AAPL Ridge                alpha=0.1 RMSE=0.14201 NRMSE=1.35748 R2=-0.84274 IC=-0.02493
2026-08-02 13:11:52,929 - options_risk_engine.forecasting.volatility - INFO - AAPL Ridge                alpha=1 RMSE=0.13805 NRMSE=1.31959 R2=-0.74132 IC=-0.00726
2026-08-02 13:11:52,931 - options_risk_engine.forecasting.volatility - INFO - AAPL Ridge                alpha=10 RMSE=0.12879 NRMSE=1.23109 R2=-0.51558 IC=0.03284
2026-08-02 13:11:52,933 - options_risk_engine.forecasting.volatility - INFO - AAPL Ridge                alpha=100 RMSE=0.11727 NRMSE=1.12098 R2=-0.25659 IC=0.08764
2026-08-02 13:11:52,936 - options_risk_engine.forecasting.volatility - INFO - AAPL Ridge                alpha=1000 RMSE=0.10993 NRMSE=1.05079 R2=-0.10416 IC=0.14536
2026-08-02 13:11:52,938 - options_risk_engine.forecasting.volatility - INFO - AAPL Ridge PCA            alpha=0.0001 RMSE=0.12644 NRMSE=1.20862 R2=-0.46076 IC=0.00080
2026-08-02 13:11:52,941 - options_risk_engine.forecasting.volatility - INFO - AAPL Ridge PCA            alpha=0.001 RMSE=0.12644 NRMSE=1.20862 R2=-0.46075 IC=0.00080
2026-08-02 13:11:52,943 - options_risk_engine.forecasting.volatility - INFO - AAPL Ridge PCA            alpha=0.01 RMSE=0.12644 NRMSE=1.20860 R2=-0.46072 IC=0.00081
2026-08-02 13:11:52,947 - options_risk_engine.forecasting.volatility - INFO - AAPL Ridge PCA            alpha=0.1 RMSE=0.12643 NRMSE=1.20847 R2=-0.46039 IC=0.00091
2026-08-02 13:11:52,949 - options_risk_engine.forecasting.volatility - INFO - AAPL Ridge PCA            alpha=1 RMSE=0.12628 NRMSE=1.20711 R2=-0.45711 IC=0.00188
2026-08-02 13:11:52,952 - options_risk_engine.forecasting.volatility - INFO - AAPL Ridge PCA            alpha=10 RMSE=0.12498 NRMSE=1.19461 R2=-0.42710 IC=0.01113
2026-08-02 13:11:52,954 - options_risk_engine.forecasting.volatility - INFO - AAPL Ridge PCA            alpha=100 RMSE=0.11804 NRMSE=1.12834 R2=-0.27315 IC=0.07141
2026-08-02 13:11:52,956 - options_risk_engine.forecasting.volatility - INFO - AAPL Ridge PCA            alpha=1000 RMSE=0.11031 NRMSE=1.05443 R2=-0.11183 IC=0.14089
2026-08-02 13:11:52,960 - options_risk_engine.forecasting.volatility - INFO - AAPL Lasso                alpha=0.0001 RMSE=0.14003 NRMSE=1.33849 R2=-0.79157 IC=-0.01808
2026-08-02 13:11:52,962 - options_risk_engine.forecasting.volatility - INFO - AAPL Lasso                alpha=0.001 RMSE=0.12662 NRMSE=1.21037 R2=-0.46499 IC=0.01207
2026-08-02 13:11:52,964 - options_risk_engine.forecasting.volatility - INFO - AAPL Lasso                alpha=0.01 RMSE=0.11395 NRMSE=1.08925 R2=-0.18646 IC=0.04100
2026-08-02 13:11:52,974 - options_risk_engine.forecasting.volatility - INFO - AAPL Lasso                alpha=0.1 RMSE=0.10960 NRMSE=1.04761 R2=-0.09748 IC=-0.48458
2026-08-02 13:11:52,977 - options_risk_engine.forecasting.volatility - INFO - AAPL Lasso                alpha=1 RMSE=0.10960 NRMSE=1.04761 R2=-0.09748 IC=-0.48458
2026-08-02 13:11:52,979 - options_risk_engine.forecasting.volatility - INFO - AAPL Lasso PCA            alpha=0.0001 RMSE=0.12637 NRMSE=1.20794 R2=-0.45911 IC=0.00095
2026-08-02 13:11:52,995 - options_risk_engine.forecasting.volatility - INFO - AAPL Lasso PCA            alpha=0.001 RMSE=0.12570 NRMSE=1.20156 R2=-0.44375 IC=0.00222
2026-08-02 13:11:53,023 - options_risk_engine.forecasting.volatility - INFO - AAPL Lasso PCA            alpha=0.01 RMSE=0.11686 NRMSE=1.11705 R2=-0.24780 IC=0.06681
2026-08-02 13:11:53,028 - options_risk_engine.forecasting.volatility - INFO - AAPL Lasso PCA            alpha=0.1 RMSE=0.10562 NRMSE=1.00955 R2=-0.01918 IC=0.05694
2026-08-02 13:11:53,037 - options_risk_engine.forecasting.volatility - INFO - AAPL Lasso PCA            alpha=1 RMSE=0.10960 NRMSE=1.04761 R2=-0.09748 IC=-0.48458
2026-08-02 13:11:53,040 - options_risk_engine.forecasting.volatility - INFO - AAPL Random Forest        alpha=None RMSE=0.13724 NRMSE=1.31182 R2=-0.72087 IC=-0.03991
2026-08-02 13:11:53,042 - options_risk_engine.forecasting.volatility - INFO - AAPL Gradient Boosting    alpha=None RMSE=0.12886 NRMSE=1.23174 R2=-0.51719 IC=-0.03793
2026-08-02 13:11:53,044 - options_risk_engine.forecasting.volatility - INFO - AAPL HAR-RV               alpha=None RMSE=0.12635 NRMSE=1.20779 R2=-0.45875 IC=-0.01064
2026-08-02 13:11:53,047 - options_risk_engine.forecasting.volatility - INFO - AAPL GARCH                alpha=None RMSE=0.11599 NRMSE=1.10875 R2=-0.22933 IC=0.14354
2026-08-02 13:11:53,054 - options_risk_engine.forecasting.volatility - INFO - AAPL evaluation complete - best model=Lasso PCA, alpha=0.1, RMSE=0.10562, NRMSE=1.00955
2026-08-02 13:11:53,061 - options_risk_engine.forecasting.volatility - INFO - MSFT starting model evaluation
2026-08-02 13:11:53,063 - options_risk_engine.forecasting.volatility - INFO - MSFT has 971 usable rows and 21 features
2026-08-02 13:11:53,063 - options_risk_engine.forecasting.volatility - INFO - Creating model specifications
2026-08-02 13:11:53,064 - options_risk_engine.forecasting.volatility - INFO - Created 34 model configurations
2026-08-02 13:11:53,065 - options_risk_engine.forecasting.volatility - INFO - MSFT walk-forward starts at row 284 with window=30, step=30, purge=32
2026-08-02 13:12:11,953 - options_risk_engine.forecasting.volatility - INFO - MSFT completed 22 walk-forward folds
2026-08-02 13:12:11,954 - options_risk_engine.forecasting.volatility - INFO - MSFT calculating model comparison metrics
2026-08-02 13:12:11,957 - options_risk_engine.forecasting.volatility - INFO - MSFT Train Mean           alpha=None RMSE=0.08842 NRMSE=1.18225 R2=-0.39772 IC=-0.35506
2026-08-02 13:12:11,959 - options_risk_engine.forecasting.volatility - INFO - MSFT RV20 Baseline        alpha=None RMSE=0.10463 NRMSE=1.39906 R2=-0.95737 IC=0.12329
2026-08-02 13:12:11,961 - options_risk_engine.forecasting.volatility - INFO - MSFT OLS                  alpha=None RMSE=0.09843 NRMSE=1.31606 R2=-0.73202 IC=-0.01404
2026-08-02 13:12:11,962 - options_risk_engine.forecasting.volatility - INFO - MSFT OLS PCA              alpha=None RMSE=0.09562 NRMSE=1.27859 R2=-0.63480 IC=-0.07146
2026-08-02 13:12:11,964 - options_risk_engine.forecasting.volatility - INFO - MSFT Ridge                alpha=0.0001 RMSE=0.09843 NRMSE=1.31606 R2=-0.73202 IC=-0.01406
2026-08-02 13:12:11,966 - options_risk_engine.forecasting.volatility - INFO - MSFT Ridge                alpha=0.001 RMSE=0.09843 NRMSE=1.31606 R2=-0.73201 IC=-0.01430
2026-08-02 13:12:11,968 - options_risk_engine.forecasting.volatility - INFO - MSFT Ridge                alpha=0.01 RMSE=0.09842 NRMSE=1.31602 R2=-0.73190 IC=-0.01655
2026-08-02 13:12:11,970 - options_risk_engine.forecasting.volatility - INFO - MSFT Ridge                alpha=0.1 RMSE=0.09836 NRMSE=1.31518 R2=-0.72970 IC=-0.03094
2026-08-02 13:12:11,971 - options_risk_engine.forecasting.volatility - INFO - MSFT Ridge                alpha=1 RMSE=0.09780 NRMSE=1.30775 R2=-0.71020 IC=-0.05072
2026-08-02 13:12:11,973 - options_risk_engine.forecasting.volatility - INFO - MSFT Ridge                alpha=10 RMSE=0.09637 NRMSE=1.28861 R2=-0.66052 IC=-0.05241
2026-08-02 13:12:11,975 - options_risk_engine.forecasting.volatility - INFO - MSFT Ridge                alpha=100 RMSE=0.09140 NRMSE=1.22216 R2=-0.49368 IC=-0.03740
2026-08-02 13:12:11,977 - options_risk_engine.forecasting.volatility - INFO - MSFT Ridge                alpha=1000 RMSE=0.08417 NRMSE=1.12539 R2=-0.26651 IC=-0.03361
2026-08-02 13:12:11,978 - options_risk_engine.forecasting.volatility - INFO - MSFT Ridge PCA            alpha=0.0001 RMSE=0.09562 NRMSE=1.27859 R2=-0.63480 IC=-0.07146
2026-08-02 13:12:11,980 - options_risk_engine.forecasting.volatility - INFO - MSFT Ridge PCA            alpha=0.001 RMSE=0.09562 NRMSE=1.27859 R2=-0.63480 IC=-0.07146
2026-08-02 13:12:11,982 - options_risk_engine.forecasting.volatility - INFO - MSFT Ridge PCA            alpha=0.01 RMSE=0.09562 NRMSE=1.27858 R2=-0.63478 IC=-0.07145
2026-08-02 13:12:11,983 - options_risk_engine.forecasting.volatility - INFO - MSFT Ridge PCA            alpha=0.1 RMSE=0.09562 NRMSE=1.27849 R2=-0.63455 IC=-0.07142
2026-08-02 13:12:11,985 - options_risk_engine.forecasting.volatility - INFO - MSFT Ridge PCA            alpha=1 RMSE=0.09555 NRMSE=1.27761 R2=-0.63228 IC=-0.07109
2026-08-02 13:12:11,987 - options_risk_engine.forecasting.volatility - INFO - MSFT Ridge PCA            alpha=10 RMSE=0.09492 NRMSE=1.26923 R2=-0.61096 IC=-0.06792
2026-08-02 13:12:11,988 - options_risk_engine.forecasting.volatility - INFO - MSFT Ridge PCA            alpha=100 RMSE=0.09097 NRMSE=1.21631 R2=-0.47942 IC=-0.04783
2026-08-02 13:12:11,989 - options_risk_engine.forecasting.volatility - INFO - MSFT Ridge PCA            alpha=1000 RMSE=0.08422 NRMSE=1.12610 R2=-0.26810 IC=-0.03965
2026-08-02 13:12:11,992 - options_risk_engine.forecasting.volatility - INFO - MSFT Lasso                alpha=0.0001 RMSE=0.09819 NRMSE=1.31288 R2=-0.72367 IC=-0.03737
2026-08-02 13:12:11,993 - options_risk_engine.forecasting.volatility - INFO - MSFT Lasso                alpha=0.001 RMSE=0.09536 NRMSE=1.27508 R2=-0.62582 IC=-0.08360
2026-08-02 13:12:11,995 - options_risk_engine.forecasting.volatility - INFO - MSFT Lasso                alpha=0.01 RMSE=0.08695 NRMSE=1.16263 R2=-0.35170 IC=-0.11585
2026-08-02 13:12:11,997 - options_risk_engine.forecasting.volatility - INFO - MSFT Lasso                alpha=0.1 RMSE=0.08842 NRMSE=1.18225 R2=-0.39772 IC=-0.35506
2026-08-02 13:12:11,998 - options_risk_engine.forecasting.volatility - INFO - MSFT Lasso                alpha=1 RMSE=0.08842 NRMSE=1.18225 R2=-0.39772 IC=-0.35506
2026-08-02 13:12:12,000 - options_risk_engine.forecasting.volatility - INFO - MSFT Lasso PCA            alpha=0.0001 RMSE=0.09551 NRMSE=1.27701 R2=-0.63076 IC=-0.07138
2026-08-02 13:12:12,001 - options_risk_engine.forecasting.volatility - INFO - MSFT Lasso PCA            alpha=0.001 RMSE=0.09455 NRMSE=1.26416 R2=-0.59810 IC=-0.07083
2026-08-02 13:12:12,003 - options_risk_engine.forecasting.volatility - INFO - MSFT Lasso PCA            alpha=0.01 RMSE=0.08802 NRMSE=1.17691 R2=-0.38513 IC=-0.07801
2026-08-02 13:12:12,004 - options_risk_engine.forecasting.volatility - INFO - MSFT Lasso PCA            alpha=0.1 RMSE=0.08625 NRMSE=1.15323 R2=-0.32995 IC=-0.29033
2026-08-02 13:12:12,006 - options_risk_engine.forecasting.volatility - INFO - MSFT Lasso PCA            alpha=1 RMSE=0.08842 NRMSE=1.18225 R2=-0.39772 IC=-0.35506
2026-08-02 13:12:12,007 - options_risk_engine.forecasting.volatility - INFO - MSFT Random Forest        alpha=None RMSE=0.10476 NRMSE=1.40076 R2=-0.96212 IC=-0.06819
2026-08-02 13:12:12,009 - options_risk_engine.forecasting.volatility - INFO - MSFT Gradient Boosting    alpha=None RMSE=0.10134 NRMSE=1.35502 R2=-0.83607 IC=-0.06631
2026-08-02 13:12:12,011 - options_risk_engine.forecasting.volatility - INFO - MSFT HAR-RV               alpha=None RMSE=0.09716 NRMSE=1.29912 R2=-0.68770 IC=-0.13338
2026-08-02 13:12:12,013 - options_risk_engine.forecasting.volatility - INFO - MSFT GARCH                alpha=None RMSE=0.08325 NRMSE=1.11313 R2=-0.23906 IC=0.04315
2026-08-02 13:12:12,014 - options_risk_engine.forecasting.volatility - INFO - MSFT evaluation complete - best model=GARCH, alpha=nan, RMSE=0.08325, NRMSE=1.11313
2026-08-02 13:12:12,018 - options_risk_engine.forecasting.volatility - INFO - META starting model evaluation
2026-08-02 13:12:12,020 - options_risk_engine.forecasting.volatility - INFO - META has 971 usable rows and 21 features
2026-08-02 13:12:12,020 - options_risk_engine.forecasting.volatility - INFO - Creating model specifications
2026-08-02 13:12:12,021 - options_risk_engine.forecasting.volatility - INFO - Created 34 model configurations
2026-08-02 13:12:12,021 - options_risk_engine.forecasting.volatility - INFO - META walk-forward starts at row 284 with window=30, step=30, purge=32
2026-08-02 13:12:32,090 - options_risk_engine.forecasting.volatility - INFO - META completed 22 walk-forward folds
2026-08-02 13:12:32,093 - options_risk_engine.forecasting.volatility - INFO - META calculating model comparison metrics
2026-08-02 13:12:32,096 - options_risk_engine.forecasting.volatility - INFO - META Train Mean           alpha=None RMSE=0.14507 NRMSE=1.19096 R2=-0.41839 IC=-0.12845
2026-08-02 13:12:32,098 - options_risk_engine.forecasting.volatility - INFO - META RV20 Baseline        alpha=None RMSE=0.20570 NRMSE=1.68873 R2=-1.85181 IC=-0.17340
2026-08-02 13:12:32,100 - options_risk_engine.forecasting.volatility - INFO - META OLS                  alpha=None RMSE=0.20237 NRMSE=1.66145 R2=-1.76041 IC=-0.12234
2026-08-02 13:12:32,101 - options_risk_engine.forecasting.volatility - INFO - META OLS PCA              alpha=None RMSE=0.15624 NRMSE=1.28268 R2=-0.64527 IC=0.02020
2026-08-02 13:12:32,103 - options_risk_engine.forecasting.volatility - INFO - META Ridge                alpha=0.0001 RMSE=0.20235 NRMSE=1.66124 R2=-1.75971 IC=-0.12232
2026-08-02 13:12:32,105 - options_risk_engine.forecasting.volatility - INFO - META Ridge                alpha=0.001 RMSE=0.20212 NRMSE=1.65937 R2=-1.75350 IC=-0.12216
2026-08-02 13:12:32,107 - options_risk_engine.forecasting.volatility - INFO - META Ridge                alpha=0.01 RMSE=0.19996 NRMSE=1.64165 R2=-1.69501 IC=-0.12046
2026-08-02 13:12:32,109 - options_risk_engine.forecasting.volatility - INFO - META Ridge                alpha=0.1 RMSE=0.18614 NRMSE=1.52815 R2=-1.33523 IC=-0.10331
2026-08-02 13:12:32,111 - options_risk_engine.forecasting.volatility - INFO - META Ridge                alpha=1 RMSE=0.16780 NRMSE=1.37760 R2=-0.89779 IC=-0.04000
2026-08-02 13:12:32,113 - options_risk_engine.forecasting.volatility - INFO - META Ridge                alpha=10 RMSE=0.16220 NRMSE=1.33163 R2=-0.77324 IC=0.00200
2026-08-02 13:12:32,115 - options_risk_engine.forecasting.volatility - INFO - META Ridge                alpha=100 RMSE=0.14859 NRMSE=1.21988 R2=-0.48810 IC=-0.00626
2026-08-02 13:12:32,116 - options_risk_engine.forecasting.volatility - INFO - META Ridge                alpha=1000 RMSE=0.13927 NRMSE=1.14336 R2=-0.30727 IC=-0.13577
2026-08-02 13:12:32,118 - options_risk_engine.forecasting.volatility - INFO - META Ridge PCA            alpha=0.0001 RMSE=0.15624 NRMSE=1.28268 R2=-0.64527 IC=0.02020
2026-08-02 13:12:32,120 - options_risk_engine.forecasting.volatility - INFO - META Ridge PCA            alpha=0.001 RMSE=0.15624 NRMSE=1.28268 R2=-0.64527 IC=0.02020
2026-08-02 13:12:32,121 - options_risk_engine.forecasting.volatility - INFO - META Ridge PCA            alpha=0.01 RMSE=0.15624 NRMSE=1.28267 R2=-0.64524 IC=0.02020
2026-08-02 13:12:32,123 - options_risk_engine.forecasting.volatility - INFO - META Ridge PCA            alpha=0.1 RMSE=0.15622 NRMSE=1.28257 R2=-0.64497 IC=0.02017
2026-08-02 13:12:32,125 - options_risk_engine.forecasting.volatility - INFO - META Ridge PCA            alpha=1 RMSE=0.15610 NRMSE=1.28154 R2=-0.64235 IC=0.01986
2026-08-02 13:12:32,126 - options_risk_engine.forecasting.volatility - INFO - META Ridge PCA            alpha=10 RMSE=0.15492 NRMSE=1.27188 R2=-0.61768 IC=0.01678
2026-08-02 13:12:32,128 - options_risk_engine.forecasting.volatility - INFO - META Ridge PCA            alpha=100 RMSE=0.14773 NRMSE=1.21280 R2=-0.47090 IC=-0.01070
2026-08-02 13:12:32,130 - options_risk_engine.forecasting.volatility - INFO - META Ridge PCA            alpha=1000 RMSE=0.13981 NRMSE=1.14781 R2=-0.31746 IC=-0.13662
2026-08-02 13:12:32,132 - options_risk_engine.forecasting.volatility - INFO - META Lasso                alpha=0.0001 RMSE=0.18685 NRMSE=1.53401 R2=-1.35317 IC=-0.12708
2026-08-02 13:12:32,134 - options_risk_engine.forecasting.volatility - INFO - META Lasso                alpha=0.001 RMSE=0.16370 NRMSE=1.34396 R2=-0.80623 IC=0.00980
2026-08-02 13:12:32,135 - options_risk_engine.forecasting.volatility - INFO - META Lasso                alpha=0.01 RMSE=0.15531 NRMSE=1.27504 R2=-0.62573 IC=0.01041
2026-08-02 13:12:32,137 - options_risk_engine.forecasting.volatility - INFO - META Lasso                alpha=0.1 RMSE=0.14562 NRMSE=1.19553 R2=-0.42928 IC=-0.13743
2026-08-02 13:12:32,139 - options_risk_engine.forecasting.volatility - INFO - META Lasso                alpha=1 RMSE=0.14507 NRMSE=1.19096 R2=-0.41839 IC=-0.12845
2026-08-02 13:12:32,140 - options_risk_engine.forecasting.volatility - INFO - META Lasso PCA            alpha=0.0001 RMSE=0.15614 NRMSE=1.28192 R2=-0.64331 IC=0.01987
2026-08-02 13:12:32,142 - options_risk_engine.forecasting.volatility - INFO - META Lasso PCA            alpha=0.001 RMSE=0.15532 NRMSE=1.27517 R2=-0.62606 IC=0.01679
2026-08-02 13:12:32,144 - options_risk_engine.forecasting.volatility - INFO - META Lasso PCA            alpha=0.01 RMSE=0.14884 NRMSE=1.22192 R2=-0.49308 IC=-0.02273
2026-08-02 13:12:32,146 - options_risk_engine.forecasting.volatility - INFO - META Lasso PCA            alpha=0.1 RMSE=0.14774 NRMSE=1.21292 R2=-0.47117 IC=-0.26553
2026-08-02 13:12:32,148 - options_risk_engine.forecasting.volatility - INFO - META Lasso PCA            alpha=1 RMSE=0.14507 NRMSE=1.19096 R2=-0.41839 IC=-0.12845
2026-08-02 13:12:32,150 - options_risk_engine.forecasting.volatility - INFO - META Random Forest        alpha=None RMSE=0.16800 NRMSE=1.37923 R2=-0.90227 IC=-0.09720
2026-08-02 13:12:32,152 - options_risk_engine.forecasting.volatility - INFO - META Gradient Boosting    alpha=None RMSE=0.15035 NRMSE=1.23435 R2=-0.52363 IC=0.03322
2026-08-02 13:12:32,154 - options_risk_engine.forecasting.volatility - INFO - META HAR-RV               alpha=None RMSE=0.16757 NRMSE=1.37573 R2=-0.89263 IC=0.01569
2026-08-02 13:12:32,156 - options_risk_engine.forecasting.volatility - INFO - META GARCH                alpha=None RMSE=0.21776 NRMSE=1.78777 R2=-2.19612 IC=-0.01975
2026-08-02 13:12:32,157 - options_risk_engine.forecasting.volatility - INFO - META evaluation complete - best model=Ridge, alpha=1000.0, RMSE=0.13927, NRMSE=1.14336
2026-08-02 13:12:32,164 - options_risk_engine.forecasting.volatility - INFO - WMT starting model evaluation
2026-08-02 13:12:32,166 - options_risk_engine.forecasting.volatility - INFO - WMT has 971 usable rows and 21 features
2026-08-02 13:12:32,167 - options_risk_engine.forecasting.volatility - INFO - Creating model specifications
2026-08-02 13:12:32,167 - options_risk_engine.forecasting.volatility - INFO - Created 34 model configurations
2026-08-02 13:12:32,168 - options_risk_engine.forecasting.volatility - INFO - WMT walk-forward starts at row 284 with window=30, step=30, purge=32
2026-08-02 13:12:51,278 - options_risk_engine.forecasting.volatility - INFO - WMT completed 22 walk-forward folds
2026-08-02 13:12:51,279 - options_risk_engine.forecasting.volatility - INFO - WMT calculating model comparison metrics
2026-08-02 13:12:51,281 - options_risk_engine.forecasting.volatility - INFO - WMT Train Mean           alpha=None RMSE=0.07943 NRMSE=1.12322 R2=-0.26161 IC=0.23052
2026-08-02 13:12:51,283 - options_risk_engine.forecasting.volatility - INFO - WMT RV20 Baseline        alpha=None RMSE=0.09972 NRMSE=1.41001 R2=-0.98812 IC=0.16391
2026-08-02 13:12:51,285 - options_risk_engine.forecasting.volatility - INFO - WMT OLS                  alpha=None RMSE=0.10481 NRMSE=1.48210 R2=-1.19663 IC=-0.01525
2026-08-02 13:12:51,287 - options_risk_engine.forecasting.volatility - INFO - WMT OLS PCA              alpha=None RMSE=0.08305 NRMSE=1.17429 R2=-0.37896 IC=0.03277
2026-08-02 13:12:51,288 - options_risk_engine.forecasting.volatility - INFO - WMT Ridge                alpha=0.0001 RMSE=0.10481 NRMSE=1.48200 R2=-1.19633 IC=-0.01526
2026-08-02 13:12:51,290 - options_risk_engine.forecasting.volatility - INFO - WMT Ridge                alpha=0.001 RMSE=0.10474 NRMSE=1.48109 R2=-1.19361 IC=-0.01531
2026-08-02 13:12:51,291 - options_risk_engine.forecasting.volatility - INFO - WMT Ridge                alpha=0.01 RMSE=0.10413 NRMSE=1.47246 R2=-1.16813 IC=-0.01579
2026-08-02 13:12:51,293 - options_risk_engine.forecasting.volatility - INFO - WMT Ridge                alpha=0.1 RMSE=0.10027 NRMSE=1.41783 R2=-1.01024 IC=-0.01895
2026-08-02 13:12:51,295 - options_risk_engine.forecasting.volatility - INFO - WMT Ridge                alpha=1 RMSE=0.09354 NRMSE=1.32271 R2=-0.74956 IC=-0.01860
2026-08-02 13:12:51,297 - options_risk_engine.forecasting.volatility - INFO - WMT Ridge                alpha=10 RMSE=0.08761 NRMSE=1.23883 R2=-0.53469 IC=0.02083
2026-08-02 13:12:51,298 - options_risk_engine.forecasting.volatility - INFO - WMT Ridge                alpha=100 RMSE=0.08149 NRMSE=1.15225 R2=-0.32768 IC=0.07524
2026-08-02 13:12:51,300 - options_risk_engine.forecasting.volatility - INFO - WMT Ridge                alpha=1000 RMSE=0.07914 NRMSE=1.11904 R2=-0.25225 IC=0.11964
2026-08-02 13:12:51,301 - options_risk_engine.forecasting.volatility - INFO - WMT Ridge PCA            alpha=0.0001 RMSE=0.08305 NRMSE=1.17429 R2=-0.37896 IC=0.03277
2026-08-02 13:12:51,303 - options_risk_engine.forecasting.volatility - INFO - WMT Ridge PCA            alpha=0.001 RMSE=0.08305 NRMSE=1.17429 R2=-0.37896 IC=0.03277
2026-08-02 13:12:51,305 - options_risk_engine.forecasting.volatility - INFO - WMT Ridge PCA            alpha=0.01 RMSE=0.08305 NRMSE=1.17429 R2=-0.37895 IC=0.03277
2026-08-02 13:12:51,307 - options_risk_engine.forecasting.volatility - INFO - WMT Ridge PCA            alpha=0.1 RMSE=0.08304 NRMSE=1.17425 R2=-0.37887 IC=0.03281
2026-08-02 13:12:51,308 - options_risk_engine.forecasting.volatility - INFO - WMT Ridge PCA            alpha=1 RMSE=0.08302 NRMSE=1.17389 R2=-0.37801 IC=0.03316
2026-08-02 13:12:51,310 - options_risk_engine.forecasting.volatility - INFO - WMT Ridge PCA            alpha=10 RMSE=0.08278 NRMSE=1.17049 R2=-0.37006 IC=0.03654
2026-08-02 13:12:51,311 - options_risk_engine.forecasting.volatility - INFO - WMT Ridge PCA            alpha=100 RMSE=0.08141 NRMSE=1.15112 R2=-0.32509 IC=0.06005
2026-08-02 13:12:51,313 - options_risk_engine.forecasting.volatility - INFO - WMT Ridge PCA            alpha=1000 RMSE=0.07945 NRMSE=1.12342 R2=-0.26208 IC=0.11297
2026-08-02 13:12:51,315 - options_risk_engine.forecasting.volatility - INFO - WMT Lasso                alpha=0.0001 RMSE=0.09299 NRMSE=1.31489 R2=-0.72894 IC=-0.00161
2026-08-02 13:12:51,317 - options_risk_engine.forecasting.volatility - INFO - WMT Lasso                alpha=0.001 RMSE=0.08682 NRMSE=1.22763 R2=-0.50708 IC=0.01923
2026-08-02 13:12:51,318 - options_risk_engine.forecasting.volatility - INFO - WMT Lasso                alpha=0.01 RMSE=0.08319 NRMSE=1.17635 R2=-0.38381 IC=-0.06812
2026-08-02 13:12:51,320 - options_risk_engine.forecasting.volatility - INFO - WMT Lasso                alpha=0.1 RMSE=0.07943 NRMSE=1.12322 R2=-0.26161 IC=0.23052
2026-08-02 13:12:51,322 - options_risk_engine.forecasting.volatility - INFO - WMT Lasso                alpha=1 RMSE=0.07943 NRMSE=1.12322 R2=-0.26161 IC=0.23052
2026-08-02 13:12:51,323 - options_risk_engine.forecasting.volatility - INFO - WMT Lasso PCA            alpha=0.0001 RMSE=0.08296 NRMSE=1.17314 R2=-0.37626 IC=0.03383
2026-08-02 13:12:51,325 - options_risk_engine.forecasting.volatility - INFO - WMT Lasso PCA            alpha=0.001 RMSE=0.08229 NRMSE=1.16364 R2=-0.35405 IC=0.04331
2026-08-02 13:12:51,327 - options_risk_engine.forecasting.volatility - INFO - WMT Lasso PCA            alpha=0.01 RMSE=0.08131 NRMSE=1.14975 R2=-0.32193 IC=0.08995
2026-08-02 13:12:51,329 - options_risk_engine.forecasting.volatility - INFO - WMT Lasso PCA            alpha=0.1 RMSE=0.07997 NRMSE=1.13082 R2=-0.27875 IC=0.18300
2026-08-02 13:12:51,330 - options_risk_engine.forecasting.volatility - INFO - WMT Lasso PCA            alpha=1 RMSE=0.07943 NRMSE=1.12322 R2=-0.26161 IC=0.23052
2026-08-02 13:12:51,332 - options_risk_engine.forecasting.volatility - INFO - WMT Random Forest        alpha=None RMSE=0.08533 NRMSE=1.20657 R2=-0.45582 IC=-0.06927
2026-08-02 13:12:51,334 - options_risk_engine.forecasting.volatility - INFO - WMT Gradient Boosting    alpha=None RMSE=0.08819 NRMSE=1.24703 R2=-0.55507 IC=-0.07899
2026-08-02 13:12:51,335 - options_risk_engine.forecasting.volatility - INFO - WMT HAR-RV               alpha=None RMSE=0.08569 NRMSE=1.21167 R2=-0.46814 IC=-0.19011
2026-08-02 13:12:51,337 - options_risk_engine.forecasting.volatility - INFO - WMT GARCH                alpha=None RMSE=0.08412 NRMSE=1.18944 R2=-0.41476 IC=0.12352
2026-08-02 13:12:51,338 - options_risk_engine.forecasting.volatility - INFO - WMT evaluation complete - best model=Ridge, alpha=1000.0, RMSE=0.07914, NRMSE=1.11904
2026-08-02 13:12:51,342 - options_risk_engine.forecasting.volatility - INFO - GOOGL starting model evaluation
2026-08-02 13:12:51,344 - options_risk_engine.forecasting.volatility - INFO - GOOGL has 971 usable rows and 21 features
2026-08-02 13:12:51,345 - options_risk_engine.forecasting.volatility - INFO - Creating model specifications
2026-08-02 13:12:51,345 - options_risk_engine.forecasting.volatility - INFO - Created 34 model configurations
2026-08-02 13:12:51,346 - options_risk_engine.forecasting.volatility - INFO - GOOGL walk-forward starts at row 284 with window=30, step=30, purge=32
2026-08-02 13:13:09,716 - options_risk_engine.forecasting.volatility - INFO - GOOGL completed 22 walk-forward folds
2026-08-02 13:13:09,718 - options_risk_engine.forecasting.volatility - INFO - GOOGL calculating model comparison metrics
2026-08-02 13:13:09,721 - options_risk_engine.forecasting.volatility - INFO - GOOGL Train Mean           alpha=None RMSE=0.07436 NRMSE=1.07006 R2=-0.14504 IC=-0.20185
2026-08-02 13:13:09,722 - options_risk_engine.forecasting.volatility - INFO - GOOGL RV20 Baseline        alpha=None RMSE=0.11222 NRMSE=1.61476 R2=-1.60746 IC=-0.03534
2026-08-02 13:13:09,725 - options_risk_engine.forecasting.volatility - INFO - GOOGL OLS                  alpha=None RMSE=0.09815 NRMSE=1.41226 R2=-0.99448 IC=0.12447
2026-08-02 13:13:09,726 - options_risk_engine.forecasting.volatility - INFO - GOOGL OLS PCA              alpha=None RMSE=0.08116 NRMSE=1.16786 R2=-0.36390 IC=-0.01548
2026-08-02 13:13:09,729 - options_risk_engine.forecasting.volatility - INFO - GOOGL Ridge                alpha=0.0001 RMSE=0.09813 NRMSE=1.41208 R2=-0.99396 IC=0.12444
2026-08-02 13:13:09,731 - options_risk_engine.forecasting.volatility - INFO - GOOGL Ridge                alpha=0.001 RMSE=0.09802 NRMSE=1.41043 R2=-0.98931 IC=0.12419
2026-08-02 13:13:09,733 - options_risk_engine.forecasting.volatility - INFO - GOOGL Ridge                alpha=0.01 RMSE=0.09697 NRMSE=1.39539 R2=-0.94712 IC=0.12174
2026-08-02 13:13:09,735 - options_risk_engine.forecasting.volatility - INFO - GOOGL Ridge                alpha=0.1 RMSE=0.09173 NRMSE=1.31991 R2=-0.74216 IC=0.10369
2026-08-02 13:13:09,737 - options_risk_engine.forecasting.volatility - INFO - GOOGL Ridge                alpha=1 RMSE=0.08597 NRMSE=1.23709 R2=-0.53039 IC=0.07439
2026-08-02 13:13:09,739 - options_risk_engine.forecasting.volatility - INFO - GOOGL Ridge                alpha=10 RMSE=0.08158 NRMSE=1.17389 R2=-0.37801 IC=0.07840
2026-08-02 13:13:09,741 - options_risk_engine.forecasting.volatility - INFO - GOOGL Ridge                alpha=100 RMSE=0.07810 NRMSE=1.12383 R2=-0.26299 IC=0.02447
2026-08-02 13:13:09,743 - options_risk_engine.forecasting.volatility - INFO - GOOGL Ridge                alpha=1000 RMSE=0.07485 NRMSE=1.07698 R2=-0.15988 IC=-0.12188
2026-08-02 13:13:09,745 - options_risk_engine.forecasting.volatility - INFO - GOOGL Ridge PCA            alpha=0.0001 RMSE=0.08116 NRMSE=1.16786 R2=-0.36390 IC=-0.01548
2026-08-02 13:13:09,747 - options_risk_engine.forecasting.volatility - INFO - GOOGL Ridge PCA            alpha=0.001 RMSE=0.08116 NRMSE=1.16786 R2=-0.36390 IC=-0.01548
2026-08-02 13:13:09,748 - options_risk_engine.forecasting.volatility - INFO - GOOGL Ridge PCA            alpha=0.01 RMSE=0.08116 NRMSE=1.16786 R2=-0.36389 IC=-0.01548
2026-08-02 13:13:09,750 - options_risk_engine.forecasting.volatility - INFO - GOOGL Ridge PCA            alpha=0.1 RMSE=0.08116 NRMSE=1.16782 R2=-0.36381 IC=-0.01552
2026-08-02 13:13:09,752 - options_risk_engine.forecasting.volatility - INFO - GOOGL Ridge PCA            alpha=1 RMSE=0.08114 NRMSE=1.16750 R2=-0.36305 IC=-0.01590
2026-08-02 13:13:09,754 - options_risk_engine.forecasting.volatility - INFO - GOOGL Ridge PCA            alpha=10 RMSE=0.08092 NRMSE=1.16437 R2=-0.35575 IC=-0.01951
2026-08-02 13:13:09,756 - options_risk_engine.forecasting.volatility - INFO - GOOGL Ridge PCA            alpha=100 RMSE=0.07930 NRMSE=1.14106 R2=-0.30202 IC=-0.04677
2026-08-02 13:13:09,758 - options_risk_engine.forecasting.volatility - INFO - GOOGL Ridge PCA            alpha=1000 RMSE=0.07532 NRMSE=1.08377 R2=-0.17455 IC=-0.14719
2026-08-02 13:13:09,760 - options_risk_engine.forecasting.volatility - INFO - GOOGL Lasso                alpha=0.0001 RMSE=0.09202 NRMSE=1.32408 R2=-0.75318 IC=0.12169
2026-08-02 13:13:09,762 - options_risk_engine.forecasting.volatility - INFO - GOOGL Lasso                alpha=0.001 RMSE=0.08162 NRMSE=1.17443 R2=-0.37929 IC=0.07169
2026-08-02 13:13:09,764 - options_risk_engine.forecasting.volatility - INFO - GOOGL Lasso                alpha=0.01 RMSE=0.07513 NRMSE=1.08103 R2=-0.16863 IC=-0.12171
2026-08-02 13:13:09,766 - options_risk_engine.forecasting.volatility - INFO - GOOGL Lasso                alpha=0.1 RMSE=0.07436 NRMSE=1.07006 R2=-0.14504 IC=-0.20185
2026-08-02 13:13:09,768 - options_risk_engine.forecasting.volatility - INFO - GOOGL Lasso                alpha=1 RMSE=0.07436 NRMSE=1.07006 R2=-0.14504 IC=-0.20185
2026-08-02 13:13:09,769 - options_risk_engine.forecasting.volatility - INFO - GOOGL Lasso PCA            alpha=0.0001 RMSE=0.08110 NRMSE=1.16696 R2=-0.36180 IC=-0.01576
2026-08-02 13:13:09,771 - options_risk_engine.forecasting.volatility - INFO - GOOGL Lasso PCA            alpha=0.001 RMSE=0.08058 NRMSE=1.15949 R2=-0.34442 IC=-0.01884
2026-08-02 13:13:09,773 - options_risk_engine.forecasting.volatility - INFO - GOOGL Lasso PCA            alpha=0.01 RMSE=0.07663 NRMSE=1.10263 R2=-0.21579 IC=-0.06975
2026-08-02 13:13:09,775 - options_risk_engine.forecasting.volatility - INFO - GOOGL Lasso PCA            alpha=0.1 RMSE=0.07436 NRMSE=1.07006 R2=-0.14504 IC=-0.20185
2026-08-02 13:13:09,778 - options_risk_engine.forecasting.volatility - INFO - GOOGL Lasso PCA            alpha=1 RMSE=0.07436 NRMSE=1.07006 R2=-0.14504 IC=-0.20185
2026-08-02 13:13:09,779 - options_risk_engine.forecasting.volatility - INFO - GOOGL Random Forest        alpha=None RMSE=0.09489 NRMSE=1.36548 R2=-0.86453 IC=-0.17597
2026-08-02 13:13:09,781 - options_risk_engine.forecasting.volatility - INFO - GOOGL Gradient Boosting    alpha=None RMSE=0.09184 NRMSE=1.32154 R2=-0.74646 IC=-0.12000
2026-08-02 13:13:09,783 - options_risk_engine.forecasting.volatility - INFO - GOOGL HAR-RV               alpha=None RMSE=0.08313 NRMSE=1.19621 R2=-0.43092 IC=-0.17770
2026-08-02 13:13:09,785 - options_risk_engine.forecasting.volatility - INFO - GOOGL GARCH                alpha=None RMSE=0.07616 NRMSE=1.09596 R2=-0.20113 IC=-0.29409
2026-08-02 13:13:09,787 - options_risk_engine.forecasting.volatility - INFO - GOOGL evaluation complete - best model=Train Mean, alpha=nan, RMSE=0.07436, NRMSE=1.07006
2026-08-02 13:13:09,791 - options_risk_engine.forecasting.volatility - INFO - AMZN starting model evaluation
2026-08-02 13:13:09,793 - options_risk_engine.forecasting.volatility - INFO - AMZN has 971 usable rows and 21 features
2026-08-02 13:13:09,794 - options_risk_engine.forecasting.volatility - INFO - Creating model specifications
2026-08-02 13:13:09,795 - options_risk_engine.forecasting.volatility - INFO - Created 34 model configurations
2026-08-02 13:13:09,795 - options_risk_engine.forecasting.volatility - INFO - AMZN walk-forward starts at row 284 with window=30, step=30, purge=32
2026-08-02 13:13:28,135 - options_risk_engine.forecasting.volatility - INFO - AMZN completed 22 walk-forward folds
2026-08-02 13:13:28,137 - options_risk_engine.forecasting.volatility - INFO - AMZN calculating model comparison metrics
2026-08-02 13:13:28,139 - options_risk_engine.forecasting.volatility - INFO - AMZN Train Mean           alpha=None RMSE=0.09926 NRMSE=1.16814 R2=-0.36456 IC=-0.25176
2026-08-02 13:13:28,141 - options_risk_engine.forecasting.volatility - INFO - AMZN RV20 Baseline        alpha=None RMSE=0.13576 NRMSE=1.59759 R2=-1.55229 IC=-0.07732
2026-08-02 13:13:28,144 - options_risk_engine.forecasting.volatility - INFO - AMZN OLS                  alpha=None RMSE=0.11565 NRMSE=1.36093 R2=-0.85212 IC=0.09202
2026-08-02 13:13:28,145 - options_risk_engine.forecasting.volatility - INFO - AMZN OLS PCA              alpha=None RMSE=0.09816 NRMSE=1.15513 R2=-0.33432 IC=0.08226
2026-08-02 13:13:28,147 - options_risk_engine.forecasting.volatility - INFO - AMZN Ridge                alpha=0.0001 RMSE=0.11564 NRMSE=1.36089 R2=-0.85202 IC=0.09200
2026-08-02 13:13:28,149 - options_risk_engine.forecasting.volatility - INFO - AMZN Ridge                alpha=0.001 RMSE=0.11562 NRMSE=1.36057 R2=-0.85115 IC=0.09182
2026-08-02 13:13:28,151 - options_risk_engine.forecasting.volatility - INFO - AMZN Ridge                alpha=0.01 RMSE=0.11536 NRMSE=1.35750 R2=-0.84281 IC=0.09007
2026-08-02 13:13:28,152 - options_risk_engine.forecasting.volatility - INFO - AMZN Ridge                alpha=0.1 RMSE=0.11345 NRMSE=1.33510 R2=-0.78250 IC=0.07910
2026-08-02 13:13:28,154 - options_risk_engine.forecasting.volatility - INFO - AMZN Ridge                alpha=1 RMSE=0.10721 NRMSE=1.26166 R2=-0.59177 IC=0.06181
2026-08-02 13:13:28,156 - options_risk_engine.forecasting.volatility - INFO - AMZN Ridge                alpha=10 RMSE=0.10173 NRMSE=1.19716 R2=-0.43320 IC=0.05639
2026-08-02 13:13:28,157 - options_risk_engine.forecasting.volatility - INFO - AMZN Ridge                alpha=100 RMSE=0.09569 NRMSE=1.12611 R2=-0.26812 IC=0.05235
2026-08-02 13:13:28,159 - options_risk_engine.forecasting.volatility - INFO - AMZN Ridge                alpha=1000 RMSE=0.09323 NRMSE=1.09712 R2=-0.20367 IC=-0.10137
2026-08-02 13:13:28,160 - options_risk_engine.forecasting.volatility - INFO - AMZN Ridge PCA            alpha=0.0001 RMSE=0.09816 NRMSE=1.15513 R2=-0.33432 IC=0.08226
2026-08-02 13:13:28,162 - options_risk_engine.forecasting.volatility - INFO - AMZN Ridge PCA            alpha=0.001 RMSE=0.09816 NRMSE=1.15513 R2=-0.33432 IC=0.08226
2026-08-02 13:13:28,164 - options_risk_engine.forecasting.volatility - INFO - AMZN Ridge PCA            alpha=0.01 RMSE=0.09816 NRMSE=1.15512 R2=-0.33431 IC=0.08226
2026-08-02 13:13:28,166 - options_risk_engine.forecasting.volatility - INFO - AMZN Ridge PCA            alpha=0.1 RMSE=0.09815 NRMSE=1.15507 R2=-0.33418 IC=0.08224
2026-08-02 13:13:28,167 - options_risk_engine.forecasting.volatility - INFO - AMZN Ridge PCA            alpha=1 RMSE=0.09811 NRMSE=1.15453 R2=-0.33294 IC=0.08207
2026-08-02 13:13:28,169 - options_risk_engine.forecasting.volatility - INFO - AMZN Ridge PCA            alpha=10 RMSE=0.09768 NRMSE=1.14946 R2=-0.32125 IC=0.08027
2026-08-02 13:13:28,171 - options_risk_engine.forecasting.volatility - INFO - AMZN Ridge PCA            alpha=100 RMSE=0.09501 NRMSE=1.11810 R2=-0.25014 IC=0.05842
2026-08-02 13:13:28,172 - options_risk_engine.forecasting.volatility - INFO - AMZN Ridge PCA            alpha=1000 RMSE=0.09321 NRMSE=1.09690 R2=-0.20319 IC=-0.10037
2026-08-02 13:13:28,174 - options_risk_engine.forecasting.volatility - INFO - AMZN Lasso                alpha=0.0001 RMSE=0.11287 NRMSE=1.32821 R2=-0.76413 IC=0.06921
2026-08-02 13:13:28,176 - options_risk_engine.forecasting.volatility - INFO - AMZN Lasso                alpha=0.001 RMSE=0.10223 NRMSE=1.20299 R2=-0.44717 IC=0.03921
2026-08-02 13:13:28,178 - options_risk_engine.forecasting.volatility - INFO - AMZN Lasso                alpha=0.01 RMSE=0.10038 NRMSE=1.18125 R2=-0.39535 IC=-0.10457
2026-08-02 13:13:28,180 - options_risk_engine.forecasting.volatility - INFO - AMZN Lasso                alpha=0.1 RMSE=0.09926 NRMSE=1.16814 R2=-0.36456 IC=-0.25176
2026-08-02 13:13:28,181 - options_risk_engine.forecasting.volatility - INFO - AMZN Lasso                alpha=1 RMSE=0.09926 NRMSE=1.16814 R2=-0.36456 IC=-0.25176
2026-08-02 13:13:28,183 - options_risk_engine.forecasting.volatility - INFO - AMZN Lasso PCA            alpha=0.0001 RMSE=0.09812 NRMSE=1.15463 R2=-0.33317 IC=0.08120
2026-08-02 13:13:28,185 - options_risk_engine.forecasting.volatility - INFO - AMZN Lasso PCA            alpha=0.001 RMSE=0.09774 NRMSE=1.15024 R2=-0.32306 IC=0.07164
2026-08-02 13:13:28,187 - options_risk_engine.forecasting.volatility - INFO - AMZN Lasso PCA            alpha=0.01 RMSE=0.09568 NRMSE=1.12597 R2=-0.26780 IC=-0.02421
2026-08-02 13:13:28,189 - options_risk_engine.forecasting.volatility - INFO - AMZN Lasso PCA            alpha=0.1 RMSE=0.09897 NRMSE=1.16473 R2=-0.35660 IC=-0.26160
2026-08-02 13:13:28,190 - options_risk_engine.forecasting.volatility - INFO - AMZN Lasso PCA            alpha=1 RMSE=0.09926 NRMSE=1.16814 R2=-0.36456 IC=-0.25176
2026-08-02 13:13:28,192 - options_risk_engine.forecasting.volatility - INFO - AMZN Random Forest        alpha=None RMSE=0.13022 NRMSE=1.53237 R2=-1.34816 IC=-0.21254
2026-08-02 13:13:28,194 - options_risk_engine.forecasting.volatility - INFO - AMZN Gradient Boosting    alpha=None RMSE=0.13195 NRMSE=1.55276 R2=-1.41107 IC=-0.20027
2026-08-02 13:13:28,196 - options_risk_engine.forecasting.volatility - INFO - AMZN HAR-RV               alpha=None RMSE=0.10573 NRMSE=1.24425 R2=-0.54816 IC=-0.11051
2026-08-02 13:13:28,197 - options_risk_engine.forecasting.volatility - INFO - AMZN GARCH                alpha=None RMSE=0.10847 NRMSE=1.27649 R2=-0.62942 IC=-0.22516
2026-08-02 13:13:28,199 - options_risk_engine.forecasting.volatility - INFO - AMZN evaluation complete - best model=Ridge PCA, alpha=1000.0, RMSE=0.09321, NRMSE=1.09690
2026-08-02 13:13:28,204 - options_risk_engine.forecasting.volatility - INFO - HCA starting model evaluation
2026-08-02 13:13:28,207 - options_risk_engine.forecasting.volatility - INFO - HCA has 971 usable rows and 21 features
2026-08-02 13:13:28,207 - options_risk_engine.forecasting.volatility - INFO - Creating model specifications
2026-08-02 13:13:28,208 - options_risk_engine.forecasting.volatility - INFO - Created 34 model configurations
2026-08-02 13:13:28,209 - options_risk_engine.forecasting.volatility - INFO - HCA walk-forward starts at row 284 with window=30, step=30, purge=32
2026-08-02 13:13:49,270 - options_risk_engine.forecasting.volatility - INFO - HCA completed 22 walk-forward folds
2026-08-02 13:13:49,272 - options_risk_engine.forecasting.volatility - INFO - HCA calculating model comparison metrics
2026-08-02 13:13:49,276 - options_risk_engine.forecasting.volatility - INFO - HCA Train Mean           alpha=None RMSE=0.06185 NRMSE=1.02731 R2=-0.05536 IC=-0.00939
2026-08-02 13:13:49,278 - options_risk_engine.forecasting.volatility - INFO - HCA RV20 Baseline        alpha=None RMSE=0.10173 NRMSE=1.68971 R2=-1.85512 IC=-0.14081
2026-08-02 13:13:49,281 - options_risk_engine.forecasting.volatility - INFO - HCA OLS                  alpha=None RMSE=0.21718 NRMSE=3.60720 R2=-12.01191 IC=-0.12364
2026-08-02 13:13:49,283 - options_risk_engine.forecasting.volatility - INFO - HCA OLS PCA              alpha=None RMSE=0.06819 NRMSE=1.13266 R2=-0.28292 IC=-0.01170
2026-08-02 13:13:49,285 - options_risk_engine.forecasting.volatility - INFO - HCA Ridge                alpha=0.0001 RMSE=0.21700 NRMSE=3.60417 R2=-11.99005 IC=-0.12361
2026-08-02 13:13:49,287 - options_risk_engine.forecasting.volatility - INFO - HCA Ridge                alpha=0.001 RMSE=0.21537 NRMSE=3.57717 R2=-11.79617 IC=-0.12328
2026-08-02 13:13:49,289 - options_risk_engine.forecasting.volatility - INFO - HCA Ridge                alpha=0.01 RMSE=0.20064 NRMSE=3.33249 R2=-10.10551 IC=-0.12001
2026-08-02 13:13:49,291 - options_risk_engine.forecasting.volatility - INFO - HCA Ridge                alpha=0.1 RMSE=0.12889 NRMSE=2.14084 R2=-3.58318 IC=-0.08870
2026-08-02 13:13:49,293 - options_risk_engine.forecasting.volatility - INFO - HCA Ridge                alpha=1 RMSE=0.07162 NRMSE=1.18952 R2=-0.41497 IC=0.04605
2026-08-02 13:13:49,296 - options_risk_engine.forecasting.volatility - INFO - HCA Ridge                alpha=10 RMSE=0.06615 NRMSE=1.09873 R2=-0.20721 IC=0.05241
2026-08-02 13:13:49,298 - options_risk_engine.forecasting.volatility - INFO - HCA Ridge                alpha=100 RMSE=0.06632 NRMSE=1.10160 R2=-0.21353 IC=0.00063
2026-08-02 13:13:49,300 - options_risk_engine.forecasting.volatility - INFO - HCA Ridge                alpha=1000 RMSE=0.06539 NRMSE=1.08608 R2=-0.17958 IC=-0.05587
2026-08-02 13:13:49,302 - options_risk_engine.forecasting.volatility - INFO - HCA Ridge PCA            alpha=0.0001 RMSE=0.06819 NRMSE=1.13266 R2=-0.28292 IC=-0.01170
2026-08-02 13:13:49,304 - options_risk_engine.forecasting.volatility - INFO - HCA Ridge PCA            alpha=0.001 RMSE=0.06819 NRMSE=1.13266 R2=-0.28291 IC=-0.01170
2026-08-02 13:13:49,305 - options_risk_engine.forecasting.volatility - INFO - HCA Ridge PCA            alpha=0.01 RMSE=0.06819 NRMSE=1.13266 R2=-0.28291 IC=-0.01170
2026-08-02 13:13:49,307 - options_risk_engine.forecasting.volatility - INFO - HCA Ridge PCA            alpha=0.1 RMSE=0.06819 NRMSE=1.13263 R2=-0.28284 IC=-0.01170
2026-08-02 13:13:49,310 - options_risk_engine.forecasting.volatility - INFO - HCA Ridge PCA            alpha=1 RMSE=0.06817 NRMSE=1.13233 R2=-0.28216 IC=-0.01170
2026-08-02 13:13:49,312 - options_risk_engine.forecasting.volatility - INFO - HCA Ridge PCA            alpha=10 RMSE=0.06801 NRMSE=1.12953 R2=-0.27583 IC=-0.01180
2026-08-02 13:13:49,315 - options_risk_engine.forecasting.volatility - INFO - HCA Ridge PCA            alpha=100 RMSE=0.06702 NRMSE=1.11310 R2=-0.23900 IC=-0.01562
2026-08-02 13:13:49,317 - options_risk_engine.forecasting.volatility - INFO - HCA Ridge PCA            alpha=1000 RMSE=0.06548 NRMSE=1.08756 R2=-0.18278 IC=-0.05877
2026-08-02 13:13:49,319 - options_risk_engine.forecasting.volatility - INFO - HCA Lasso                alpha=0.0001 RMSE=0.15974 NRMSE=2.65320 R2=-6.03946 IC=-0.10930
2026-08-02 13:13:49,320 - options_risk_engine.forecasting.volatility - INFO - HCA Lasso                alpha=0.001 RMSE=0.06882 NRMSE=1.14311 R2=-0.30669 IC=-0.03641
2026-08-02 13:13:49,322 - options_risk_engine.forecasting.volatility - INFO - HCA Lasso                alpha=0.01 RMSE=0.06821 NRMSE=1.13295 R2=-0.28358 IC=-0.13720
2026-08-02 13:13:49,324 - options_risk_engine.forecasting.volatility - INFO - HCA Lasso                alpha=0.1 RMSE=0.06185 NRMSE=1.02731 R2=-0.05536 IC=-0.00939
2026-08-02 13:13:49,326 - options_risk_engine.forecasting.volatility - INFO - HCA Lasso                alpha=1 RMSE=0.06185 NRMSE=1.02731 R2=-0.05536 IC=-0.00939
2026-08-02 13:13:49,328 - options_risk_engine.forecasting.volatility - INFO - HCA Lasso PCA            alpha=0.0001 RMSE=0.06815 NRMSE=1.13189 R2=-0.28118 IC=-0.01299
2026-08-02 13:13:49,330 - options_risk_engine.forecasting.volatility - INFO - HCA Lasso PCA            alpha=0.001 RMSE=0.06776 NRMSE=1.12540 R2=-0.26653 IC=-0.02438
2026-08-02 13:13:49,332 - options_risk_engine.forecasting.volatility - INFO - HCA Lasso PCA            alpha=0.01 RMSE=0.06825 NRMSE=1.13353 R2=-0.28489 IC=-0.14368
2026-08-02 13:13:49,334 - options_risk_engine.forecasting.volatility - INFO - HCA Lasso PCA            alpha=0.1 RMSE=0.06269 NRMSE=1.04120 R2=-0.08409 IC=-0.03019
2026-08-02 13:13:49,336 - options_risk_engine.forecasting.volatility - INFO - HCA Lasso PCA            alpha=1 RMSE=0.06185 NRMSE=1.02731 R2=-0.05536 IC=-0.00939
2026-08-02 13:13:49,337 - options_risk_engine.forecasting.volatility - INFO - HCA Random Forest        alpha=None RMSE=0.08049 NRMSE=1.33681 R2=-0.78706 IC=-0.03190
2026-08-02 13:13:49,339 - options_risk_engine.forecasting.volatility - INFO - HCA Gradient Boosting    alpha=None RMSE=0.08250 NRMSE=1.37026 R2=-0.87762 IC=-0.06784
2026-08-02 13:13:49,341 - options_risk_engine.forecasting.volatility - INFO - HCA HAR-RV               alpha=None RMSE=0.06672 NRMSE=1.10811 R2=-0.22790 IC=-0.04266
2026-08-02 13:13:49,343 - options_risk_engine.forecasting.volatility - INFO - HCA GARCH                alpha=None RMSE=0.06575 NRMSE=1.09207 R2=-0.19261 IC=-0.08205
2026-08-02 13:13:49,345 - options_risk_engine.forecasting.volatility - INFO - HCA evaluation complete - best model=Train Mean, alpha=nan, RMSE=0.06185, NRMSE=1.02731
2026-08-02 13:13:49,357 - options_risk_engine.database - INFO - Stored 238 rows in model_evaluations
2026-08-02 13:13:49,419 - options_risk_engine.pricing.chains - INFO - Downloading option chains for 7 ticker objects
2026-08-02 13:13:49,422 - options_risk_engine.pricing.chains - INFO - Downloading option chain for AAPL nearest to 2026-09-16
2026-08-02 13:13:49,771 - options_risk_engine.pricing.chains - INFO - AAPL chain loaded for 2026-09-18: 93 calls and 74 puts
2026-08-02 13:13:49,772 - options_risk_engine.pricing.chains - INFO - Downloading option chain for MSFT nearest to 2026-09-16
2026-08-02 13:13:49,929 - options_risk_engine.pricing.chains - INFO - MSFT chain loaded for 2026-09-18: 90 calls and 82 puts
2026-08-02 13:13:49,930 - options_risk_engine.pricing.chains - INFO - Downloading option chain for META nearest to 2026-09-16
2026-08-02 13:13:50,196 - options_risk_engine.pricing.chains - INFO - META chain loaded for 2026-09-18: 190 calls and 146 puts
2026-08-02 13:13:50,197 - options_risk_engine.pricing.chains - INFO - Downloading option chain for WMT nearest to 2026-09-16
2026-08-02 13:13:50,349 - options_risk_engine.pricing.chains - INFO - WMT chain loaded for 2026-09-18: 34 calls and 28 puts
2026-08-02 13:13:50,350 - options_risk_engine.pricing.chains - INFO - Downloading option chain for GOOGL nearest to 2026-09-16
2026-08-02 13:13:50,542 - options_risk_engine.pricing.chains - INFO - GOOGL chain loaded for 2026-09-18: 134 calls and 98 puts
2026-08-02 13:13:50,544 - options_risk_engine.pricing.chains - INFO - Downloading option chain for AMZN nearest to 2026-09-16
2026-08-02 13:13:50,794 - options_risk_engine.pricing.chains - INFO - AMZN chain loaded for 2026-09-18: 58 calls and 52 puts
2026-08-02 13:13:50,795 - options_risk_engine.pricing.chains - INFO - Downloading option chain for HCA nearest to 2026-09-16
2026-08-02 13:13:50,967 - options_risk_engine.pricing.chains - INFO - HCA chain loaded for 2026-09-18: 73 calls and 59 puts
2026-08-02 13:13:50,968 - options_risk_engine.pricing.chains - INFO - Option-chain download complete: 7 of 7 tickers loaded
2026-08-02 13:13:51,036 - options_risk_engine.database - INFO - Stored 1211 rows in option_chain_snapshots_full
2026-08-02 13:13:51,055 - options_risk_engine.pricing.chains - INFO - Starting option pricing for 7 ticker objects
2026-08-02 13:13:51,056 - options_risk_engine.pricing.chains - INFO - AAPL beginning option-chain pricing
2026-08-02 13:13:51,063 - options_risk_engine.pricing.chains - INFO - AAPL volatility inputs - RV20: 0.3674, RV60: 0.3201, RV252: 0.2591, forecast: 0.2623
2026-08-02 13:13:51,781 - options_risk_engine.pricing.chains - INFO - AAPL implied volatility calculations complete
2026-08-02 13:13:51,792 - options_risk_engine.pricing.chains - INFO - AAPL put-call parity check: 74 matched strikes, maximum absolute error 0.0000000000
2026-08-02 13:13:51,828 - options_risk_engine.pricing.chains - INFO - AAPL pricing complete — 93 total calls, 74 total puts, 0 highlighted calls and 7 highlighted puts
2026-08-02 13:13:51,828 - options_risk_engine.pricing.chains - INFO - MSFT beginning option-chain pricing
2026-08-02 13:13:51,831 - options_risk_engine.pricing.chains - INFO - MSFT volatility inputs - RV20: 0.6016, RV60: 0.4622, RV252: 0.3193, forecast: 0.2609
2026-08-02 13:13:52,577 - options_risk_engine.pricing.chains - INFO - MSFT implied volatility calculations complete
2026-08-02 13:13:52,582 - options_risk_engine.pricing.chains - INFO - MSFT put-call parity check: 82 matched strikes, maximum absolute error 0.0000000000
2026-08-02 13:13:52,614 - options_risk_engine.pricing.chains - INFO - MSFT pricing complete — 90 total calls, 82 total puts, 0 highlighted calls and 6 highlighted puts
2026-08-02 13:13:52,614 - options_risk_engine.pricing.chains - INFO - META beginning option-chain pricing
2026-08-02 13:13:52,616 - options_risk_engine.pricing.chains - INFO - META volatility inputs - RV20: 0.5162, RV60: 0.4580, RV252: 0.3978, forecast: 0.4131
2026-08-02 13:13:54,197 - options_risk_engine.pricing.chains - INFO - META implied volatility calculations complete
2026-08-02 13:13:54,206 - options_risk_engine.pricing.chains - INFO - META put-call parity check: 130 matched strikes, maximum absolute error 0.0000000000
2026-08-02 13:13:54,255 - options_risk_engine.pricing.chains - INFO - META pricing complete — 190 total calls, 146 total puts, 0 highlighted calls and 19 highlighted puts
2026-08-02 13:13:54,256 - options_risk_engine.pricing.chains - INFO - WMT beginning option-chain pricing
2026-08-02 13:13:54,259 - options_risk_engine.pricing.chains - INFO - WMT volatility inputs - RV20: 0.2209, RV60: 0.2760, RV252: 0.2477, forecast: 0.2065
2026-08-02 13:13:54,542 - options_risk_engine.pricing.chains - INFO - WMT implied volatility calculations complete
2026-08-02 13:13:54,548 - options_risk_engine.pricing.chains - INFO - WMT put-call parity check: 28 matched strikes, maximum absolute error 0.0000000000
2026-08-02 13:13:54,581 - options_risk_engine.pricing.chains - INFO - WMT pricing complete — 34 total calls, 28 total puts, 0 highlighted calls and 2 highlighted puts
2026-08-02 13:13:54,581 - options_risk_engine.pricing.chains - INFO - GOOGL beginning option-chain pricing
2026-08-02 13:13:54,584 - options_risk_engine.pricing.chains - INFO - GOOGL volatility inputs - RV20: 0.4610, RV60: 0.3682, RV252: 0.3212, forecast: 0.3099
2026-08-02 13:13:55,524 - options_risk_engine.pricing.chains - INFO - GOOGL implied volatility calculations complete
2026-08-02 13:13:55,530 - options_risk_engine.pricing.chains - INFO - GOOGL put-call parity check: 96 matched strikes, maximum absolute error 0.0000000000
2026-08-02 13:13:55,564 - options_risk_engine.pricing.chains - INFO - GOOGL pricing complete — 134 total calls, 98 total puts, 0 highlighted calls and 12 highlighted puts
2026-08-02 13:13:55,564 - options_risk_engine.pricing.chains - INFO - AMZN beginning option-chain pricing
2026-08-02 13:13:55,566 - options_risk_engine.pricing.chains - INFO - AMZN volatility inputs - RV20: 0.6195, RV60: 0.4402, RV252: 0.3520, forecast: 0.3413
2026-08-02 13:13:56,177 - options_risk_engine.pricing.chains - INFO - AMZN implied volatility calculations complete
2026-08-02 13:13:56,182 - options_risk_engine.pricing.chains - INFO - AMZN put-call parity check: 52 matched strikes, maximum absolute error 0.0000000000
2026-08-02 13:13:56,217 - options_risk_engine.pricing.chains - INFO - AMZN pricing complete — 58 total calls, 52 total puts, 7 highlighted calls and 2 highlighted puts
2026-08-02 13:13:56,218 - options_risk_engine.pricing.chains - INFO - HCA beginning option-chain pricing
2026-08-02 13:13:56,220 - options_risk_engine.pricing.chains - INFO - HCA volatility inputs - RV20: 0.5051, RV60: 0.3752, RV252: 0.3018, forecast: 0.2788
2026-08-02 13:13:56,627 - options_risk_engine.pricing.chains - INFO - HCA implied volatility calculations complete
2026-08-02 13:13:56,631 - options_risk_engine.pricing.chains - INFO - HCA put-call parity check: 56 matched strikes, maximum absolute error 0.0000000000
2026-08-02 13:13:56,662 - options_risk_engine.pricing.chains - INFO - HCA pricing complete — 73 total calls, 59 total puts, 0 highlighted calls and 0 highlighted puts
2026-08-02 13:13:56,662 - options_risk_engine.pricing.chains - INFO - Option pricing finished — 14 full tables, 14 highlighted tables, 7 parity tables and 0 failed tickers
2026-08-02 13:13:56,693 - options_risk_engine.reporting.tables - INFO - Combined 14 option tables into 1211 rows
2026-08-02 13:13:56,695 - options_risk_engine.validation - INFO - Option-universe validation: {'rows': 1211, 'tickers': 7, 'duplicate_contract_symbols': 0, 'invalid_quotes': 417}
2026-08-02 13:13:57,365 - options_risk_engine.database - INFO - Stored 1211 rows in option_pricing_results
2026-08-02 13:13:57,477 - options_risk_engine.pricing.monte_carlo - INFO - Running 10000 Monte Carlo simulations for AAPL
2026-08-02 13:13:57,477 - options_risk_engine.pricing.monte_carlo - INFO - AAPL starting Monte Carlo simulation
2026-08-02 13:13:57,479 - options_risk_engine.pricing.monte_carlo - INFO - AAPL Monte Carlo inputs - S0: 308.91, sigma: 0.2623, T: 0.1288, steps: 34, simulations: 10000
2026-08-02 13:13:57,503 - options_risk_engine.pricing.monte_carlo - INFO - AAPL Monte Carlo simulation complete
2026-08-02 13:13:57,555 - options_risk_engine.pricing.monte_carlo - INFO - AAPL Monte Carlo profit analysis complete
2026-08-02 13:13:57,555 - options_risk_engine.pricing.monte_carlo - INFO - Running 10000 Monte Carlo simulations for MSFT
2026-08-02 13:13:57,556 - options_risk_engine.pricing.monte_carlo - INFO - MSFT starting Monte Carlo simulation
2026-08-02 13:13:57,557 - options_risk_engine.pricing.monte_carlo - INFO - MSFT Monte Carlo inputs - S0: 464.72, sigma: 0.2609, T: 0.1288, steps: 34, simulations: 10000
2026-08-02 13:13:57,573 - options_risk_engine.pricing.monte_carlo - INFO - MSFT Monte Carlo simulation complete
2026-08-02 13:13:57,623 - options_risk_engine.pricing.monte_carlo - INFO - MSFT Monte Carlo profit analysis complete
2026-08-02 13:13:57,624 - options_risk_engine.pricing.monte_carlo - INFO - Running 10000 Monte Carlo simulations for META
2026-08-02 13:13:57,624 - options_risk_engine.pricing.monte_carlo - INFO - META starting Monte Carlo simulation
2026-08-02 13:13:57,625 - options_risk_engine.pricing.monte_carlo - INFO - META Monte Carlo inputs - S0: 556.71, sigma: 0.4131, T: 0.1288, steps: 34, simulations: 10000
2026-08-02 13:13:57,652 - options_risk_engine.pricing.monte_carlo - INFO - META Monte Carlo simulation complete
2026-08-02 13:13:57,735 - options_risk_engine.pricing.monte_carlo - INFO - META Monte Carlo profit analysis complete
2026-08-02 13:13:57,736 - options_risk_engine.pricing.monte_carlo - INFO - Running 10000 Monte Carlo simulations for WMT
2026-08-02 13:13:57,736 - options_risk_engine.pricing.monte_carlo - INFO - WMT starting Monte Carlo simulation
2026-08-02 13:13:57,737 - options_risk_engine.pricing.monte_carlo - INFO - WMT Monte Carlo inputs - S0: 111.20, sigma: 0.2065, T: 0.1288, steps: 34, simulations: 10000
2026-08-02 13:13:57,749 - options_risk_engine.pricing.monte_carlo - INFO - WMT Monte Carlo simulation complete
2026-08-02 13:13:57,776 - options_risk_engine.pricing.monte_carlo - INFO - WMT Monte Carlo profit analysis complete
2026-08-02 13:13:57,777 - options_risk_engine.pricing.monte_carlo - INFO - Running 10000 Monte Carlo simulations for GOOGL
2026-08-02 13:13:57,777 - options_risk_engine.pricing.monte_carlo - INFO - GOOGL starting Monte Carlo simulation
2026-08-02 13:13:57,778 - options_risk_engine.pricing.monte_carlo - INFO - GOOGL Monte Carlo inputs - S0: 356.13, sigma: 0.3099, T: 0.1288, steps: 34, simulations: 10000
2026-08-02 13:13:57,795 - options_risk_engine.pricing.monte_carlo - INFO - GOOGL Monte Carlo simulation complete
2026-08-02 13:13:57,856 - options_risk_engine.pricing.monte_carlo - INFO - GOOGL Monte Carlo profit analysis complete
2026-08-02 13:13:57,857 - options_risk_engine.pricing.monte_carlo - INFO - Running 10000 Monte Carlo simulations for AMZN
2026-08-02 13:13:57,857 - options_risk_engine.pricing.monte_carlo - INFO - AMZN starting Monte Carlo simulation
2026-08-02 13:13:57,858 - options_risk_engine.pricing.monte_carlo - INFO - AMZN Monte Carlo inputs - S0: 271.58, sigma: 0.3413, T: 0.1288, steps: 34, simulations: 10000
2026-08-02 13:13:57,873 - options_risk_engine.pricing.monte_carlo - INFO - AMZN Monte Carlo simulation complete
2026-08-02 13:13:57,917 - options_risk_engine.pricing.monte_carlo - INFO - AMZN Monte Carlo profit analysis complete
2026-08-02 13:13:57,918 - options_risk_engine.pricing.monte_carlo - INFO - Running 10000 Monte Carlo simulations for HCA
2026-08-02 13:13:57,920 - options_risk_engine.pricing.monte_carlo - INFO - HCA starting Monte Carlo simulation
2026-08-02 13:13:57,923 - options_risk_engine.pricing.monte_carlo - INFO - HCA Monte Carlo inputs - S0: 402.59, sigma: 0.2788, T: 0.1288, steps: 34, simulations: 10000
2026-08-02 13:13:57,956 - options_risk_engine.pricing.monte_carlo - INFO - HCA Monte Carlo simulation complete
2026-08-02 13:13:58,049 - options_risk_engine.pricing.monte_carlo - INFO - HCA Monte Carlo profit analysis complete
2026-08-02 13:13:58,072 - options_risk_engine.reporting.tables - INFO - Combined 14 option tables into 1211 rows
2026-08-02 13:13:58,115 - options_risk_engine.reporting.tables - INFO - Created findings table with 52 groups
2026-08-02 13:13:58,175 - options_risk_engine.risk.portfolio - INFO - Preparing option universe for the portfolio risk engine: 1211 rows
2026-08-02 13:13:58,180 - options_risk_engine.risk.portfolio - INFO - Risk-engine input cleaned: 959 usable option rows; 252 rows removed
2026-08-02 13:13:58,187 - options_risk_engine.risk.portfolio - INFO - Created reproducible test option positions: 471 long and 488 short
2026-08-02 13:13:58,217 - options_risk_engine.risk.portfolio - INFO - Added 7 share positions; combined portfolio now contains 966 rows
2026-08-02 13:13:58,221 - options_risk_engine.risk.portfolio - INFO - Portfolio positions prepared: gross market value 17747056.90; current P&L -64853.89
2026-08-02 13:13:58,223 - options_risk_engine.risk.portfolio - INFO - Building current portfolio risk summary from 966 positions
2026-08-02 13:13:58,231 - options_risk_engine.risk.portfolio - INFO - Ticker-level risk calculated for 7 tickers
2026-08-02 13:13:58,232 - options_risk_engine.risk.portfolio - INFO - Portfolio risk summary complete: net value -695290.30; gross value 17747056.90; delta 1592.81
2026-08-02 13:13:59,097 - options_risk_engine.database - INFO - Stored 966 rows in portfolio_positions
2026-08-02 13:13:59,104 - options_risk_engine.database - INFO - Stored 8 rows in portfolio_risk
2026-08-02 13:13:59,169 - options_risk_engine.risk.scenarios - INFO - Generating 1000 random scenarios with up to 30 days forward; seed=42
2026-08-02 13:13:59,179 - options_risk_engine.risk.scenarios - INFO - Scenario generation complete: 1001 total rows including BASE
2026-08-02 13:13:59,213 - options_risk_engine.risk.scenarios - INFO - Starting scenario engine: 966 positions across 1001 scenarios
2026-08-02 13:13:59,216 - options_risk_engine.risk.scenarios - INFO - Scenario positions classified: 565 calls, 394 puts and 7 shares
2026-08-02 13:13:59,223 - options_risk_engine.risk.scenarios - INFO - Base model prices calculated for 966 positions
2026-08-02 13:13:59,224 - options_risk_engine.risk.scenarios - INFO - Revaluing scenario 1/1001: BASE
2026-08-02 13:13:59,600 - options_risk_engine.risk.scenarios - INFO - Revaluing scenario 100/1001: R0099
2026-08-02 13:13:59,951 - options_risk_engine.risk.scenarios - INFO - Revaluing scenario 200/1001: R0199
2026-08-02 13:14:00,303 - options_risk_engine.risk.scenarios - INFO - Revaluing scenario 300/1001: R0299
2026-08-02 13:14:00,649 - options_risk_engine.risk.scenarios - INFO - Revaluing scenario 400/1001: R0399
2026-08-02 13:14:00,999 - options_risk_engine.risk.scenarios - INFO - Revaluing scenario 500/1001: R0499
2026-08-02 13:14:01,347 - options_risk_engine.risk.scenarios - INFO - Revaluing scenario 600/1001: R0599
2026-08-02 13:14:01,712 - options_risk_engine.risk.scenarios - INFO - Revaluing scenario 700/1001: R0699
2026-08-02 13:14:02,063 - options_risk_engine.risk.scenarios - INFO - Revaluing scenario 800/1001: R0799
2026-08-02 13:14:02,435 - options_risk_engine.risk.scenarios - INFO - Revaluing scenario 900/1001: R0899
2026-08-02 13:14:02,802 - options_risk_engine.risk.scenarios - INFO - Revaluing scenario 1000/1001: R0999
2026-08-02 13:14:02,810 - options_risk_engine.risk.scenarios - INFO - Revaluing scenario 1001/1001: R1000
2026-08-02 13:14:02,979 - options_risk_engine.risk.scenarios - INFO - Position-level scenario results created: 966966 rows
2026-08-02 13:14:03,547 - options_risk_engine.risk.scenarios - INFO - Analysing scenario outputs: 966966 position rows, 7007 ticker rows and 1001 portfolio rows
2026-08-02 13:14:03,676 - options_risk_engine.risk.scenarios - INFO - Base scenario validation passed: portfolio P&L 0.00000000
2026-08-02 13:14:03,680 - options_risk_engine.risk.scenarios - INFO - All scenario positions were repriced successfully
2026-08-02 13:14:03,684 - options_risk_engine.risk.scenarios - INFO - Scenario distribution analysed: worst P&L -258974.50; 5th percentile -62652.47; probability of loss 56.20%
2026-08-02 13:14:03,739 - options_risk_engine.risk.scenarios - WARNING - 11 portfolio scenarios breached the 100000.00 loss limit
2026-08-02 13:14:03,739 - options_risk_engine.risk.scenarios - WARNING - 1473 ticker-scenario rows breached the 25000.00 loss limit
2026-08-02 13:14:03,740 - options_risk_engine.risk.scenarios - INFO - Scenario analysis complete; worst scenario is R0950
2026-08-02 13:14:04,161 - options_risk_engine.risk.attribution - INFO - Starting Greek P&L attribution
2026-08-02 13:27:50,787 - options_risk_engine.database - INFO - SQLite database initialised at /Users/sam/Progressive-Projects/Projects/Option Pricer N Risk Engine/src/data/options_risk_engine.db
2026-08-02 13:27:51,286 - options_risk_engine.data.market_data - INFO - Downloading historical data for 7 symbols
2026-08-02 13:27:51,907 - options_risk_engine.data.market_data - INFO - Historical data downloaded: 1255 rows
2026-08-02 13:27:53,738 - options_risk_engine.database - INFO - Stored 8785 rows in equity_prices
2026-08-02 13:27:53,787 - options_risk_engine.data.market_data - INFO - Feature dataset created: 1255 rows, 21 engineered features per ticker
2026-08-02 13:27:54,316 - options_risk_engine.database - INFO - Stored 1255 rows in volatility_features
2026-08-02 13:27:56,174 - options_risk_engine.forecasting.volatility - INFO - AAPL starting model evaluation
2026-08-02 13:27:56,176 - options_risk_engine.forecasting.volatility - INFO - AAPL has 971 usable rows and 21 features
2026-08-02 13:27:56,177 - options_risk_engine.forecasting.volatility - INFO - Creating model specifications
2026-08-02 13:27:56,177 - options_risk_engine.forecasting.volatility - INFO - Created 34 model configurations
2026-08-02 13:27:56,178 - options_risk_engine.forecasting.volatility - INFO - AAPL walk-forward starts at row 284 with window=30, step=30, purge=32
2026-08-02 13:28:15,310 - options_risk_engine.forecasting.volatility - INFO - AAPL completed 22 walk-forward folds
2026-08-02 13:28:15,312 - options_risk_engine.forecasting.volatility - INFO - AAPL calculating model comparison metrics
2026-08-02 13:28:15,314 - options_risk_engine.forecasting.volatility - INFO - AAPL Train Mean           alpha=None RMSE=0.10960 NRMSE=1.04761 R2=-0.09748 IC=-0.48458
2026-08-02 13:28:15,316 - options_risk_engine.forecasting.volatility - INFO - AAPL RV20 Baseline        alpha=None RMSE=0.13733 NRMSE=1.31268 R2=-0.72312 IC=0.22482
2026-08-02 13:28:15,318 - options_risk_engine.forecasting.volatility - INFO - AAPL OLS                  alpha=None RMSE=0.14282 NRMSE=1.36521 R2=-0.86379 IC=-0.02723
2026-08-02 13:28:15,320 - options_risk_engine.forecasting.volatility - INFO - AAPL OLS PCA              alpha=None RMSE=0.12644 NRMSE=1.20862 R2=-0.46075 IC=0.00080
2026-08-02 13:28:15,322 - options_risk_engine.forecasting.volatility - INFO - AAPL Ridge                alpha=0.0001 RMSE=0.14282 NRMSE=1.36520 R2=-0.86377 IC=-0.02723
2026-08-02 13:28:15,323 - options_risk_engine.forecasting.volatility - INFO - AAPL Ridge                alpha=0.001 RMSE=0.14281 NRMSE=1.36512 R2=-0.86356 IC=-0.02721
2026-08-02 13:28:15,325 - options_risk_engine.forecasting.volatility - INFO - AAPL Ridge                alpha=0.01 RMSE=0.14273 NRMSE=1.36436 R2=-0.86148 IC=-0.02704
2026-08-02 13:28:15,327 - options_risk_engine.forecasting.volatility - INFO - AAPL Ridge                alpha=0.1 RMSE=0.14201 NRMSE=1.35748 R2=-0.84274 IC=-0.02493
2026-08-02 13:28:15,329 - options_risk_engine.forecasting.volatility - INFO - AAPL Ridge                alpha=1 RMSE=0.13805 NRMSE=1.31959 R2=-0.74132 IC=-0.00726
2026-08-02 13:28:15,330 - options_risk_engine.forecasting.volatility - INFO - AAPL Ridge                alpha=10 RMSE=0.12879 NRMSE=1.23109 R2=-0.51559 IC=0.03284
2026-08-02 13:28:15,333 - options_risk_engine.forecasting.volatility - INFO - AAPL Ridge                alpha=100 RMSE=0.11727 NRMSE=1.12098 R2=-0.25659 IC=0.08764
2026-08-02 13:28:15,334 - options_risk_engine.forecasting.volatility - INFO - AAPL Ridge                alpha=1000 RMSE=0.10993 NRMSE=1.05079 R2=-0.10416 IC=0.14536
2026-08-02 13:28:15,336 - options_risk_engine.forecasting.volatility - INFO - AAPL Ridge PCA            alpha=0.0001 RMSE=0.12644 NRMSE=1.20862 R2=-0.46075 IC=0.00080
2026-08-02 13:28:15,338 - options_risk_engine.forecasting.volatility - INFO - AAPL Ridge PCA            alpha=0.001 RMSE=0.12644 NRMSE=1.20862 R2=-0.46075 IC=0.00080
2026-08-02 13:28:15,340 - options_risk_engine.forecasting.volatility - INFO - AAPL Ridge PCA            alpha=0.01 RMSE=0.12644 NRMSE=1.20860 R2=-0.46072 IC=0.00081
2026-08-02 13:28:15,341 - options_risk_engine.forecasting.volatility - INFO - AAPL Ridge PCA            alpha=0.1 RMSE=0.12643 NRMSE=1.20846 R2=-0.46039 IC=0.00091
2026-08-02 13:28:15,343 - options_risk_engine.forecasting.volatility - INFO - AAPL Ridge PCA            alpha=1 RMSE=0.12628 NRMSE=1.20711 R2=-0.45711 IC=0.00188
2026-08-02 13:28:15,345 - options_risk_engine.forecasting.volatility - INFO - AAPL Ridge PCA            alpha=10 RMSE=0.12498 NRMSE=1.19461 R2=-0.42710 IC=0.01113
2026-08-02 13:28:15,347 - options_risk_engine.forecasting.volatility - INFO - AAPL Ridge PCA            alpha=100 RMSE=0.11804 NRMSE=1.12834 R2=-0.27315 IC=0.07141
2026-08-02 13:28:15,349 - options_risk_engine.forecasting.volatility - INFO - AAPL Ridge PCA            alpha=1000 RMSE=0.11031 NRMSE=1.05443 R2=-0.11183 IC=0.14089
2026-08-02 13:28:15,350 - options_risk_engine.forecasting.volatility - INFO - AAPL Lasso                alpha=0.0001 RMSE=0.14003 NRMSE=1.33849 R2=-0.79157 IC=-0.01808
2026-08-02 13:28:15,352 - options_risk_engine.forecasting.volatility - INFO - AAPL Lasso                alpha=0.001 RMSE=0.12662 NRMSE=1.21037 R2=-0.46499 IC=0.01207
2026-08-02 13:28:15,353 - options_risk_engine.forecasting.volatility - INFO - AAPL Lasso                alpha=0.01 RMSE=0.11395 NRMSE=1.08925 R2=-0.18646 IC=0.04100
2026-08-02 13:28:15,355 - options_risk_engine.forecasting.volatility - INFO - AAPL Lasso                alpha=0.1 RMSE=0.10960 NRMSE=1.04761 R2=-0.09748 IC=-0.48458
2026-08-02 13:28:15,357 - options_risk_engine.forecasting.volatility - INFO - AAPL Lasso                alpha=1 RMSE=0.10960 NRMSE=1.04761 R2=-0.09748 IC=-0.48458
2026-08-02 13:28:15,359 - options_risk_engine.forecasting.volatility - INFO - AAPL Lasso PCA            alpha=0.0001 RMSE=0.12637 NRMSE=1.20793 R2=-0.45911 IC=0.00095
2026-08-02 13:28:15,360 - options_risk_engine.forecasting.volatility - INFO - AAPL Lasso PCA            alpha=0.001 RMSE=0.12570 NRMSE=1.20156 R2=-0.44375 IC=0.00222
2026-08-02 13:28:15,363 - options_risk_engine.forecasting.volatility - INFO - AAPL Lasso PCA            alpha=0.01 RMSE=0.11686 NRMSE=1.11705 R2=-0.24780 IC=0.06681
2026-08-02 13:28:15,365 - options_risk_engine.forecasting.volatility - INFO - AAPL Lasso PCA            alpha=0.1 RMSE=0.10562 NRMSE=1.00955 R2=-0.01918 IC=0.05694
2026-08-02 13:28:15,366 - options_risk_engine.forecasting.volatility - INFO - AAPL Lasso PCA            alpha=1 RMSE=0.10960 NRMSE=1.04761 R2=-0.09748 IC=-0.48458
2026-08-02 13:28:15,368 - options_risk_engine.forecasting.volatility - INFO - AAPL Random Forest        alpha=None RMSE=0.13764 NRMSE=1.31570 R2=-0.73107 IC=-0.05215
2026-08-02 13:28:15,369 - options_risk_engine.forecasting.volatility - INFO - AAPL Gradient Boosting    alpha=None RMSE=0.12831 NRMSE=1.22646 R2=-0.50421 IC=-0.02675
2026-08-02 13:28:15,371 - options_risk_engine.forecasting.volatility - INFO - AAPL HAR-RV               alpha=None RMSE=0.12635 NRMSE=1.20779 R2=-0.45875 IC=-0.01064
2026-08-02 13:28:15,373 - options_risk_engine.forecasting.volatility - INFO - AAPL GARCH                alpha=None RMSE=0.11599 NRMSE=1.10875 R2=-0.22933 IC=0.14355
2026-08-02 13:28:15,375 - options_risk_engine.forecasting.volatility - INFO - AAPL evaluation complete - best model=Lasso PCA, alpha=0.1, RMSE=0.10562, NRMSE=1.00955
2026-08-02 13:28:15,379 - options_risk_engine.forecasting.volatility - INFO - MSFT starting model evaluation
2026-08-02 13:28:15,381 - options_risk_engine.forecasting.volatility - INFO - MSFT has 971 usable rows and 21 features
2026-08-02 13:28:15,381 - options_risk_engine.forecasting.volatility - INFO - Creating model specifications
2026-08-02 13:28:15,382 - options_risk_engine.forecasting.volatility - INFO - Created 34 model configurations
2026-08-02 13:28:15,382 - options_risk_engine.forecasting.volatility - INFO - MSFT walk-forward starts at row 284 with window=30, step=30, purge=32
2026-08-02 13:28:32,011 - options_risk_engine.forecasting.volatility - INFO - MSFT completed 22 walk-forward folds
2026-08-02 13:28:32,012 - options_risk_engine.forecasting.volatility - INFO - MSFT calculating model comparison metrics
2026-08-02 13:28:32,014 - options_risk_engine.forecasting.volatility - INFO - MSFT Train Mean           alpha=None RMSE=0.08842 NRMSE=1.18225 R2=-0.39772 IC=-0.35506
2026-08-02 13:28:32,015 - options_risk_engine.forecasting.volatility - INFO - MSFT RV20 Baseline        alpha=None RMSE=0.10463 NRMSE=1.39906 R2=-0.95737 IC=0.12329
2026-08-02 13:28:32,017 - options_risk_engine.forecasting.volatility - INFO - MSFT OLS                  alpha=None RMSE=0.09843 NRMSE=1.31606 R2=-0.73202 IC=-0.01404
2026-08-02 13:28:32,019 - options_risk_engine.forecasting.volatility - INFO - MSFT OLS PCA              alpha=None RMSE=0.09562 NRMSE=1.27859 R2=-0.63480 IC=-0.07146
2026-08-02 13:28:32,021 - options_risk_engine.forecasting.volatility - INFO - MSFT Ridge                alpha=0.0001 RMSE=0.09843 NRMSE=1.31606 R2=-0.73201 IC=-0.01407
2026-08-02 13:28:32,022 - options_risk_engine.forecasting.volatility - INFO - MSFT Ridge                alpha=0.001 RMSE=0.09843 NRMSE=1.31606 R2=-0.73201 IC=-0.01430
2026-08-02 13:28:32,024 - options_risk_engine.forecasting.volatility - INFO - MSFT Ridge                alpha=0.01 RMSE=0.09842 NRMSE=1.31602 R2=-0.73190 IC=-0.01656
2026-08-02 13:28:32,026 - options_risk_engine.forecasting.volatility - INFO - MSFT Ridge                alpha=0.1 RMSE=0.09836 NRMSE=1.31518 R2=-0.72970 IC=-0.03094
2026-08-02 13:28:32,028 - options_risk_engine.forecasting.volatility - INFO - MSFT Ridge                alpha=1 RMSE=0.09780 NRMSE=1.30775 R2=-0.71020 IC=-0.05072
2026-08-02 13:28:32,029 - options_risk_engine.forecasting.volatility - INFO - MSFT Ridge                alpha=10 RMSE=0.09637 NRMSE=1.28861 R2=-0.66052 IC=-0.05241
2026-08-02 13:28:32,031 - options_risk_engine.forecasting.volatility - INFO - MSFT Ridge                alpha=100 RMSE=0.09140 NRMSE=1.22216 R2=-0.49368 IC=-0.03740
2026-08-02 13:28:32,033 - options_risk_engine.forecasting.volatility - INFO - MSFT Ridge                alpha=1000 RMSE=0.08417 NRMSE=1.12539 R2=-0.26651 IC=-0.03361
2026-08-02 13:28:32,034 - options_risk_engine.forecasting.volatility - INFO - MSFT Ridge PCA            alpha=0.0001 RMSE=0.09562 NRMSE=1.27859 R2=-0.63480 IC=-0.07146
2026-08-02 13:28:32,036 - options_risk_engine.forecasting.volatility - INFO - MSFT Ridge PCA            alpha=0.001 RMSE=0.09562 NRMSE=1.27859 R2=-0.63480 IC=-0.07146
2026-08-02 13:28:32,038 - options_risk_engine.forecasting.volatility - INFO - MSFT Ridge PCA            alpha=0.01 RMSE=0.09562 NRMSE=1.27858 R2=-0.63478 IC=-0.07145
2026-08-02 13:28:32,040 - options_risk_engine.forecasting.volatility - INFO - MSFT Ridge PCA            alpha=0.1 RMSE=0.09562 NRMSE=1.27849 R2=-0.63455 IC=-0.07142
2026-08-02 13:28:32,041 - options_risk_engine.forecasting.volatility - INFO - MSFT Ridge PCA            alpha=1 RMSE=0.09555 NRMSE=1.27761 R2=-0.63228 IC=-0.07109
2026-08-02 13:28:32,044 - options_risk_engine.forecasting.volatility - INFO - MSFT Ridge PCA            alpha=10 RMSE=0.09492 NRMSE=1.26923 R2=-0.61095 IC=-0.06792
2026-08-02 13:28:32,045 - options_risk_engine.forecasting.volatility - INFO - MSFT Ridge PCA            alpha=100 RMSE=0.09097 NRMSE=1.21631 R2=-0.47942 IC=-0.04783
2026-08-02 13:28:32,047 - options_risk_engine.forecasting.volatility - INFO - MSFT Ridge PCA            alpha=1000 RMSE=0.08422 NRMSE=1.12610 R2=-0.26809 IC=-0.03965
2026-08-02 13:28:32,048 - options_risk_engine.forecasting.volatility - INFO - MSFT Lasso                alpha=0.0001 RMSE=0.09819 NRMSE=1.31288 R2=-0.72366 IC=-0.03737
2026-08-02 13:28:32,050 - options_risk_engine.forecasting.volatility - INFO - MSFT Lasso                alpha=0.001 RMSE=0.09536 NRMSE=1.27508 R2=-0.62582 IC=-0.08360
2026-08-02 13:28:32,052 - options_risk_engine.forecasting.volatility - INFO - MSFT Lasso                alpha=0.01 RMSE=0.08695 NRMSE=1.16263 R2=-0.35170 IC=-0.11584
2026-08-02 13:28:32,053 - options_risk_engine.forecasting.volatility - INFO - MSFT Lasso                alpha=0.1 RMSE=0.08842 NRMSE=1.18225 R2=-0.39772 IC=-0.35506
2026-08-02 13:28:32,055 - options_risk_engine.forecasting.volatility - INFO - MSFT Lasso                alpha=1 RMSE=0.08842 NRMSE=1.18225 R2=-0.39772 IC=-0.35506
2026-08-02 13:28:32,057 - options_risk_engine.forecasting.volatility - INFO - MSFT Lasso PCA            alpha=0.0001 RMSE=0.09551 NRMSE=1.27701 R2=-0.63076 IC=-0.07138
2026-08-02 13:28:32,058 - options_risk_engine.forecasting.volatility - INFO - MSFT Lasso PCA            alpha=0.001 RMSE=0.09455 NRMSE=1.26416 R2=-0.59810 IC=-0.07083
2026-08-02 13:28:32,060 - options_risk_engine.forecasting.volatility - INFO - MSFT Lasso PCA            alpha=0.01 RMSE=0.08802 NRMSE=1.17691 R2=-0.38512 IC=-0.07801
2026-08-02 13:28:32,062 - options_risk_engine.forecasting.volatility - INFO - MSFT Lasso PCA            alpha=0.1 RMSE=0.08625 NRMSE=1.15323 R2=-0.32994 IC=-0.29033
2026-08-02 13:28:32,063 - options_risk_engine.forecasting.volatility - INFO - MSFT Lasso PCA            alpha=1 RMSE=0.08842 NRMSE=1.18225 R2=-0.39772 IC=-0.35506
2026-08-02 13:28:32,065 - options_risk_engine.forecasting.volatility - INFO - MSFT Random Forest        alpha=None RMSE=0.10522 NRMSE=1.40694 R2=-0.97948 IC=-0.06880
2026-08-02 13:28:32,066 - options_risk_engine.forecasting.volatility - INFO - MSFT Gradient Boosting    alpha=None RMSE=0.10123 NRMSE=1.35359 R2=-0.83221 IC=-0.06645
2026-08-02 13:28:32,068 - options_risk_engine.forecasting.volatility - INFO - MSFT HAR-RV               alpha=None RMSE=0.09716 NRMSE=1.29912 R2=-0.68770 IC=-0.13337
2026-08-02 13:28:32,069 - options_risk_engine.forecasting.volatility - INFO - MSFT GARCH                alpha=None RMSE=0.08325 NRMSE=1.11312 R2=-0.23903 IC=0.04316
2026-08-02 13:28:32,070 - options_risk_engine.forecasting.volatility - INFO - MSFT evaluation complete - best model=GARCH, alpha=nan, RMSE=0.08325, NRMSE=1.11312
2026-08-02 13:28:32,074 - options_risk_engine.forecasting.volatility - INFO - META starting model evaluation
2026-08-02 13:28:32,075 - options_risk_engine.forecasting.volatility - INFO - META has 971 usable rows and 21 features
2026-08-02 13:28:32,076 - options_risk_engine.forecasting.volatility - INFO - Creating model specifications
2026-08-02 13:28:32,076 - options_risk_engine.forecasting.volatility - INFO - Created 34 model configurations
2026-08-02 13:28:32,077 - options_risk_engine.forecasting.volatility - INFO - META walk-forward starts at row 284 with window=30, step=30, purge=32
2026-08-02 13:28:50,790 - options_risk_engine.forecasting.volatility - INFO - META completed 22 walk-forward folds
2026-08-02 13:28:50,792 - options_risk_engine.forecasting.volatility - INFO - META calculating model comparison metrics
2026-08-02 13:28:50,794 - options_risk_engine.forecasting.volatility - INFO - META Train Mean           alpha=None RMSE=0.14507 NRMSE=1.19096 R2=-0.41839 IC=-0.12845
2026-08-02 13:28:50,796 - options_risk_engine.forecasting.volatility - INFO - META RV20 Baseline        alpha=None RMSE=0.20570 NRMSE=1.68873 R2=-1.85181 IC=-0.17340
2026-08-02 13:28:50,798 - options_risk_engine.forecasting.volatility - INFO - META OLS                  alpha=None RMSE=0.20237 NRMSE=1.66145 R2=-1.76041 IC=-0.12234
2026-08-02 13:28:50,800 - options_risk_engine.forecasting.volatility - INFO - META OLS PCA              alpha=None RMSE=0.15624 NRMSE=1.28268 R2=-0.64527 IC=0.02020
2026-08-02 13:28:50,802 - options_risk_engine.forecasting.volatility - INFO - META Ridge                alpha=0.0001 RMSE=0.20235 NRMSE=1.66124 R2=-1.75971 IC=-0.12232
2026-08-02 13:28:50,804 - options_risk_engine.forecasting.volatility - INFO - META Ridge                alpha=0.001 RMSE=0.20212 NRMSE=1.65937 R2=-1.75350 IC=-0.12216
2026-08-02 13:28:50,806 - options_risk_engine.forecasting.volatility - INFO - META Ridge                alpha=0.01 RMSE=0.19996 NRMSE=1.64165 R2=-1.69501 IC=-0.12046
2026-08-02 13:28:50,807 - options_risk_engine.forecasting.volatility - INFO - META Ridge                alpha=0.1 RMSE=0.18614 NRMSE=1.52814 R2=-1.33523 IC=-0.10331
2026-08-02 13:28:50,809 - options_risk_engine.forecasting.volatility - INFO - META Ridge                alpha=1 RMSE=0.16780 NRMSE=1.37760 R2=-0.89779 IC=-0.03999
2026-08-02 13:28:50,811 - options_risk_engine.forecasting.volatility - INFO - META Ridge                alpha=10 RMSE=0.16220 NRMSE=1.33163 R2=-0.77324 IC=0.00200
2026-08-02 13:28:50,813 - options_risk_engine.forecasting.volatility - INFO - META Ridge                alpha=100 RMSE=0.14859 NRMSE=1.21988 R2=-0.48810 IC=-0.00626
2026-08-02 13:28:50,815 - options_risk_engine.forecasting.volatility - INFO - META Ridge                alpha=1000 RMSE=0.13927 NRMSE=1.14336 R2=-0.30727 IC=-0.13577
2026-08-02 13:28:50,817 - options_risk_engine.forecasting.volatility - INFO - META Ridge PCA            alpha=0.0001 RMSE=0.15624 NRMSE=1.28268 R2=-0.64527 IC=0.02020
2026-08-02 13:28:50,819 - options_risk_engine.forecasting.volatility - INFO - META Ridge PCA            alpha=0.001 RMSE=0.15624 NRMSE=1.28268 R2=-0.64527 IC=0.02020
2026-08-02 13:28:50,821 - options_risk_engine.forecasting.volatility - INFO - META Ridge PCA            alpha=0.01 RMSE=0.15624 NRMSE=1.28267 R2=-0.64524 IC=0.02020
2026-08-02 13:28:50,822 - options_risk_engine.forecasting.volatility - INFO - META Ridge PCA            alpha=0.1 RMSE=0.15622 NRMSE=1.28257 R2=-0.64498 IC=0.02017
2026-08-02 13:28:50,824 - options_risk_engine.forecasting.volatility - INFO - META Ridge PCA            alpha=1 RMSE=0.15610 NRMSE=1.28154 R2=-0.64235 IC=0.01986
2026-08-02 13:28:50,826 - options_risk_engine.forecasting.volatility - INFO - META Ridge PCA            alpha=10 RMSE=0.15492 NRMSE=1.27188 R2=-0.61769 IC=0.01678
2026-08-02 13:28:50,828 - options_risk_engine.forecasting.volatility - INFO - META Ridge PCA            alpha=100 RMSE=0.14773 NRMSE=1.21281 R2=-0.47090 IC=-0.01070
2026-08-02 13:28:50,830 - options_risk_engine.forecasting.volatility - INFO - META Ridge PCA            alpha=1000 RMSE=0.13981 NRMSE=1.14781 R2=-0.31746 IC=-0.13662
2026-08-02 13:28:50,832 - options_risk_engine.forecasting.volatility - INFO - META Lasso                alpha=0.0001 RMSE=0.18685 NRMSE=1.53401 R2=-1.35317 IC=-0.12708
2026-08-02 13:28:50,834 - options_risk_engine.forecasting.volatility - INFO - META Lasso                alpha=0.001 RMSE=0.16370 NRMSE=1.34396 R2=-0.80623 IC=0.00980
2026-08-02 13:28:50,836 - options_risk_engine.forecasting.volatility - INFO - META Lasso                alpha=0.01 RMSE=0.15531 NRMSE=1.27504 R2=-0.62573 IC=0.01041
2026-08-02 13:28:50,837 - options_risk_engine.forecasting.volatility - INFO - META Lasso                alpha=0.1 RMSE=0.14562 NRMSE=1.19553 R2=-0.42928 IC=-0.13743
2026-08-02 13:28:50,839 - options_risk_engine.forecasting.volatility - INFO - META Lasso                alpha=1 RMSE=0.14507 NRMSE=1.19096 R2=-0.41839 IC=-0.12845
2026-08-02 13:28:50,841 - options_risk_engine.forecasting.volatility - INFO - META Lasso PCA            alpha=0.0001 RMSE=0.15614 NRMSE=1.28192 R2=-0.64331 IC=0.01987
2026-08-02 13:28:50,843 - options_risk_engine.forecasting.volatility - INFO - META Lasso PCA            alpha=0.001 RMSE=0.15532 NRMSE=1.27517 R2=-0.62606 IC=0.01679
2026-08-02 13:28:50,844 - options_risk_engine.forecasting.volatility - INFO - META Lasso PCA            alpha=0.01 RMSE=0.14884 NRMSE=1.22192 R2=-0.49308 IC=-0.02273
2026-08-02 13:28:50,846 - options_risk_engine.forecasting.volatility - INFO - META Lasso PCA            alpha=0.1 RMSE=0.14774 NRMSE=1.21292 R2=-0.47117 IC=-0.26553
2026-08-02 13:28:50,849 - options_risk_engine.forecasting.volatility - INFO - META Lasso PCA            alpha=1 RMSE=0.14507 NRMSE=1.19096 R2=-0.41839 IC=-0.12845
2026-08-02 13:28:50,851 - options_risk_engine.forecasting.volatility - INFO - META Random Forest        alpha=None RMSE=0.16885 NRMSE=1.38621 R2=-0.92158 IC=-0.10190
2026-08-02 13:28:50,853 - options_risk_engine.forecasting.volatility - INFO - META Gradient Boosting    alpha=None RMSE=0.15105 NRMSE=1.24013 R2=-0.53792 IC=0.02120
2026-08-02 13:28:50,854 - options_risk_engine.forecasting.volatility - INFO - META HAR-RV               alpha=None RMSE=0.16757 NRMSE=1.37573 R2=-0.89263 IC=0.01569
2026-08-02 13:28:50,856 - options_risk_engine.forecasting.volatility - INFO - META GARCH                alpha=None RMSE=0.21776 NRMSE=1.78777 R2=-2.19613 IC=-0.01975
2026-08-02 13:28:50,857 - options_risk_engine.forecasting.volatility - INFO - META evaluation complete - best model=Ridge, alpha=1000.0, RMSE=0.13927, NRMSE=1.14336
2026-08-02 13:28:50,862 - options_risk_engine.forecasting.volatility - INFO - WMT starting model evaluation
2026-08-02 13:28:50,865 - options_risk_engine.forecasting.volatility - INFO - WMT has 971 usable rows and 21 features
2026-08-02 13:28:50,865 - options_risk_engine.forecasting.volatility - INFO - Creating model specifications
2026-08-02 13:28:50,866 - options_risk_engine.forecasting.volatility - INFO - Created 34 model configurations
2026-08-02 13:28:50,867 - options_risk_engine.forecasting.volatility - INFO - WMT walk-forward starts at row 284 with window=30, step=30, purge=32
2026-08-02 13:29:08,648 - options_risk_engine.forecasting.volatility - INFO - WMT completed 22 walk-forward folds
2026-08-02 13:29:08,650 - options_risk_engine.forecasting.volatility - INFO - WMT calculating model comparison metrics
2026-08-02 13:29:08,652 - options_risk_engine.forecasting.volatility - INFO - WMT Train Mean           alpha=None RMSE=0.07943 NRMSE=1.12322 R2=-0.26161 IC=0.23053
2026-08-02 13:29:08,654 - options_risk_engine.forecasting.volatility - INFO - WMT RV20 Baseline        alpha=None RMSE=0.09972 NRMSE=1.41001 R2=-0.98812 IC=0.16391
2026-08-02 13:29:08,656 - options_risk_engine.forecasting.volatility - INFO - WMT OLS                  alpha=None RMSE=0.10481 NRMSE=1.48210 R2=-1.19661 IC=-0.01525
2026-08-02 13:29:08,657 - options_risk_engine.forecasting.volatility - INFO - WMT OLS PCA              alpha=None RMSE=0.08305 NRMSE=1.17429 R2=-0.37896 IC=0.03277
2026-08-02 13:29:08,659 - options_risk_engine.forecasting.volatility - INFO - WMT Ridge                alpha=0.0001 RMSE=0.10481 NRMSE=1.48199 R2=-1.19631 IC=-0.01525
2026-08-02 13:29:08,660 - options_risk_engine.forecasting.volatility - INFO - WMT Ridge                alpha=0.001 RMSE=0.10474 NRMSE=1.48108 R2=-1.19360 IC=-0.01530
2026-08-02 13:29:08,662 - options_risk_engine.forecasting.volatility - INFO - WMT Ridge                alpha=0.01 RMSE=0.10413 NRMSE=1.47245 R2=-1.16811 IC=-0.01579
2026-08-02 13:29:08,664 - options_risk_engine.forecasting.volatility - INFO - WMT Ridge                alpha=0.1 RMSE=0.10027 NRMSE=1.41782 R2=-1.01022 IC=-0.01894
2026-08-02 13:29:08,665 - options_risk_engine.forecasting.volatility - INFO - WMT Ridge                alpha=1 RMSE=0.09354 NRMSE=1.32271 R2=-0.74956 IC=-0.01860
2026-08-02 13:29:08,667 - options_risk_engine.forecasting.volatility - INFO - WMT Ridge                alpha=10 RMSE=0.08761 NRMSE=1.23883 R2=-0.53469 IC=0.02083
2026-08-02 13:29:08,669 - options_risk_engine.forecasting.volatility - INFO - WMT Ridge                alpha=100 RMSE=0.08149 NRMSE=1.15225 R2=-0.32768 IC=0.07524
2026-08-02 13:29:08,670 - options_risk_engine.forecasting.volatility - INFO - WMT Ridge                alpha=1000 RMSE=0.07914 NRMSE=1.11904 R2=-0.25224 IC=0.11965
2026-08-02 13:29:08,672 - options_risk_engine.forecasting.volatility - INFO - WMT Ridge PCA            alpha=0.0001 RMSE=0.08305 NRMSE=1.17429 R2=-0.37896 IC=0.03277
2026-08-02 13:29:08,674 - options_risk_engine.forecasting.volatility - INFO - WMT Ridge PCA            alpha=0.001 RMSE=0.08305 NRMSE=1.17429 R2=-0.37896 IC=0.03277
2026-08-02 13:29:08,675 - options_risk_engine.forecasting.volatility - INFO - WMT Ridge PCA            alpha=0.01 RMSE=0.08305 NRMSE=1.17429 R2=-0.37895 IC=0.03277
2026-08-02 13:29:08,677 - options_risk_engine.forecasting.volatility - INFO - WMT Ridge PCA            alpha=0.1 RMSE=0.08304 NRMSE=1.17425 R2=-0.37886 IC=0.03281
2026-08-02 13:29:08,679 - options_risk_engine.forecasting.volatility - INFO - WMT Ridge PCA            alpha=1 RMSE=0.08302 NRMSE=1.17389 R2=-0.37801 IC=0.03316
2026-08-02 13:29:08,680 - options_risk_engine.forecasting.volatility - INFO - WMT Ridge PCA            alpha=10 RMSE=0.08278 NRMSE=1.17049 R2=-0.37005 IC=0.03654
2026-08-02 13:29:08,682 - options_risk_engine.forecasting.volatility - INFO - WMT Ridge PCA            alpha=100 RMSE=0.08141 NRMSE=1.15112 R2=-0.32509 IC=0.06005
2026-08-02 13:29:08,683 - options_risk_engine.forecasting.volatility - INFO - WMT Ridge PCA            alpha=1000 RMSE=0.07945 NRMSE=1.12342 R2=-0.26207 IC=0.11297
2026-08-02 13:29:08,684 - options_risk_engine.forecasting.volatility - INFO - WMT Lasso                alpha=0.0001 RMSE=0.09299 NRMSE=1.31489 R2=-0.72894 IC=-0.00161
2026-08-02 13:29:08,686 - options_risk_engine.forecasting.volatility - INFO - WMT Lasso                alpha=0.001 RMSE=0.08682 NRMSE=1.22763 R2=-0.50708 IC=0.01923
2026-08-02 13:29:08,688 - options_risk_engine.forecasting.volatility - INFO - WMT Lasso                alpha=0.01 RMSE=0.08319 NRMSE=1.17635 R2=-0.38381 IC=-0.06811
2026-08-02 13:29:08,689 - options_risk_engine.forecasting.volatility - INFO - WMT Lasso                alpha=0.1 RMSE=0.07943 NRMSE=1.12322 R2=-0.26161 IC=0.23053
2026-08-02 13:29:08,691 - options_risk_engine.forecasting.volatility - INFO - WMT Lasso                alpha=1 RMSE=0.07943 NRMSE=1.12322 R2=-0.26161 IC=0.23053
2026-08-02 13:29:08,693 - options_risk_engine.forecasting.volatility - INFO - WMT Lasso PCA            alpha=0.0001 RMSE=0.08296 NRMSE=1.17314 R2=-0.37626 IC=0.03384
2026-08-02 13:29:08,694 - options_risk_engine.forecasting.volatility - INFO - WMT Lasso PCA            alpha=0.001 RMSE=0.08229 NRMSE=1.16363 R2=-0.35404 IC=0.04331
2026-08-02 13:29:08,696 - options_risk_engine.forecasting.volatility - INFO - WMT Lasso PCA            alpha=0.01 RMSE=0.08131 NRMSE=1.14975 R2=-0.32193 IC=0.08996
2026-08-02 13:29:08,698 - options_risk_engine.forecasting.volatility - INFO - WMT Lasso PCA            alpha=0.1 RMSE=0.07997 NRMSE=1.13082 R2=-0.27875 IC=0.18300
2026-08-02 13:29:08,699 - options_risk_engine.forecasting.volatility - INFO - WMT Lasso PCA            alpha=1 RMSE=0.07943 NRMSE=1.12322 R2=-0.26161 IC=0.23053
2026-08-02 13:29:08,701 - options_risk_engine.forecasting.volatility - INFO - WMT Random Forest        alpha=None RMSE=0.08524 NRMSE=1.20534 R2=-0.45284 IC=-0.06524
2026-08-02 13:29:08,703 - options_risk_engine.forecasting.volatility - INFO - WMT Gradient Boosting    alpha=None RMSE=0.08773 NRMSE=1.24055 R2=-0.53896 IC=-0.07340
2026-08-02 13:29:08,704 - options_risk_engine.forecasting.volatility - INFO - WMT HAR-RV               alpha=None RMSE=0.08569 NRMSE=1.21167 R2=-0.46814 IC=-0.19010
2026-08-02 13:29:08,706 - options_risk_engine.forecasting.volatility - INFO - WMT GARCH                alpha=None RMSE=0.08412 NRMSE=1.18941 R2=-0.41470 IC=0.12357
2026-08-02 13:29:08,707 - options_risk_engine.forecasting.volatility - INFO - WMT evaluation complete - best model=Ridge, alpha=1000.0, RMSE=0.07914, NRMSE=1.11904
2026-08-02 13:29:08,713 - options_risk_engine.forecasting.volatility - INFO - GOOGL starting model evaluation
2026-08-02 13:29:08,715 - options_risk_engine.forecasting.volatility - INFO - GOOGL has 971 usable rows and 21 features
2026-08-02 13:29:08,715 - options_risk_engine.forecasting.volatility - INFO - Creating model specifications
2026-08-02 13:29:08,716 - options_risk_engine.forecasting.volatility - INFO - Created 34 model configurations
2026-08-02 13:29:08,716 - options_risk_engine.forecasting.volatility - INFO - GOOGL walk-forward starts at row 284 with window=30, step=30, purge=32
2026-08-02 13:29:26,139 - options_risk_engine.forecasting.volatility - INFO - GOOGL completed 22 walk-forward folds
2026-08-02 13:29:26,140 - options_risk_engine.forecasting.volatility - INFO - GOOGL calculating model comparison metrics
2026-08-02 13:29:26,142 - options_risk_engine.forecasting.volatility - INFO - GOOGL Train Mean           alpha=None RMSE=0.07436 NRMSE=1.07006 R2=-0.14504 IC=-0.20185
2026-08-02 13:29:26,143 - options_risk_engine.forecasting.volatility - INFO - GOOGL RV20 Baseline        alpha=None RMSE=0.11222 NRMSE=1.61476 R2=-1.60746 IC=-0.03534
2026-08-02 13:29:26,145 - options_risk_engine.forecasting.volatility - INFO - GOOGL OLS                  alpha=None RMSE=0.09815 NRMSE=1.41226 R2=-0.99447 IC=0.12447
2026-08-02 13:29:26,147 - options_risk_engine.forecasting.volatility - INFO - GOOGL OLS PCA              alpha=None RMSE=0.08116 NRMSE=1.16786 R2=-0.36389 IC=-0.01548
2026-08-02 13:29:26,149 - options_risk_engine.forecasting.volatility - INFO - GOOGL Ridge                alpha=0.0001 RMSE=0.09813 NRMSE=1.41207 R2=-0.99395 IC=0.12444
2026-08-02 13:29:26,151 - options_risk_engine.forecasting.volatility - INFO - GOOGL Ridge                alpha=0.001 RMSE=0.09802 NRMSE=1.41043 R2=-0.98930 IC=0.12419
2026-08-02 13:29:26,153 - options_risk_engine.forecasting.volatility - INFO - GOOGL Ridge                alpha=0.01 RMSE=0.09697 NRMSE=1.39539 R2=-0.94712 IC=0.12174
2026-08-02 13:29:26,155 - options_risk_engine.forecasting.volatility - INFO - GOOGL Ridge                alpha=0.1 RMSE=0.09173 NRMSE=1.31991 R2=-0.74215 IC=0.10369
2026-08-02 13:29:26,156 - options_risk_engine.forecasting.volatility - INFO - GOOGL Ridge                alpha=1 RMSE=0.08597 NRMSE=1.23708 R2=-0.53037 IC=0.07439
2026-08-02 13:29:26,159 - options_risk_engine.forecasting.volatility - INFO - GOOGL Ridge                alpha=10 RMSE=0.08158 NRMSE=1.17388 R2=-0.37800 IC=0.07840
2026-08-02 13:29:26,161 - options_risk_engine.forecasting.volatility - INFO - GOOGL Ridge                alpha=100 RMSE=0.07810 NRMSE=1.12383 R2=-0.26299 IC=0.02448
2026-08-02 13:29:26,163 - options_risk_engine.forecasting.volatility - INFO - GOOGL Ridge                alpha=1000 RMSE=0.07485 NRMSE=1.07697 R2=-0.15987 IC=-0.12187
2026-08-02 13:29:26,165 - options_risk_engine.forecasting.volatility - INFO - GOOGL Ridge PCA            alpha=0.0001 RMSE=0.08116 NRMSE=1.16786 R2=-0.36389 IC=-0.01548
2026-08-02 13:29:26,166 - options_risk_engine.forecasting.volatility - INFO - GOOGL Ridge PCA            alpha=0.001 RMSE=0.08116 NRMSE=1.16786 R2=-0.36389 IC=-0.01548
2026-08-02 13:29:26,168 - options_risk_engine.forecasting.volatility - INFO - GOOGL Ridge PCA            alpha=0.01 RMSE=0.08116 NRMSE=1.16785 R2=-0.36388 IC=-0.01548
2026-08-02 13:29:26,169 - options_risk_engine.forecasting.volatility - INFO - GOOGL Ridge PCA            alpha=0.1 RMSE=0.08116 NRMSE=1.16782 R2=-0.36381 IC=-0.01552
2026-08-02 13:29:26,171 - options_risk_engine.forecasting.volatility - INFO - GOOGL Ridge PCA            alpha=1 RMSE=0.08114 NRMSE=1.16750 R2=-0.36305 IC=-0.01589
2026-08-02 13:29:26,173 - options_risk_engine.forecasting.volatility - INFO - GOOGL Ridge PCA            alpha=10 RMSE=0.08092 NRMSE=1.16436 R2=-0.35574 IC=-0.01951
2026-08-02 13:29:26,175 - options_risk_engine.forecasting.volatility - INFO - GOOGL Ridge PCA            alpha=100 RMSE=0.07930 NRMSE=1.14106 R2=-0.30202 IC=-0.04676
2026-08-02 13:29:26,176 - options_risk_engine.forecasting.volatility - INFO - GOOGL Ridge PCA            alpha=1000 RMSE=0.07532 NRMSE=1.08376 R2=-0.17455 IC=-0.14719
2026-08-02 13:29:26,179 - options_risk_engine.forecasting.volatility - INFO - GOOGL Lasso                alpha=0.0001 RMSE=0.09202 NRMSE=1.32407 R2=-0.75317 IC=0.12169
2026-08-02 13:29:26,180 - options_risk_engine.forecasting.volatility - INFO - GOOGL Lasso                alpha=0.001 RMSE=0.08162 NRMSE=1.17443 R2=-0.37928 IC=0.07169
2026-08-02 13:29:26,182 - options_risk_engine.forecasting.volatility - INFO - GOOGL Lasso                alpha=0.01 RMSE=0.07513 NRMSE=1.08103 R2=-0.16863 IC=-0.12171
2026-08-02 13:29:26,184 - options_risk_engine.forecasting.volatility - INFO - GOOGL Lasso                alpha=0.1 RMSE=0.07436 NRMSE=1.07006 R2=-0.14504 IC=-0.20185
2026-08-02 13:29:26,186 - options_risk_engine.forecasting.volatility - INFO - GOOGL Lasso                alpha=1 RMSE=0.07436 NRMSE=1.07006 R2=-0.14504 IC=-0.20185
2026-08-02 13:29:26,187 - options_risk_engine.forecasting.volatility - INFO - GOOGL Lasso PCA            alpha=0.0001 RMSE=0.08110 NRMSE=1.16696 R2=-0.36179 IC=-0.01576
2026-08-02 13:29:26,189 - options_risk_engine.forecasting.volatility - INFO - GOOGL Lasso PCA            alpha=0.001 RMSE=0.08058 NRMSE=1.15949 R2=-0.34442 IC=-0.01884
2026-08-02 13:29:26,191 - options_risk_engine.forecasting.volatility - INFO - GOOGL Lasso PCA            alpha=0.01 RMSE=0.07663 NRMSE=1.10263 R2=-0.21579 IC=-0.06975
2026-08-02 13:29:26,198 - options_risk_engine.forecasting.volatility - INFO - GOOGL Lasso PCA            alpha=0.1 RMSE=0.07436 NRMSE=1.07006 R2=-0.14504 IC=-0.20185
2026-08-02 13:29:26,224 - options_risk_engine.forecasting.volatility - INFO - GOOGL Lasso PCA            alpha=1 RMSE=0.07436 NRMSE=1.07006 R2=-0.14504 IC=-0.20185
2026-08-02 13:29:26,236 - options_risk_engine.forecasting.volatility - INFO - GOOGL Random Forest        alpha=None RMSE=0.09470 NRMSE=1.36265 R2=-0.85680 IC=-0.17899
2026-08-02 13:29:26,238 - options_risk_engine.forecasting.volatility - INFO - GOOGL Gradient Boosting    alpha=None RMSE=0.09131 NRMSE=1.31393 R2=-0.72641 IC=-0.11217
2026-08-02 13:29:26,240 - options_risk_engine.forecasting.volatility - INFO - GOOGL HAR-RV               alpha=None RMSE=0.08313 NRMSE=1.19621 R2=-0.43092 IC=-0.17770
2026-08-02 13:29:26,242 - options_risk_engine.forecasting.volatility - INFO - GOOGL GARCH                alpha=None RMSE=0.07616 NRMSE=1.09596 R2=-0.20113 IC=-0.29409
2026-08-02 13:29:26,243 - options_risk_engine.forecasting.volatility - INFO - GOOGL evaluation complete - best model=Train Mean, alpha=nan, RMSE=0.07436, NRMSE=1.07006
2026-08-02 13:29:26,249 - options_risk_engine.forecasting.volatility - INFO - AMZN starting model evaluation
2026-08-02 13:29:26,252 - options_risk_engine.forecasting.volatility - INFO - AMZN has 971 usable rows and 21 features
2026-08-02 13:29:26,253 - options_risk_engine.forecasting.volatility - INFO - Creating model specifications
2026-08-02 13:29:26,254 - options_risk_engine.forecasting.volatility - INFO - Created 34 model configurations
2026-08-02 13:29:26,255 - options_risk_engine.forecasting.volatility - INFO - AMZN walk-forward starts at row 284 with window=30, step=30, purge=32
2026-08-02 13:29:45,364 - options_risk_engine.forecasting.volatility - INFO - AMZN completed 22 walk-forward folds
2026-08-02 13:29:45,366 - options_risk_engine.forecasting.volatility - INFO - AMZN calculating model comparison metrics
2026-08-02 13:29:45,368 - options_risk_engine.forecasting.volatility - INFO - AMZN Train Mean           alpha=None RMSE=0.09926 NRMSE=1.16814 R2=-0.36456 IC=-0.25176
2026-08-02 13:29:45,370 - options_risk_engine.forecasting.volatility - INFO - AMZN RV20 Baseline        alpha=None RMSE=0.13576 NRMSE=1.59759 R2=-1.55229 IC=-0.07732
2026-08-02 13:29:45,372 - options_risk_engine.forecasting.volatility - INFO - AMZN OLS                  alpha=None RMSE=0.11565 NRMSE=1.36093 R2=-0.85212 IC=0.09202
2026-08-02 13:29:45,375 - options_risk_engine.forecasting.volatility - INFO - AMZN OLS PCA              alpha=None RMSE=0.09816 NRMSE=1.15513 R2=-0.33432 IC=0.08226
2026-08-02 13:29:45,377 - options_risk_engine.forecasting.volatility - INFO - AMZN Ridge                alpha=0.0001 RMSE=0.11564 NRMSE=1.36089 R2=-0.85202 IC=0.09200
2026-08-02 13:29:45,378 - options_risk_engine.forecasting.volatility - INFO - AMZN Ridge                alpha=0.001 RMSE=0.11562 NRMSE=1.36057 R2=-0.85115 IC=0.09182
2026-08-02 13:29:45,380 - options_risk_engine.forecasting.volatility - INFO - AMZN Ridge                alpha=0.01 RMSE=0.11536 NRMSE=1.35750 R2=-0.84281 IC=0.09007
2026-08-02 13:29:45,381 - options_risk_engine.forecasting.volatility - INFO - AMZN Ridge                alpha=0.1 RMSE=0.11345 NRMSE=1.33510 R2=-0.78250 IC=0.07910
2026-08-02 13:29:45,383 - options_risk_engine.forecasting.volatility - INFO - AMZN Ridge                alpha=1 RMSE=0.10721 NRMSE=1.26166 R2=-0.59177 IC=0.06181
2026-08-02 13:29:45,385 - options_risk_engine.forecasting.volatility - INFO - AMZN Ridge                alpha=10 RMSE=0.10173 NRMSE=1.19716 R2=-0.43320 IC=0.05639
2026-08-02 13:29:45,387 - options_risk_engine.forecasting.volatility - INFO - AMZN Ridge                alpha=100 RMSE=0.09569 NRMSE=1.12611 R2=-0.26812 IC=0.05235
2026-08-02 13:29:45,388 - options_risk_engine.forecasting.volatility - INFO - AMZN Ridge                alpha=1000 RMSE=0.09323 NRMSE=1.09712 R2=-0.20367 IC=-0.10137
2026-08-02 13:29:45,390 - options_risk_engine.forecasting.volatility - INFO - AMZN Ridge PCA            alpha=0.0001 RMSE=0.09816 NRMSE=1.15513 R2=-0.33432 IC=0.08226
2026-08-02 13:29:45,392 - options_risk_engine.forecasting.volatility - INFO - AMZN Ridge PCA            alpha=0.001 RMSE=0.09816 NRMSE=1.15513 R2=-0.33432 IC=0.08226
2026-08-02 13:29:45,393 - options_risk_engine.forecasting.volatility - INFO - AMZN Ridge PCA            alpha=0.01 RMSE=0.09816 NRMSE=1.15512 R2=-0.33431 IC=0.08226
2026-08-02 13:29:45,395 - options_risk_engine.forecasting.volatility - INFO - AMZN Ridge PCA            alpha=0.1 RMSE=0.09815 NRMSE=1.15507 R2=-0.33418 IC=0.08224
2026-08-02 13:29:45,397 - options_risk_engine.forecasting.volatility - INFO - AMZN Ridge PCA            alpha=1 RMSE=0.09811 NRMSE=1.15453 R2=-0.33294 IC=0.08207
2026-08-02 13:29:45,398 - options_risk_engine.forecasting.volatility - INFO - AMZN Ridge PCA            alpha=10 RMSE=0.09768 NRMSE=1.14946 R2=-0.32125 IC=0.08027
2026-08-02 13:29:45,400 - options_risk_engine.forecasting.volatility - INFO - AMZN Ridge PCA            alpha=100 RMSE=0.09501 NRMSE=1.11810 R2=-0.25014 IC=0.05842
2026-08-02 13:29:45,402 - options_risk_engine.forecasting.volatility - INFO - AMZN Ridge PCA            alpha=1000 RMSE=0.09321 NRMSE=1.09690 R2=-0.20319 IC=-0.10037
2026-08-02 13:29:45,404 - options_risk_engine.forecasting.volatility - INFO - AMZN Lasso                alpha=0.0001 RMSE=0.11287 NRMSE=1.32821 R2=-0.76413 IC=0.06921
2026-08-02 13:29:45,406 - options_risk_engine.forecasting.volatility - INFO - AMZN Lasso                alpha=0.001 RMSE=0.10223 NRMSE=1.20299 R2=-0.44717 IC=0.03921
2026-08-02 13:29:45,408 - options_risk_engine.forecasting.volatility - INFO - AMZN Lasso                alpha=0.01 RMSE=0.10038 NRMSE=1.18125 R2=-0.39535 IC=-0.10457
2026-08-02 13:29:45,409 - options_risk_engine.forecasting.volatility - INFO - AMZN Lasso                alpha=0.1 RMSE=0.09926 NRMSE=1.16814 R2=-0.36456 IC=-0.25176
2026-08-02 13:29:45,412 - options_risk_engine.forecasting.volatility - INFO - AMZN Lasso                alpha=1 RMSE=0.09926 NRMSE=1.16814 R2=-0.36456 IC=-0.25176
2026-08-02 13:29:45,414 - options_risk_engine.forecasting.volatility - INFO - AMZN Lasso PCA            alpha=0.0001 RMSE=0.09812 NRMSE=1.15463 R2=-0.33317 IC=0.08120
2026-08-02 13:29:45,416 - options_risk_engine.forecasting.volatility - INFO - AMZN Lasso PCA            alpha=0.001 RMSE=0.09774 NRMSE=1.15024 R2=-0.32306 IC=0.07164
2026-08-02 13:29:45,419 - options_risk_engine.forecasting.volatility - INFO - AMZN Lasso PCA            alpha=0.01 RMSE=0.09568 NRMSE=1.12597 R2=-0.26780 IC=-0.02421
2026-08-02 13:29:45,420 - options_risk_engine.forecasting.volatility - INFO - AMZN Lasso PCA            alpha=0.1 RMSE=0.09897 NRMSE=1.16473 R2=-0.35660 IC=-0.26160
2026-08-02 13:29:45,423 - options_risk_engine.forecasting.volatility - INFO - AMZN Lasso PCA            alpha=1 RMSE=0.09926 NRMSE=1.16814 R2=-0.36456 IC=-0.25176
2026-08-02 13:29:45,424 - options_risk_engine.forecasting.volatility - INFO - AMZN Random Forest        alpha=None RMSE=0.13022 NRMSE=1.53237 R2=-1.34816 IC=-0.21254
2026-08-02 13:29:45,426 - options_risk_engine.forecasting.volatility - INFO - AMZN Gradient Boosting    alpha=None RMSE=0.13195 NRMSE=1.55276 R2=-1.41107 IC=-0.20027
2026-08-02 13:29:45,428 - options_risk_engine.forecasting.volatility - INFO - AMZN HAR-RV               alpha=None RMSE=0.10573 NRMSE=1.24425 R2=-0.54816 IC=-0.11051
2026-08-02 13:29:45,430 - options_risk_engine.forecasting.volatility - INFO - AMZN GARCH                alpha=None RMSE=0.10847 NRMSE=1.27649 R2=-0.62942 IC=-0.22516
2026-08-02 13:29:45,432 - options_risk_engine.forecasting.volatility - INFO - AMZN evaluation complete - best model=Ridge PCA, alpha=1000.0, RMSE=0.09321, NRMSE=1.09690
2026-08-02 13:29:45,436 - options_risk_engine.forecasting.volatility - INFO - HCA starting model evaluation
2026-08-02 13:29:45,439 - options_risk_engine.forecasting.volatility - INFO - HCA has 971 usable rows and 21 features
2026-08-02 13:29:45,439 - options_risk_engine.forecasting.volatility - INFO - Creating model specifications
2026-08-02 13:29:45,440 - options_risk_engine.forecasting.volatility - INFO - Created 34 model configurations
2026-08-02 13:29:45,441 - options_risk_engine.forecasting.volatility - INFO - HCA walk-forward starts at row 284 with window=30, step=30, purge=32
2026-08-02 13:30:05,862 - options_risk_engine.forecasting.volatility - INFO - HCA completed 22 walk-forward folds
2026-08-02 13:30:05,864 - options_risk_engine.forecasting.volatility - INFO - HCA calculating model comparison metrics
2026-08-02 13:30:05,867 - options_risk_engine.forecasting.volatility - INFO - HCA Train Mean           alpha=None RMSE=0.06185 NRMSE=1.02731 R2=-0.05536 IC=-0.00939
2026-08-02 13:30:05,869 - options_risk_engine.forecasting.volatility - INFO - HCA RV20 Baseline        alpha=None RMSE=0.10173 NRMSE=1.68971 R2=-1.85512 IC=-0.14081
2026-08-02 13:30:05,871 - options_risk_engine.forecasting.volatility - INFO - HCA OLS                  alpha=None RMSE=0.21718 NRMSE=3.60715 R2=-12.01155 IC=-0.12365
2026-08-02 13:30:05,873 - options_risk_engine.forecasting.volatility - INFO - HCA OLS PCA              alpha=None RMSE=0.06819 NRMSE=1.13266 R2=-0.28291 IC=-0.01169
2026-08-02 13:30:05,874 - options_risk_engine.forecasting.volatility - INFO - HCA Ridge                alpha=0.0001 RMSE=0.21700 NRMSE=3.60412 R2=-11.98969 IC=-0.12361
2026-08-02 13:30:05,876 - options_risk_engine.forecasting.volatility - INFO - HCA Ridge                alpha=0.001 RMSE=0.21537 NRMSE=3.57712 R2=-11.79582 IC=-0.12328
2026-08-02 13:30:05,877 - options_risk_engine.forecasting.volatility - INFO - HCA Ridge                alpha=0.01 RMSE=0.20064 NRMSE=3.33245 R2=-10.10521 IC=-0.12001
2026-08-02 13:30:05,879 - options_risk_engine.forecasting.volatility - INFO - HCA Ridge                alpha=0.1 RMSE=0.12889 NRMSE=2.14081 R2=-3.58308 IC=-0.08870
2026-08-02 13:30:05,882 - options_risk_engine.forecasting.volatility - INFO - HCA Ridge                alpha=1 RMSE=0.07162 NRMSE=1.18952 R2=-0.41496 IC=0.04605
2026-08-02 13:30:05,884 - options_risk_engine.forecasting.volatility - INFO - HCA Ridge                alpha=10 RMSE=0.06615 NRMSE=1.09873 R2=-0.20721 IC=0.05242
2026-08-02 13:30:05,886 - options_risk_engine.forecasting.volatility - INFO - HCA Ridge                alpha=100 RMSE=0.06632 NRMSE=1.10160 R2=-0.21353 IC=0.00063
2026-08-02 13:30:05,887 - options_risk_engine.forecasting.volatility - INFO - HCA Ridge                alpha=1000 RMSE=0.06539 NRMSE=1.08608 R2=-0.17958 IC=-0.05587
2026-08-02 13:30:05,889 - options_risk_engine.forecasting.volatility - INFO - HCA Ridge PCA            alpha=0.0001 RMSE=0.06819 NRMSE=1.13266 R2=-0.28291 IC=-0.01169
2026-08-02 13:30:05,891 - options_risk_engine.forecasting.volatility - INFO - HCA Ridge PCA            alpha=0.001 RMSE=0.06819 NRMSE=1.13266 R2=-0.28291 IC=-0.01169
2026-08-02 13:30:05,892 - options_risk_engine.forecasting.volatility - INFO - HCA Ridge PCA            alpha=0.01 RMSE=0.06819 NRMSE=1.13265 R2=-0.28291 IC=-0.01169
2026-08-02 13:30:05,894 - options_risk_engine.forecasting.volatility - INFO - HCA Ridge PCA            alpha=0.1 RMSE=0.06819 NRMSE=1.13262 R2=-0.28284 IC=-0.01170
2026-08-02 13:30:05,897 - options_risk_engine.forecasting.volatility - INFO - HCA Ridge PCA            alpha=1 RMSE=0.06817 NRMSE=1.13233 R2=-0.28216 IC=-0.01170
2026-08-02 13:30:05,898 - options_risk_engine.forecasting.volatility - INFO - HCA Ridge PCA            alpha=10 RMSE=0.06801 NRMSE=1.12953 R2=-0.27583 IC=-0.01180
2026-08-02 13:30:05,900 - options_risk_engine.forecasting.volatility - INFO - HCA Ridge PCA            alpha=100 RMSE=0.06702 NRMSE=1.11310 R2=-0.23900 IC=-0.01562
2026-08-02 13:30:05,902 - options_risk_engine.forecasting.volatility - INFO - HCA Ridge PCA            alpha=1000 RMSE=0.06548 NRMSE=1.08756 R2=-0.18278 IC=-0.05877
2026-08-02 13:30:05,903 - options_risk_engine.forecasting.volatility - INFO - HCA Lasso                alpha=0.0001 RMSE=0.15974 NRMSE=2.65315 R2=-6.03923 IC=-0.10930
2026-08-02 13:30:05,905 - options_risk_engine.forecasting.volatility - INFO - HCA Lasso                alpha=0.001 RMSE=0.06882 NRMSE=1.14311 R2=-0.30669 IC=-0.03641
2026-08-02 13:30:05,906 - options_risk_engine.forecasting.volatility - INFO - HCA Lasso                alpha=0.01 RMSE=0.06821 NRMSE=1.13295 R2=-0.28357 IC=-0.13721
2026-08-02 13:30:05,908 - options_risk_engine.forecasting.volatility - INFO - HCA Lasso                alpha=0.1 RMSE=0.06185 NRMSE=1.02731 R2=-0.05536 IC=-0.00939
2026-08-02 13:30:05,910 - options_risk_engine.forecasting.volatility - INFO - HCA Lasso                alpha=1 RMSE=0.06185 NRMSE=1.02731 R2=-0.05536 IC=-0.00939
2026-08-02 13:30:05,912 - options_risk_engine.forecasting.volatility - INFO - HCA Lasso PCA            alpha=0.0001 RMSE=0.06815 NRMSE=1.13189 R2=-0.28118 IC=-0.01299
2026-08-02 13:30:05,914 - options_risk_engine.forecasting.volatility - INFO - HCA Lasso PCA            alpha=0.001 RMSE=0.06776 NRMSE=1.12540 R2=-0.26653 IC=-0.02437
2026-08-02 13:30:05,916 - options_risk_engine.forecasting.volatility - INFO - HCA Lasso PCA            alpha=0.01 RMSE=0.06825 NRMSE=1.13353 R2=-0.28489 IC=-0.14368
2026-08-02 13:30:05,918 - options_risk_engine.forecasting.volatility - INFO - HCA Lasso PCA            alpha=0.1 RMSE=0.06269 NRMSE=1.04120 R2=-0.08409 IC=-0.03019
2026-08-02 13:30:05,920 - options_risk_engine.forecasting.volatility - INFO - HCA Lasso PCA            alpha=1 RMSE=0.06185 NRMSE=1.02731 R2=-0.05536 IC=-0.00939
2026-08-02 13:30:05,921 - options_risk_engine.forecasting.volatility - INFO - HCA Random Forest        alpha=None RMSE=0.08085 NRMSE=1.34279 R2=-0.80310 IC=-0.02545
2026-08-02 13:30:05,923 - options_risk_engine.forecasting.volatility - INFO - HCA Gradient Boosting    alpha=None RMSE=0.08249 NRMSE=1.37006 R2=-0.87707 IC=-0.06602
2026-08-02 13:30:05,924 - options_risk_engine.forecasting.volatility - INFO - HCA HAR-RV               alpha=None RMSE=0.06672 NRMSE=1.10810 R2=-0.22790 IC=-0.04266
2026-08-02 13:30:05,926 - options_risk_engine.forecasting.volatility - INFO - HCA GARCH                alpha=None RMSE=0.06575 NRMSE=1.09207 R2=-0.19261 IC=-0.08205
2026-08-02 13:30:05,928 - options_risk_engine.forecasting.volatility - INFO - HCA evaluation complete - best model=Train Mean, alpha=nan, RMSE=0.06185, NRMSE=1.02731
2026-08-02 13:30:05,941 - options_risk_engine.database - INFO - Stored 238 rows in model_evaluations
2026-08-02 13:30:05,987 - options_risk_engine.pricing.chains - INFO - Downloading option chains for 7 ticker objects
2026-08-02 13:30:05,990 - options_risk_engine.pricing.chains - INFO - Downloading option chain for AAPL nearest to 2026-09-16
2026-08-02 13:30:06,263 - options_risk_engine.pricing.chains - INFO - AAPL chain loaded for 2026-09-18: 93 calls and 74 puts
2026-08-02 13:30:06,264 - options_risk_engine.pricing.chains - INFO - Downloading option chain for MSFT nearest to 2026-09-16
2026-08-02 13:30:06,481 - options_risk_engine.pricing.chains - INFO - MSFT chain loaded for 2026-09-18: 90 calls and 82 puts
2026-08-02 13:30:06,482 - options_risk_engine.pricing.chains - INFO - Downloading option chain for META nearest to 2026-09-16
2026-08-02 13:30:06,684 - options_risk_engine.pricing.chains - INFO - META chain loaded for 2026-09-18: 190 calls and 146 puts
2026-08-02 13:30:06,686 - options_risk_engine.pricing.chains - INFO - Downloading option chain for WMT nearest to 2026-09-16
2026-08-02 13:30:06,904 - options_risk_engine.pricing.chains - INFO - WMT chain loaded for 2026-09-18: 34 calls and 28 puts
2026-08-02 13:30:06,905 - options_risk_engine.pricing.chains - INFO - Downloading option chain for GOOGL nearest to 2026-09-16
2026-08-02 13:30:07,077 - options_risk_engine.pricing.chains - INFO - GOOGL chain loaded for 2026-09-18: 134 calls and 98 puts
2026-08-02 13:30:07,078 - options_risk_engine.pricing.chains - INFO - Downloading option chain for AMZN nearest to 2026-09-16
2026-08-02 13:30:07,225 - options_risk_engine.pricing.chains - INFO - AMZN chain loaded for 2026-09-18: 58 calls and 52 puts
2026-08-02 13:30:07,226 - options_risk_engine.pricing.chains - INFO - Downloading option chain for HCA nearest to 2026-09-16
2026-08-02 13:30:07,434 - options_risk_engine.pricing.chains - INFO - HCA chain loaded for 2026-09-18: 73 calls and 59 puts
2026-08-02 13:30:07,435 - options_risk_engine.pricing.chains - INFO - Option-chain download complete: 7 of 7 tickers loaded
2026-08-02 13:30:07,481 - options_risk_engine.database - INFO - Stored 1211 rows in option_chain_snapshots_full
2026-08-02 13:30:07,502 - options_risk_engine.pricing.chains - INFO - Starting option pricing for 7 ticker objects
2026-08-02 13:30:07,502 - options_risk_engine.pricing.chains - INFO - AAPL beginning option-chain pricing
2026-08-02 13:30:07,508 - options_risk_engine.pricing.chains - INFO - AAPL volatility inputs - RV20: 0.3674, RV60: 0.3201, RV252: 0.2591, forecast: 0.2623
2026-08-02 13:30:08,189 - options_risk_engine.pricing.chains - INFO - AAPL implied volatility calculations complete
2026-08-02 13:30:08,200 - options_risk_engine.pricing.chains - INFO - AAPL put-call parity check: 74 matched strikes, maximum absolute error 0.0000000000
2026-08-02 13:30:08,235 - options_risk_engine.pricing.chains - INFO - AAPL pricing complete — 93 total calls, 74 total puts, 0 highlighted calls and 7 highlighted puts
2026-08-02 13:30:08,235 - options_risk_engine.pricing.chains - INFO - MSFT beginning option-chain pricing
2026-08-02 13:30:08,237 - options_risk_engine.pricing.chains - INFO - MSFT volatility inputs - RV20: 0.6016, RV60: 0.4622, RV252: 0.3193, forecast: 0.2609
2026-08-02 13:30:08,971 - options_risk_engine.pricing.chains - INFO - MSFT implied volatility calculations complete
2026-08-02 13:30:08,976 - options_risk_engine.pricing.chains - INFO - MSFT put-call parity check: 82 matched strikes, maximum absolute error 0.0000000000
2026-08-02 13:30:09,006 - options_risk_engine.pricing.chains - INFO - MSFT pricing complete — 90 total calls, 82 total puts, 0 highlighted calls and 6 highlighted puts
2026-08-02 13:30:09,007 - options_risk_engine.pricing.chains - INFO - META beginning option-chain pricing
2026-08-02 13:30:09,009 - options_risk_engine.pricing.chains - INFO - META volatility inputs - RV20: 0.5162, RV60: 0.4580, RV252: 0.3978, forecast: 0.4131
2026-08-02 13:30:10,305 - options_risk_engine.pricing.chains - INFO - META implied volatility calculations complete
2026-08-02 13:30:10,311 - options_risk_engine.pricing.chains - INFO - META put-call parity check: 130 matched strikes, maximum absolute error 0.0000000000
2026-08-02 13:30:10,344 - options_risk_engine.pricing.chains - INFO - META pricing complete — 190 total calls, 146 total puts, 0 highlighted calls and 19 highlighted puts
2026-08-02 13:30:10,345 - options_risk_engine.pricing.chains - INFO - WMT beginning option-chain pricing
2026-08-02 13:30:10,348 - options_risk_engine.pricing.chains - INFO - WMT volatility inputs - RV20: 0.2209, RV60: 0.2760, RV252: 0.2477, forecast: 0.2065
2026-08-02 13:30:10,592 - options_risk_engine.pricing.chains - INFO - WMT implied volatility calculations complete
2026-08-02 13:30:10,597 - options_risk_engine.pricing.chains - INFO - WMT put-call parity check: 28 matched strikes, maximum absolute error 0.0000000000
2026-08-02 13:30:10,628 - options_risk_engine.pricing.chains - INFO - WMT pricing complete — 34 total calls, 28 total puts, 0 highlighted calls and 2 highlighted puts
2026-08-02 13:30:10,628 - options_risk_engine.pricing.chains - INFO - GOOGL beginning option-chain pricing
2026-08-02 13:30:10,630 - options_risk_engine.pricing.chains - INFO - GOOGL volatility inputs - RV20: 0.4610, RV60: 0.3682, RV252: 0.3212, forecast: 0.3099
2026-08-02 13:30:11,561 - options_risk_engine.pricing.chains - INFO - GOOGL implied volatility calculations complete
2026-08-02 13:30:11,567 - options_risk_engine.pricing.chains - INFO - GOOGL put-call parity check: 96 matched strikes, maximum absolute error 0.0000000000
2026-08-02 13:30:11,597 - options_risk_engine.pricing.chains - INFO - GOOGL pricing complete — 134 total calls, 98 total puts, 0 highlighted calls and 12 highlighted puts
2026-08-02 13:30:11,598 - options_risk_engine.pricing.chains - INFO - AMZN beginning option-chain pricing
2026-08-02 13:30:11,599 - options_risk_engine.pricing.chains - INFO - AMZN volatility inputs - RV20: 0.6195, RV60: 0.4402, RV252: 0.3520, forecast: 0.3413
2026-08-02 13:30:12,245 - options_risk_engine.pricing.chains - INFO - AMZN implied volatility calculations complete
2026-08-02 13:30:12,249 - options_risk_engine.pricing.chains - INFO - AMZN put-call parity check: 52 matched strikes, maximum absolute error 0.0000000000
2026-08-02 13:30:12,279 - options_risk_engine.pricing.chains - INFO - AMZN pricing complete — 58 total calls, 52 total puts, 7 highlighted calls and 2 highlighted puts
2026-08-02 13:30:12,279 - options_risk_engine.pricing.chains - INFO - HCA beginning option-chain pricing
2026-08-02 13:30:12,281 - options_risk_engine.pricing.chains - INFO - HCA volatility inputs - RV20: 0.5051, RV60: 0.3752, RV252: 0.3018, forecast: 0.2788
2026-08-02 13:30:12,681 - options_risk_engine.pricing.chains - INFO - HCA implied volatility calculations complete
2026-08-02 13:30:12,685 - options_risk_engine.pricing.chains - INFO - HCA put-call parity check: 56 matched strikes, maximum absolute error 0.0000000000
2026-08-02 13:30:12,715 - options_risk_engine.pricing.chains - INFO - HCA pricing complete — 73 total calls, 59 total puts, 0 highlighted calls and 0 highlighted puts
2026-08-02 13:30:12,715 - options_risk_engine.pricing.chains - INFO - Option pricing finished — 14 full tables, 14 highlighted tables, 7 parity tables and 0 failed tickers
2026-08-02 13:30:12,805 - options_risk_engine.reporting.tables - INFO - Combined 14 option tables into 1211 rows
2026-08-02 13:30:12,807 - options_risk_engine.validation - INFO - Option-universe validation: {'rows': 1211, 'tickers': 7, 'duplicate_contract_symbols': 0, 'invalid_quotes': 417}
2026-08-02 13:30:13,413 - options_risk_engine.database - INFO - Stored 1211 rows in option_pricing_results
2026-08-02 13:30:13,520 - options_risk_engine.pricing.monte_carlo - INFO - Running 10000 Monte Carlo simulations for AAPL
2026-08-02 13:30:13,521 - options_risk_engine.pricing.monte_carlo - INFO - AAPL starting Monte Carlo simulation
2026-08-02 13:30:13,522 - options_risk_engine.pricing.monte_carlo - INFO - AAPL Monte Carlo inputs - S0: 308.91, sigma: 0.2623, T: 0.1288, steps: 34, simulations: 10000
2026-08-02 13:30:13,546 - options_risk_engine.pricing.monte_carlo - INFO - AAPL Monte Carlo simulation complete
2026-08-02 13:30:13,599 - options_risk_engine.pricing.monte_carlo - INFO - AAPL Monte Carlo profit analysis complete
2026-08-02 13:30:13,599 - options_risk_engine.pricing.monte_carlo - INFO - Running 10000 Monte Carlo simulations for MSFT
2026-08-02 13:30:13,600 - options_risk_engine.pricing.monte_carlo - INFO - MSFT starting Monte Carlo simulation
2026-08-02 13:30:13,601 - options_risk_engine.pricing.monte_carlo - INFO - MSFT Monte Carlo inputs - S0: 464.72, sigma: 0.2609, T: 0.1288, steps: 34, simulations: 10000
2026-08-02 13:30:13,616 - options_risk_engine.pricing.monte_carlo - INFO - MSFT Monte Carlo simulation complete
2026-08-02 13:30:13,666 - options_risk_engine.pricing.monte_carlo - INFO - MSFT Monte Carlo profit analysis complete
2026-08-02 13:30:13,667 - options_risk_engine.pricing.monte_carlo - INFO - Running 10000 Monte Carlo simulations for META
2026-08-02 13:30:13,667 - options_risk_engine.pricing.monte_carlo - INFO - META starting Monte Carlo simulation
2026-08-02 13:30:13,668 - options_risk_engine.pricing.monte_carlo - INFO - META Monte Carlo inputs - S0: 556.71, sigma: 0.4131, T: 0.1288, steps: 34, simulations: 10000
2026-08-02 13:30:13,696 - options_risk_engine.pricing.monte_carlo - INFO - META Monte Carlo simulation complete
2026-08-02 13:30:13,780 - options_risk_engine.pricing.monte_carlo - INFO - META Monte Carlo profit analysis complete
2026-08-02 13:30:13,780 - options_risk_engine.pricing.monte_carlo - INFO - Running 10000 Monte Carlo simulations for WMT
2026-08-02 13:30:13,781 - options_risk_engine.pricing.monte_carlo - INFO - WMT starting Monte Carlo simulation
2026-08-02 13:30:13,782 - options_risk_engine.pricing.monte_carlo - INFO - WMT Monte Carlo inputs - S0: 111.20, sigma: 0.2065, T: 0.1288, steps: 34, simulations: 10000
2026-08-02 13:30:13,794 - options_risk_engine.pricing.monte_carlo - INFO - WMT Monte Carlo simulation complete
2026-08-02 13:30:13,821 - options_risk_engine.pricing.monte_carlo - INFO - WMT Monte Carlo profit analysis complete
2026-08-02 13:30:13,821 - options_risk_engine.pricing.monte_carlo - INFO - Running 10000 Monte Carlo simulations for GOOGL
2026-08-02 13:30:13,822 - options_risk_engine.pricing.monte_carlo - INFO - GOOGL starting Monte Carlo simulation
2026-08-02 13:30:13,822 - options_risk_engine.pricing.monte_carlo - INFO - GOOGL Monte Carlo inputs - S0: 356.13, sigma: 0.3099, T: 0.1288, steps: 34, simulations: 10000
2026-08-02 13:30:13,839 - options_risk_engine.pricing.monte_carlo - INFO - GOOGL Monte Carlo simulation complete
2026-08-02 13:30:13,900 - options_risk_engine.pricing.monte_carlo - INFO - GOOGL Monte Carlo profit analysis complete
2026-08-02 13:30:13,900 - options_risk_engine.pricing.monte_carlo - INFO - Running 10000 Monte Carlo simulations for AMZN
2026-08-02 13:30:13,901 - options_risk_engine.pricing.monte_carlo - INFO - AMZN starting Monte Carlo simulation
2026-08-02 13:30:13,902 - options_risk_engine.pricing.monte_carlo - INFO - AMZN Monte Carlo inputs - S0: 271.58, sigma: 0.3413, T: 0.1288, steps: 34, simulations: 10000
2026-08-02 13:30:13,916 - options_risk_engine.pricing.monte_carlo - INFO - AMZN Monte Carlo simulation complete
2026-08-02 13:30:13,953 - options_risk_engine.pricing.monte_carlo - INFO - AMZN Monte Carlo profit analysis complete
2026-08-02 13:30:13,953 - options_risk_engine.pricing.monte_carlo - INFO - Running 10000 Monte Carlo simulations for HCA
2026-08-02 13:30:13,954 - options_risk_engine.pricing.monte_carlo - INFO - HCA starting Monte Carlo simulation
2026-08-02 13:30:13,955 - options_risk_engine.pricing.monte_carlo - INFO - HCA Monte Carlo inputs - S0: 402.59, sigma: 0.2788, T: 0.1288, steps: 34, simulations: 10000
2026-08-02 13:30:13,968 - options_risk_engine.pricing.monte_carlo - INFO - HCA Monte Carlo simulation complete
2026-08-02 13:30:14,010 - options_risk_engine.pricing.monte_carlo - INFO - HCA Monte Carlo profit analysis complete
2026-08-02 13:30:14,024 - options_risk_engine.reporting.tables - INFO - Combined 14 option tables into 1211 rows
2026-08-02 13:30:14,049 - options_risk_engine.reporting.tables - INFO - Created findings table with 52 groups
2026-08-02 13:30:14,100 - options_risk_engine.risk.portfolio - INFO - Preparing option universe for the portfolio risk engine: 1211 rows
2026-08-02 13:30:14,103 - options_risk_engine.risk.portfolio - INFO - Risk-engine input cleaned: 959 usable option rows; 252 rows removed
2026-08-02 13:30:14,107 - options_risk_engine.risk.portfolio - INFO - Created reproducible test option positions: 471 long and 488 short
2026-08-02 13:30:14,133 - options_risk_engine.risk.portfolio - INFO - Added 7 share positions; combined portfolio now contains 966 rows
2026-08-02 13:30:14,136 - options_risk_engine.risk.portfolio - INFO - Portfolio positions prepared: gross market value 17747056.90; current P&L -64853.89
2026-08-02 13:30:14,139 - options_risk_engine.risk.portfolio - INFO - Building current portfolio risk summary from 966 positions
2026-08-02 13:30:14,147 - options_risk_engine.risk.portfolio - INFO - Ticker-level risk calculated for 7 tickers
2026-08-02 13:30:14,148 - options_risk_engine.risk.portfolio - INFO - Portfolio risk summary complete: net value -695290.30; gross value 17747056.90; delta 1592.81
2026-08-02 13:30:15,029 - options_risk_engine.database - INFO - Stored 966 rows in portfolio_positions
2026-08-02 13:30:15,035 - options_risk_engine.database - INFO - Stored 8 rows in portfolio_risk
2026-08-02 13:30:15,043 - options_risk_engine.risk.scenarios - INFO - Generating 1000 random scenarios with up to 30 days forward; seed=42
2026-08-02 13:30:15,050 - options_risk_engine.risk.scenarios - INFO - Scenario generation complete: 1001 total rows including BASE
2026-08-02 13:30:15,075 - options_risk_engine.risk.scenarios - INFO - Starting scenario engine: 966 positions across 1001 scenarios
2026-08-02 13:30:15,081 - options_risk_engine.risk.scenarios - INFO - Scenario positions classified: 565 calls, 394 puts and 7 shares
2026-08-02 13:30:15,090 - options_risk_engine.risk.scenarios - INFO - Base model prices calculated for 966 positions
2026-08-02 13:30:15,091 - options_risk_engine.risk.scenarios - INFO - Revaluing scenario 1/1001: BASE
2026-08-02 13:30:15,510 - options_risk_engine.risk.scenarios - INFO - Revaluing scenario 100/1001: R0099
2026-08-02 13:30:15,892 - options_risk_engine.risk.scenarios - INFO - Revaluing scenario 200/1001: R0199
2026-08-02 13:30:16,297 - options_risk_engine.risk.scenarios - INFO - Revaluing scenario 300/1001: R0299
2026-08-02 13:30:16,642 - options_risk_engine.risk.scenarios - INFO - Revaluing scenario 400/1001: R0399
2026-08-02 13:30:16,985 - options_risk_engine.risk.scenarios - INFO - Revaluing scenario 500/1001: R0499
2026-08-02 13:30:17,333 - options_risk_engine.risk.scenarios - INFO - Revaluing scenario 600/1001: R0599
2026-08-02 13:30:17,678 - options_risk_engine.risk.scenarios - INFO - Revaluing scenario 700/1001: R0699
2026-08-02 13:30:18,022 - options_risk_engine.risk.scenarios - INFO - Revaluing scenario 800/1001: R0799
2026-08-02 13:30:18,363 - options_risk_engine.risk.scenarios - INFO - Revaluing scenario 900/1001: R0899
2026-08-02 13:30:18,706 - options_risk_engine.risk.scenarios - INFO - Revaluing scenario 1000/1001: R0999
2026-08-02 13:30:18,710 - options_risk_engine.risk.scenarios - INFO - Revaluing scenario 1001/1001: R1000
2026-08-02 13:30:18,792 - options_risk_engine.risk.scenarios - INFO - Position-level scenario results created: 966966 rows
2026-08-02 13:30:19,301 - options_risk_engine.risk.scenarios - INFO - Analysing scenario outputs: 966966 position rows, 7007 ticker rows and 1001 portfolio rows
2026-08-02 13:30:19,411 - options_risk_engine.risk.scenarios - INFO - Base scenario validation passed: portfolio P&L 0.00000000
2026-08-02 13:30:19,416 - options_risk_engine.risk.scenarios - INFO - All scenario positions were repriced successfully
2026-08-02 13:30:19,419 - options_risk_engine.risk.scenarios - INFO - Scenario distribution analysed: worst P&L -258974.50; 5th percentile -62652.47; probability of loss 56.20%
2026-08-02 13:30:19,523 - options_risk_engine.risk.scenarios - WARNING - 11 portfolio scenarios breached the 100000.00 loss limit
2026-08-02 13:30:19,524 - options_risk_engine.risk.scenarios - WARNING - 1473 ticker-scenario rows breached the 25000.00 loss limit
2026-08-02 13:30:19,524 - options_risk_engine.risk.scenarios - INFO - Scenario analysis complete; worst scenario is R0950
2026-08-02 13:30:19,958 - options_risk_engine.risk.attribution - INFO - Starting Greek P&L attribution
2026-08-02 13:32:46,367 - options_risk_engine.database - INFO - SQLite database initialised at /Users/sam/Progressive-Projects/Projects/Option Pricer N Risk Engine/src/data/options_risk_engine.db
2026-08-02 13:32:46,694 - options_risk_engine.data.market_data - INFO - Downloading historical data for 7 symbols
2026-08-02 13:32:47,259 - options_risk_engine.data.market_data - INFO - Historical data downloaded: 1255 rows
2026-08-02 13:32:49,096 - options_risk_engine.database - INFO - Stored 8785 rows in equity_prices
2026-08-02 13:32:49,142 - options_risk_engine.data.market_data - INFO - Feature dataset created: 1255 rows, 21 engineered features per ticker
2026-08-02 13:32:49,682 - options_risk_engine.database - INFO - Stored 1255 rows in volatility_features
2026-08-02 13:32:51,372 - options_risk_engine.forecasting.volatility - INFO - AAPL starting model evaluation
2026-08-02 13:32:51,374 - options_risk_engine.forecasting.volatility - INFO - AAPL has 971 usable rows and 21 features
2026-08-02 13:32:51,374 - options_risk_engine.forecasting.volatility - INFO - Creating model specifications
2026-08-02 13:32:51,375 - options_risk_engine.forecasting.volatility - INFO - Created 34 model configurations
2026-08-02 13:32:51,375 - options_risk_engine.forecasting.volatility - INFO - AAPL walk-forward starts at row 284 with window=30, step=30, purge=32
2026-08-02 13:33:09,052 - options_risk_engine.forecasting.volatility - INFO - AAPL completed 22 walk-forward folds
2026-08-02 13:33:09,054 - options_risk_engine.forecasting.volatility - INFO - AAPL calculating model comparison metrics
2026-08-02 13:33:09,056 - options_risk_engine.forecasting.volatility - INFO - AAPL Train Mean           alpha=None RMSE=0.10960 NRMSE=1.04761 R2=-0.09748 IC=-0.48458
2026-08-02 13:33:09,057 - options_risk_engine.forecasting.volatility - INFO - AAPL RV20 Baseline        alpha=None RMSE=0.13733 NRMSE=1.31268 R2=-0.72312 IC=0.22482
2026-08-02 13:33:09,059 - options_risk_engine.forecasting.volatility - INFO - AAPL OLS                  alpha=None RMSE=0.14282 NRMSE=1.36521 R2=-0.86379 IC=-0.02723
2026-08-02 13:33:09,061 - options_risk_engine.forecasting.volatility - INFO - AAPL OLS PCA              alpha=None RMSE=0.12644 NRMSE=1.20862 R2=-0.46075 IC=0.00080
2026-08-02 13:33:09,063 - options_risk_engine.forecasting.volatility - INFO - AAPL Ridge                alpha=0.0001 RMSE=0.14282 NRMSE=1.36520 R2=-0.86377 IC=-0.02723
2026-08-02 13:33:09,064 - options_risk_engine.forecasting.volatility - INFO - AAPL Ridge                alpha=0.001 RMSE=0.14281 NRMSE=1.36512 R2=-0.86356 IC=-0.02721
2026-08-02 13:33:09,066 - options_risk_engine.forecasting.volatility - INFO - AAPL Ridge                alpha=0.01 RMSE=0.14273 NRMSE=1.36436 R2=-0.86147 IC=-0.02704
2026-08-02 13:33:09,067 - options_risk_engine.forecasting.volatility - INFO - AAPL Ridge                alpha=0.1 RMSE=0.14201 NRMSE=1.35748 R2=-0.84274 IC=-0.02493
2026-08-02 13:33:09,069 - options_risk_engine.forecasting.volatility - INFO - AAPL Ridge                alpha=1 RMSE=0.13805 NRMSE=1.31959 R2=-0.74132 IC=-0.00726
2026-08-02 13:33:09,071 - options_risk_engine.forecasting.volatility - INFO - AAPL Ridge                alpha=10 RMSE=0.12879 NRMSE=1.23109 R2=-0.51558 IC=0.03284
2026-08-02 13:33:09,072 - options_risk_engine.forecasting.volatility - INFO - AAPL Ridge                alpha=100 RMSE=0.11727 NRMSE=1.12097 R2=-0.25658 IC=0.08764
2026-08-02 13:33:09,074 - options_risk_engine.forecasting.volatility - INFO - AAPL Ridge                alpha=1000 RMSE=0.10993 NRMSE=1.05079 R2=-0.10416 IC=0.14536
2026-08-02 13:33:09,075 - options_risk_engine.forecasting.volatility - INFO - AAPL Ridge PCA            alpha=0.0001 RMSE=0.12644 NRMSE=1.20861 R2=-0.46075 IC=0.00080
2026-08-02 13:33:09,077 - options_risk_engine.forecasting.volatility - INFO - AAPL Ridge PCA            alpha=0.001 RMSE=0.12644 NRMSE=1.20861 R2=-0.46075 IC=0.00080
2026-08-02 13:33:09,079 - options_risk_engine.forecasting.volatility - INFO - AAPL Ridge PCA            alpha=0.01 RMSE=0.12644 NRMSE=1.20860 R2=-0.46071 IC=0.00081
2026-08-02 13:33:09,081 - options_risk_engine.forecasting.volatility - INFO - AAPL Ridge PCA            alpha=0.1 RMSE=0.12643 NRMSE=1.20846 R2=-0.46038 IC=0.00091
2026-08-02 13:33:09,082 - options_risk_engine.forecasting.volatility - INFO - AAPL Ridge PCA            alpha=1 RMSE=0.12628 NRMSE=1.20711 R2=-0.45711 IC=0.00188
2026-08-02 13:33:09,084 - options_risk_engine.forecasting.volatility - INFO - AAPL Ridge PCA            alpha=10 RMSE=0.12498 NRMSE=1.19461 R2=-0.42709 IC=0.01113
2026-08-02 13:33:09,086 - options_risk_engine.forecasting.volatility - INFO - AAPL Ridge PCA            alpha=100 RMSE=0.11804 NRMSE=1.12834 R2=-0.27315 IC=0.07142
2026-08-02 13:33:09,089 - options_risk_engine.forecasting.volatility - INFO - AAPL Ridge PCA            alpha=1000 RMSE=0.11031 NRMSE=1.05443 R2=-0.11183 IC=0.14089
2026-08-02 13:33:09,128 - options_risk_engine.forecasting.volatility - INFO - AAPL Lasso                alpha=0.0001 RMSE=0.14003 NRMSE=1.33849 R2=-0.79157 IC=-0.01808
2026-08-02 13:33:09,130 - options_risk_engine.forecasting.volatility - INFO - AAPL Lasso                alpha=0.001 RMSE=0.12662 NRMSE=1.21037 R2=-0.46499 IC=0.01207
2026-08-02 13:33:09,132 - options_risk_engine.forecasting.volatility - INFO - AAPL Lasso                alpha=0.01 RMSE=0.11395 NRMSE=1.08924 R2=-0.18645 IC=0.04100
2026-08-02 13:33:09,134 - options_risk_engine.forecasting.volatility - INFO - AAPL Lasso                alpha=0.1 RMSE=0.10960 NRMSE=1.04761 R2=-0.09748 IC=-0.48458
2026-08-02 13:33:09,139 - options_risk_engine.forecasting.volatility - INFO - AAPL Lasso                alpha=1 RMSE=0.10960 NRMSE=1.04761 R2=-0.09748 IC=-0.48458
2026-08-02 13:33:09,141 - options_risk_engine.forecasting.volatility - INFO - AAPL Lasso PCA            alpha=0.0001 RMSE=0.12637 NRMSE=1.20793 R2=-0.45910 IC=0.00095
2026-08-02 13:33:09,143 - options_risk_engine.forecasting.volatility - INFO - AAPL Lasso PCA            alpha=0.001 RMSE=0.12570 NRMSE=1.20156 R2=-0.44375 IC=0.00222
2026-08-02 13:33:09,145 - options_risk_engine.forecasting.volatility - INFO - AAPL Lasso PCA            alpha=0.01 RMSE=0.11686 NRMSE=1.11705 R2=-0.24780 IC=0.06682
2026-08-02 13:33:09,147 - options_risk_engine.forecasting.volatility - INFO - AAPL Lasso PCA            alpha=0.1 RMSE=0.10562 NRMSE=1.00955 R2=-0.01918 IC=0.05694
2026-08-02 13:33:09,148 - options_risk_engine.forecasting.volatility - INFO - AAPL Lasso PCA            alpha=1 RMSE=0.10960 NRMSE=1.04761 R2=-0.09748 IC=-0.48458
2026-08-02 13:33:09,150 - options_risk_engine.forecasting.volatility - INFO - AAPL Random Forest        alpha=None RMSE=0.13714 NRMSE=1.31087 R2=-0.71839 IC=-0.04810
2026-08-02 13:33:09,152 - options_risk_engine.forecasting.volatility - INFO - AAPL Gradient Boosting    alpha=None RMSE=0.12859 NRMSE=1.22913 R2=-0.51075 IC=-0.03226
2026-08-02 13:33:09,153 - options_risk_engine.forecasting.volatility - INFO - AAPL HAR-RV               alpha=None RMSE=0.12635 NRMSE=1.20779 R2=-0.45875 IC=-0.01064
2026-08-02 13:33:09,155 - options_risk_engine.forecasting.volatility - INFO - AAPL GARCH                alpha=None RMSE=0.11599 NRMSE=1.10875 R2=-0.22932 IC=0.14355
2026-08-02 13:33:09,157 - options_risk_engine.forecasting.volatility - INFO - AAPL evaluation complete - best model=Lasso PCA, alpha=0.1, RMSE=0.10562, NRMSE=1.00955
2026-08-02 13:33:09,160 - options_risk_engine.forecasting.volatility - INFO - MSFT starting model evaluation
2026-08-02 13:33:09,162 - options_risk_engine.forecasting.volatility - INFO - MSFT has 971 usable rows and 21 features
2026-08-02 13:33:09,163 - options_risk_engine.forecasting.volatility - INFO - Creating model specifications
2026-08-02 13:33:09,163 - options_risk_engine.forecasting.volatility - INFO - Created 34 model configurations
2026-08-02 13:33:09,164 - options_risk_engine.forecasting.volatility - INFO - MSFT walk-forward starts at row 284 with window=30, step=30, purge=32
2026-08-02 13:33:26,354 - options_risk_engine.forecasting.volatility - INFO - MSFT completed 22 walk-forward folds
2026-08-02 13:33:26,355 - options_risk_engine.forecasting.volatility - INFO - MSFT calculating model comparison metrics
2026-08-02 13:33:26,357 - options_risk_engine.forecasting.volatility - INFO - MSFT Train Mean           alpha=None RMSE=0.08842 NRMSE=1.18225 R2=-0.39772 IC=-0.35506
2026-08-02 13:33:26,359 - options_risk_engine.forecasting.volatility - INFO - MSFT RV20 Baseline        alpha=None RMSE=0.10463 NRMSE=1.39906 R2=-0.95737 IC=0.12329
2026-08-02 13:33:26,361 - options_risk_engine.forecasting.volatility - INFO - MSFT OLS                  alpha=None RMSE=0.09843 NRMSE=1.31607 R2=-0.73203 IC=-0.01404
2026-08-02 13:33:26,362 - options_risk_engine.forecasting.volatility - INFO - MSFT OLS PCA              alpha=None RMSE=0.09562 NRMSE=1.27859 R2=-0.63480 IC=-0.07146
2026-08-02 13:33:26,364 - options_risk_engine.forecasting.volatility - INFO - MSFT Ridge                alpha=0.0001 RMSE=0.09843 NRMSE=1.31607 R2=-0.73203 IC=-0.01407
2026-08-02 13:33:26,366 - options_risk_engine.forecasting.volatility - INFO - MSFT Ridge                alpha=0.001 RMSE=0.09843 NRMSE=1.31606 R2=-0.73202 IC=-0.01431
2026-08-02 13:33:26,368 - options_risk_engine.forecasting.volatility - INFO - MSFT Ridge                alpha=0.01 RMSE=0.09842 NRMSE=1.31602 R2=-0.73191 IC=-0.01656
2026-08-02 13:33:26,369 - options_risk_engine.forecasting.volatility - INFO - MSFT Ridge                alpha=0.1 RMSE=0.09836 NRMSE=1.31518 R2=-0.72971 IC=-0.03094
2026-08-02 13:33:26,371 - options_risk_engine.forecasting.volatility - INFO - MSFT Ridge                alpha=1 RMSE=0.09781 NRMSE=1.30775 R2=-0.71020 IC=-0.05072
2026-08-02 13:33:26,373 - options_risk_engine.forecasting.volatility - INFO - MSFT Ridge                alpha=10 RMSE=0.09637 NRMSE=1.28861 R2=-0.66052 IC=-0.05241
2026-08-02 13:33:26,374 - options_risk_engine.forecasting.volatility - INFO - MSFT Ridge                alpha=100 RMSE=0.09140 NRMSE=1.22216 R2=-0.49368 IC=-0.03741
2026-08-02 13:33:26,376 - options_risk_engine.forecasting.volatility - INFO - MSFT Ridge                alpha=1000 RMSE=0.08417 NRMSE=1.12540 R2=-0.26651 IC=-0.03361
2026-08-02 13:33:26,378 - options_risk_engine.forecasting.volatility - INFO - MSFT Ridge PCA            alpha=0.0001 RMSE=0.09562 NRMSE=1.27859 R2=-0.63480 IC=-0.07146
2026-08-02 13:33:26,380 - options_risk_engine.forecasting.volatility - INFO - MSFT Ridge PCA            alpha=0.001 RMSE=0.09562 NRMSE=1.27859 R2=-0.63480 IC=-0.07146
2026-08-02 13:33:26,382 - options_risk_engine.forecasting.volatility - INFO - MSFT Ridge PCA            alpha=0.01 RMSE=0.09562 NRMSE=1.27858 R2=-0.63478 IC=-0.07145
2026-08-02 13:33:26,383 - options_risk_engine.forecasting.volatility - INFO - MSFT Ridge PCA            alpha=0.1 RMSE=0.09562 NRMSE=1.27850 R2=-0.63455 IC=-0.07142
2026-08-02 13:33:26,385 - options_risk_engine.forecasting.volatility - INFO - MSFT Ridge PCA            alpha=1 RMSE=0.09555 NRMSE=1.27761 R2=-0.63228 IC=-0.07109
2026-08-02 13:33:26,387 - options_risk_engine.forecasting.volatility - INFO - MSFT Ridge PCA            alpha=10 RMSE=0.09492 NRMSE=1.26923 R2=-0.61096 IC=-0.06792
2026-08-02 13:33:26,427 - options_risk_engine.forecasting.volatility - INFO - MSFT Ridge PCA            alpha=100 RMSE=0.09097 NRMSE=1.21631 R2=-0.47942 IC=-0.04783
2026-08-02 13:33:26,429 - options_risk_engine.forecasting.volatility - INFO - MSFT Ridge PCA            alpha=1000 RMSE=0.08422 NRMSE=1.12610 R2=-0.26810 IC=-0.03965
2026-08-02 13:33:26,431 - options_risk_engine.forecasting.volatility - INFO - MSFT Lasso                alpha=0.0001 RMSE=0.09819 NRMSE=1.31289 R2=-0.72367 IC=-0.03737
2026-08-02 13:33:26,433 - options_risk_engine.forecasting.volatility - INFO - MSFT Lasso                alpha=0.001 RMSE=0.09536 NRMSE=1.27508 R2=-0.62582 IC=-0.08360
2026-08-02 13:33:26,435 - options_risk_engine.forecasting.volatility - INFO - MSFT Lasso                alpha=0.01 RMSE=0.08695 NRMSE=1.16263 R2=-0.35170 IC=-0.11585
2026-08-02 13:33:26,440 - options_risk_engine.forecasting.volatility - INFO - MSFT Lasso                alpha=0.1 RMSE=0.08842 NRMSE=1.18225 R2=-0.39772 IC=-0.35506
2026-08-02 13:33:26,442 - options_risk_engine.forecasting.volatility - INFO - MSFT Lasso                alpha=1 RMSE=0.08842 NRMSE=1.18225 R2=-0.39772 IC=-0.35506
2026-08-02 13:33:26,444 - options_risk_engine.forecasting.volatility - INFO - MSFT Lasso PCA            alpha=0.0001 RMSE=0.09551 NRMSE=1.27701 R2=-0.63076 IC=-0.07138
2026-08-02 13:33:26,446 - options_risk_engine.forecasting.volatility - INFO - MSFT Lasso PCA            alpha=0.001 RMSE=0.09455 NRMSE=1.26416 R2=-0.59811 IC=-0.07083
2026-08-02 13:33:26,448 - options_risk_engine.forecasting.volatility - INFO - MSFT Lasso PCA            alpha=0.01 RMSE=0.08802 NRMSE=1.17691 R2=-0.38513 IC=-0.07801
2026-08-02 13:33:26,449 - options_risk_engine.forecasting.volatility - INFO - MSFT Lasso PCA            alpha=0.1 RMSE=0.08625 NRMSE=1.15323 R2=-0.32995 IC=-0.29033
2026-08-02 13:33:26,451 - options_risk_engine.forecasting.volatility - INFO - MSFT Lasso PCA            alpha=1 RMSE=0.08842 NRMSE=1.18225 R2=-0.39772 IC=-0.35506
2026-08-02 13:33:26,453 - options_risk_engine.forecasting.volatility - INFO - MSFT Random Forest        alpha=None RMSE=0.10465 NRMSE=1.39924 R2=-0.95786 IC=-0.06800
2026-08-02 13:33:26,454 - options_risk_engine.forecasting.volatility - INFO - MSFT Gradient Boosting    alpha=None RMSE=0.10139 NRMSE=1.35568 R2=-0.83787 IC=-0.06716
2026-08-02 13:33:26,456 - options_risk_engine.forecasting.volatility - INFO - MSFT HAR-RV               alpha=None RMSE=0.09716 NRMSE=1.29912 R2=-0.68771 IC=-0.13338
2026-08-02 13:33:26,458 - options_risk_engine.forecasting.volatility - INFO - MSFT GARCH                alpha=None RMSE=0.08325 NRMSE=1.11312 R2=-0.23904 IC=0.04316
2026-08-02 13:33:26,459 - options_risk_engine.forecasting.volatility - INFO - MSFT evaluation complete - best model=GARCH, alpha=nan, RMSE=0.08325, NRMSE=1.11312
2026-08-02 13:33:26,463 - options_risk_engine.forecasting.volatility - INFO - META starting model evaluation
2026-08-02 13:33:26,464 - options_risk_engine.forecasting.volatility - INFO - META has 971 usable rows and 21 features
2026-08-02 13:33:26,465 - options_risk_engine.forecasting.volatility - INFO - Creating model specifications
2026-08-02 13:33:26,465 - options_risk_engine.forecasting.volatility - INFO - Created 34 model configurations
2026-08-02 13:33:26,466 - options_risk_engine.forecasting.volatility - INFO - META walk-forward starts at row 284 with window=30, step=30, purge=32
2026-08-02 13:33:44,242 - options_risk_engine.forecasting.volatility - INFO - META completed 22 walk-forward folds
2026-08-02 13:33:44,243 - options_risk_engine.forecasting.volatility - INFO - META calculating model comparison metrics
2026-08-02 13:33:44,245 - options_risk_engine.forecasting.volatility - INFO - META Train Mean           alpha=None RMSE=0.14507 NRMSE=1.19096 R2=-0.41839 IC=-0.12845
2026-08-02 13:33:44,247 - options_risk_engine.forecasting.volatility - INFO - META RV20 Baseline        alpha=None RMSE=0.20570 NRMSE=1.68873 R2=-1.85181 IC=-0.17340
2026-08-02 13:33:44,249 - options_risk_engine.forecasting.volatility - INFO - META OLS                  alpha=None RMSE=0.20238 NRMSE=1.66146 R2=-1.76044 IC=-0.12234
2026-08-02 13:33:44,250 - options_risk_engine.forecasting.volatility - INFO - META OLS PCA              alpha=None RMSE=0.15624 NRMSE=1.28268 R2=-0.64527 IC=0.02020
2026-08-02 13:33:44,252 - options_risk_engine.forecasting.volatility - INFO - META Ridge                alpha=0.0001 RMSE=0.20235 NRMSE=1.66125 R2=-1.75974 IC=-0.12232
2026-08-02 13:33:44,253 - options_risk_engine.forecasting.volatility - INFO - META Ridge                alpha=0.001 RMSE=0.20212 NRMSE=1.65938 R2=-1.75353 IC=-0.12216
2026-08-02 13:33:44,255 - options_risk_engine.forecasting.volatility - INFO - META Ridge                alpha=0.01 RMSE=0.19996 NRMSE=1.64166 R2=-1.69504 IC=-0.12046
2026-08-02 13:33:44,257 - options_risk_engine.forecasting.volatility - INFO - META Ridge                alpha=0.1 RMSE=0.18614 NRMSE=1.52815 R2=-1.33525 IC=-0.10331
2026-08-02 13:33:44,259 - options_risk_engine.forecasting.volatility - INFO - META Ridge                alpha=1 RMSE=0.16780 NRMSE=1.37760 R2=-0.89779 IC=-0.04000
2026-08-02 13:33:44,260 - options_risk_engine.forecasting.volatility - INFO - META Ridge                alpha=10 RMSE=0.16220 NRMSE=1.33163 R2=-0.77324 IC=0.00200
2026-08-02 13:33:44,262 - options_risk_engine.forecasting.volatility - INFO - META Ridge                alpha=100 RMSE=0.14859 NRMSE=1.21988 R2=-0.48810 IC=-0.00626
2026-08-02 13:33:44,264 - options_risk_engine.forecasting.volatility - INFO - META Ridge                alpha=1000 RMSE=0.13927 NRMSE=1.14336 R2=-0.30727 IC=-0.13577
2026-08-02 13:33:44,266 - options_risk_engine.forecasting.volatility - INFO - META Ridge PCA            alpha=0.0001 RMSE=0.15624 NRMSE=1.28268 R2=-0.64527 IC=0.02020
2026-08-02 13:33:44,268 - options_risk_engine.forecasting.volatility - INFO - META Ridge PCA            alpha=0.001 RMSE=0.15624 NRMSE=1.28268 R2=-0.64527 IC=0.02020
2026-08-02 13:33:44,269 - options_risk_engine.forecasting.volatility - INFO - META Ridge PCA            alpha=0.01 RMSE=0.15624 NRMSE=1.28267 R2=-0.64524 IC=0.02020
2026-08-02 13:33:44,271 - options_risk_engine.forecasting.volatility - INFO - META Ridge PCA            alpha=0.1 RMSE=0.15622 NRMSE=1.28257 R2=-0.64498 IC=0.02017
2026-08-02 13:33:44,273 - options_risk_engine.forecasting.volatility - INFO - META Ridge PCA            alpha=1 RMSE=0.15610 NRMSE=1.28154 R2=-0.64235 IC=0.01986
2026-08-02 13:33:44,275 - options_risk_engine.forecasting.volatility - INFO - META Ridge PCA            alpha=10 RMSE=0.15492 NRMSE=1.27188 R2=-0.61769 IC=0.01678
2026-08-02 13:33:44,277 - options_risk_engine.forecasting.volatility - INFO - META Ridge PCA            alpha=100 RMSE=0.14773 NRMSE=1.21281 R2=-0.47090 IC=-0.01070
2026-08-02 13:33:44,279 - options_risk_engine.forecasting.volatility - INFO - META Ridge PCA            alpha=1000 RMSE=0.13981 NRMSE=1.14781 R2=-0.31746 IC=-0.13662
2026-08-02 13:33:44,281 - options_risk_engine.forecasting.volatility - INFO - META Lasso                alpha=0.0001 RMSE=0.18685 NRMSE=1.53401 R2=-1.35320 IC=-0.12708
2026-08-02 13:33:44,282 - options_risk_engine.forecasting.volatility - INFO - META Lasso                alpha=0.001 RMSE=0.16370 NRMSE=1.34396 R2=-0.80623 IC=0.00980
2026-08-02 13:33:44,284 - options_risk_engine.forecasting.volatility - INFO - META Lasso                alpha=0.01 RMSE=0.15531 NRMSE=1.27504 R2=-0.62573 IC=0.01042
2026-08-02 13:33:44,286 - options_risk_engine.forecasting.volatility - INFO - META Lasso                alpha=0.1 RMSE=0.14562 NRMSE=1.19553 R2=-0.42928 IC=-0.13743
2026-08-02 13:33:44,288 - options_risk_engine.forecasting.volatility - INFO - META Lasso                alpha=1 RMSE=0.14507 NRMSE=1.19096 R2=-0.41839 IC=-0.12845
2026-08-02 13:33:44,289 - options_risk_engine.forecasting.volatility - INFO - META Lasso PCA            alpha=0.0001 RMSE=0.15615 NRMSE=1.28192 R2=-0.64332 IC=0.01987
2026-08-02 13:33:44,296 - options_risk_engine.forecasting.volatility - INFO - META Lasso PCA            alpha=0.001 RMSE=0.15532 NRMSE=1.27517 R2=-0.62606 IC=0.01679
2026-08-02 13:33:44,331 - options_risk_engine.forecasting.volatility - INFO - META Lasso PCA            alpha=0.01 RMSE=0.14884 NRMSE=1.22192 R2=-0.49308 IC=-0.02273
2026-08-02 13:33:44,333 - options_risk_engine.forecasting.volatility - INFO - META Lasso PCA            alpha=0.1 RMSE=0.14774 NRMSE=1.21292 R2=-0.47117 IC=-0.26553
2026-08-02 13:33:44,335 - options_risk_engine.forecasting.volatility - INFO - META Lasso PCA            alpha=1 RMSE=0.14507 NRMSE=1.19096 R2=-0.41839 IC=-0.12845
2026-08-02 13:33:44,337 - options_risk_engine.forecasting.volatility - INFO - META Random Forest        alpha=None RMSE=0.16964 NRMSE=1.39272 R2=-0.93966 IC=-0.10288
2026-08-02 13:33:44,341 - options_risk_engine.forecasting.volatility - INFO - META Gradient Boosting    alpha=None RMSE=0.15189 NRMSE=1.24696 R2=-0.55490 IC=0.02735
2026-08-02 13:33:44,344 - options_risk_engine.forecasting.volatility - INFO - META HAR-RV               alpha=None RMSE=0.16757 NRMSE=1.37573 R2=-0.89263 IC=0.01569
2026-08-02 13:33:44,347 - options_risk_engine.forecasting.volatility - INFO - META GARCH                alpha=None RMSE=0.21776 NRMSE=1.78778 R2=-2.19616 IC=-0.01975
2026-08-02 13:33:44,349 - options_risk_engine.forecasting.volatility - INFO - META evaluation complete - best model=Ridge, alpha=1000.0, RMSE=0.13927, NRMSE=1.14336
2026-08-02 13:33:44,352 - options_risk_engine.forecasting.volatility - INFO - WMT starting model evaluation
2026-08-02 13:33:44,354 - options_risk_engine.forecasting.volatility - INFO - WMT has 971 usable rows and 21 features
2026-08-02 13:33:44,355 - options_risk_engine.forecasting.volatility - INFO - Creating model specifications
2026-08-02 13:33:44,355 - options_risk_engine.forecasting.volatility - INFO - Created 34 model configurations
2026-08-02 13:33:44,356 - options_risk_engine.forecasting.volatility - INFO - WMT walk-forward starts at row 284 with window=30, step=30, purge=32
2026-08-02 13:34:01,684 - options_risk_engine.forecasting.volatility - INFO - WMT completed 22 walk-forward folds
2026-08-02 13:34:01,685 - options_risk_engine.forecasting.volatility - INFO - WMT calculating model comparison metrics
2026-08-02 13:34:01,687 - options_risk_engine.forecasting.volatility - INFO - WMT Train Mean           alpha=None RMSE=0.07943 NRMSE=1.12322 R2=-0.26161 IC=0.23053
2026-08-02 13:34:01,689 - options_risk_engine.forecasting.volatility - INFO - WMT RV20 Baseline        alpha=None RMSE=0.09972 NRMSE=1.41001 R2=-0.98812 IC=0.16391
2026-08-02 13:34:01,691 - options_risk_engine.forecasting.volatility - INFO - WMT OLS                  alpha=None RMSE=0.10481 NRMSE=1.48210 R2=-1.19662 IC=-0.01525
2026-08-02 13:34:01,692 - options_risk_engine.forecasting.volatility - INFO - WMT OLS PCA              alpha=None RMSE=0.08305 NRMSE=1.17429 R2=-0.37896 IC=0.03276
2026-08-02 13:34:01,694 - options_risk_engine.forecasting.volatility - INFO - WMT Ridge                alpha=0.0001 RMSE=0.10481 NRMSE=1.48200 R2=-1.19632 IC=-0.01526
2026-08-02 13:34:01,696 - options_risk_engine.forecasting.volatility - INFO - WMT Ridge                alpha=0.001 RMSE=0.10474 NRMSE=1.48108 R2=-1.19361 IC=-0.01531
2026-08-02 13:34:01,697 - options_risk_engine.forecasting.volatility - INFO - WMT Ridge                alpha=0.01 RMSE=0.10413 NRMSE=1.47245 R2=-1.16812 IC=-0.01579
2026-08-02 13:34:01,699 - options_risk_engine.forecasting.volatility - INFO - WMT Ridge                alpha=0.1 RMSE=0.10027 NRMSE=1.41783 R2=-1.01023 IC=-0.01895
2026-08-02 13:34:01,701 - options_risk_engine.forecasting.volatility - INFO - WMT Ridge                alpha=1 RMSE=0.09354 NRMSE=1.32271 R2=-0.74956 IC=-0.01860
2026-08-02 13:34:01,703 - options_risk_engine.forecasting.volatility - INFO - WMT Ridge                alpha=10 RMSE=0.08761 NRMSE=1.23883 R2=-0.53469 IC=0.02083
2026-08-02 13:34:01,704 - options_risk_engine.forecasting.volatility - INFO - WMT Ridge                alpha=100 RMSE=0.08149 NRMSE=1.15225 R2=-0.32768 IC=0.07524
2026-08-02 13:34:01,706 - options_risk_engine.forecasting.volatility - INFO - WMT Ridge                alpha=1000 RMSE=0.07914 NRMSE=1.11904 R2=-0.25224 IC=0.11965
2026-08-02 13:34:01,707 - options_risk_engine.forecasting.volatility - INFO - WMT Ridge PCA            alpha=0.0001 RMSE=0.08305 NRMSE=1.17429 R2=-0.37896 IC=0.03276
2026-08-02 13:34:01,709 - options_risk_engine.forecasting.volatility - INFO - WMT Ridge PCA            alpha=0.001 RMSE=0.08305 NRMSE=1.17429 R2=-0.37896 IC=0.03276
2026-08-02 13:34:01,711 - options_risk_engine.forecasting.volatility - INFO - WMT Ridge PCA            alpha=0.01 RMSE=0.08305 NRMSE=1.17429 R2=-0.37895 IC=0.03277
2026-08-02 13:34:01,713 - options_risk_engine.forecasting.volatility - INFO - WMT Ridge PCA            alpha=0.1 RMSE=0.08304 NRMSE=1.17425 R2=-0.37887 IC=0.03280
2026-08-02 13:34:01,744 - options_risk_engine.forecasting.volatility - INFO - WMT Ridge PCA            alpha=1 RMSE=0.08302 NRMSE=1.17389 R2=-0.37801 IC=0.03316
2026-08-02 13:34:01,755 - options_risk_engine.forecasting.volatility - INFO - WMT Ridge PCA            alpha=10 RMSE=0.08278 NRMSE=1.17049 R2=-0.37006 IC=0.03654
2026-08-02 13:34:01,757 - options_risk_engine.forecasting.volatility - INFO - WMT Ridge PCA            alpha=100 RMSE=0.08141 NRMSE=1.15112 R2=-0.32509 IC=0.06005
2026-08-02 13:34:01,759 - options_risk_engine.forecasting.volatility - INFO - WMT Ridge PCA            alpha=1000 RMSE=0.07945 NRMSE=1.12342 R2=-0.26208 IC=0.11297
2026-08-02 13:34:01,761 - options_risk_engine.forecasting.volatility - INFO - WMT Lasso                alpha=0.0001 RMSE=0.09299 NRMSE=1.31489 R2=-0.72894 IC=-0.00161
2026-08-02 13:34:01,763 - options_risk_engine.forecasting.volatility - INFO - WMT Lasso                alpha=0.001 RMSE=0.08682 NRMSE=1.22763 R2=-0.50708 IC=0.01923
2026-08-02 13:34:01,765 - options_risk_engine.forecasting.volatility - INFO - WMT Lasso                alpha=0.01 RMSE=0.08319 NRMSE=1.17635 R2=-0.38381 IC=-0.06812
2026-08-02 13:34:01,768 - options_risk_engine.forecasting.volatility - INFO - WMT Lasso                alpha=0.1 RMSE=0.07943 NRMSE=1.12322 R2=-0.26161 IC=0.23053
2026-08-02 13:34:01,771 - options_risk_engine.forecasting.volatility - INFO - WMT Lasso                alpha=1 RMSE=0.07943 NRMSE=1.12322 R2=-0.26161 IC=0.23053
2026-08-02 13:34:01,773 - options_risk_engine.forecasting.volatility - INFO - WMT Lasso PCA            alpha=0.0001 RMSE=0.08296 NRMSE=1.17314 R2=-0.37626 IC=0.03383
2026-08-02 13:34:01,775 - options_risk_engine.forecasting.volatility - INFO - WMT Lasso PCA            alpha=0.001 RMSE=0.08229 NRMSE=1.16364 R2=-0.35405 IC=0.04331
2026-08-02 13:34:01,776 - options_risk_engine.forecasting.volatility - INFO - WMT Lasso PCA            alpha=0.01 RMSE=0.08131 NRMSE=1.14975 R2=-0.32193 IC=0.08995
2026-08-02 13:34:01,778 - options_risk_engine.forecasting.volatility - INFO - WMT Lasso PCA            alpha=0.1 RMSE=0.07997 NRMSE=1.13082 R2=-0.27875 IC=0.18300
2026-08-02 13:34:01,780 - options_risk_engine.forecasting.volatility - INFO - WMT Lasso PCA            alpha=1 RMSE=0.07943 NRMSE=1.12322 R2=-0.26161 IC=0.23053
2026-08-02 13:34:01,782 - options_risk_engine.forecasting.volatility - INFO - WMT Random Forest        alpha=None RMSE=0.08524 NRMSE=1.20535 R2=-0.45286 IC=-0.06397
2026-08-02 13:34:01,783 - options_risk_engine.forecasting.volatility - INFO - WMT Gradient Boosting    alpha=None RMSE=0.08796 NRMSE=1.24377 R2=-0.54697 IC=-0.07640
2026-08-02 13:34:01,784 - options_risk_engine.forecasting.volatility - INFO - WMT HAR-RV               alpha=None RMSE=0.08569 NRMSE=1.21167 R2=-0.46814 IC=-0.19011
2026-08-02 13:34:01,786 - options_risk_engine.forecasting.volatility - INFO - WMT GARCH                alpha=None RMSE=0.08412 NRMSE=1.18944 R2=-0.41476 IC=0.12353
2026-08-02 13:34:01,787 - options_risk_engine.forecasting.volatility - INFO - WMT evaluation complete - best model=Ridge, alpha=1000.0, RMSE=0.07914, NRMSE=1.11904
2026-08-02 13:34:01,791 - options_risk_engine.forecasting.volatility - INFO - GOOGL starting model evaluation
2026-08-02 13:34:01,792 - options_risk_engine.forecasting.volatility - INFO - GOOGL has 971 usable rows and 21 features
2026-08-02 13:34:01,793 - options_risk_engine.forecasting.volatility - INFO - Creating model specifications
2026-08-02 13:34:01,793 - options_risk_engine.forecasting.volatility - INFO - Created 34 model configurations
2026-08-02 13:34:01,794 - options_risk_engine.forecasting.volatility - INFO - GOOGL walk-forward starts at row 284 with window=30, step=30, purge=32
2026-08-02 13:34:19,318 - options_risk_engine.forecasting.volatility - INFO - GOOGL completed 22 walk-forward folds
2026-08-02 13:34:19,319 - options_risk_engine.forecasting.volatility - INFO - GOOGL calculating model comparison metrics
2026-08-02 13:34:19,321 - options_risk_engine.forecasting.volatility - INFO - GOOGL Train Mean           alpha=None RMSE=0.07436 NRMSE=1.07006 R2=-0.14504 IC=-0.20185
2026-08-02 13:34:19,323 - options_risk_engine.forecasting.volatility - INFO - GOOGL RV20 Baseline        alpha=None RMSE=0.11222 NRMSE=1.61476 R2=-1.60746 IC=-0.03534
2026-08-02 13:34:19,324 - options_risk_engine.forecasting.volatility - INFO - GOOGL OLS                  alpha=None RMSE=0.09815 NRMSE=1.41226 R2=-0.99448 IC=0.12447
2026-08-02 13:34:19,326 - options_risk_engine.forecasting.volatility - INFO - GOOGL OLS PCA              alpha=None RMSE=0.08116 NRMSE=1.16786 R2=-0.36390 IC=-0.01548
2026-08-02 13:34:19,328 - options_risk_engine.forecasting.volatility - INFO - GOOGL Ridge                alpha=0.0001 RMSE=0.09813 NRMSE=1.41207 R2=-0.99395 IC=0.12444
2026-08-02 13:34:19,330 - options_risk_engine.forecasting.volatility - INFO - GOOGL Ridge                alpha=0.001 RMSE=0.09802 NRMSE=1.41043 R2=-0.98930 IC=0.12419
2026-08-02 13:34:19,331 - options_risk_engine.forecasting.volatility - INFO - GOOGL Ridge                alpha=0.01 RMSE=0.09697 NRMSE=1.39539 R2=-0.94712 IC=0.12173
2026-08-02 13:34:19,333 - options_risk_engine.forecasting.volatility - INFO - GOOGL Ridge                alpha=0.1 RMSE=0.09173 NRMSE=1.31991 R2=-0.74216 IC=0.10369
2026-08-02 13:34:19,335 - options_risk_engine.forecasting.volatility - INFO - GOOGL Ridge                alpha=1 RMSE=0.08597 NRMSE=1.23709 R2=-0.53038 IC=0.07439
2026-08-02 13:34:19,336 - options_risk_engine.forecasting.volatility - INFO - GOOGL Ridge                alpha=10 RMSE=0.08158 NRMSE=1.17389 R2=-0.37801 IC=0.07840
2026-08-02 13:34:19,338 - options_risk_engine.forecasting.volatility - INFO - GOOGL Ridge                alpha=100 RMSE=0.07810 NRMSE=1.12383 R2=-0.26299 IC=0.02447
2026-08-02 13:34:19,339 - options_risk_engine.forecasting.volatility - INFO - GOOGL Ridge                alpha=1000 RMSE=0.07485 NRMSE=1.07698 R2=-0.15988 IC=-0.12187
2026-08-02 13:34:19,341 - options_risk_engine.forecasting.volatility - INFO - GOOGL Ridge PCA            alpha=0.0001 RMSE=0.08116 NRMSE=1.16786 R2=-0.36390 IC=-0.01548
2026-08-02 13:34:19,343 - options_risk_engine.forecasting.volatility - INFO - GOOGL Ridge PCA            alpha=0.001 RMSE=0.08116 NRMSE=1.16786 R2=-0.36390 IC=-0.01548
2026-08-02 13:34:19,345 - options_risk_engine.forecasting.volatility - INFO - GOOGL Ridge PCA            alpha=0.01 RMSE=0.08116 NRMSE=1.16786 R2=-0.36389 IC=-0.01548
2026-08-02 13:34:19,346 - options_risk_engine.forecasting.volatility - INFO - GOOGL Ridge PCA            alpha=0.1 RMSE=0.08116 NRMSE=1.16782 R2=-0.36381 IC=-0.01552
2026-08-02 13:34:19,348 - options_risk_engine.forecasting.volatility - INFO - GOOGL Ridge PCA            alpha=1 RMSE=0.08114 NRMSE=1.16750 R2=-0.36305 IC=-0.01589
2026-08-02 13:34:19,349 - options_risk_engine.forecasting.volatility - INFO - GOOGL Ridge PCA            alpha=10 RMSE=0.08092 NRMSE=1.16437 R2=-0.35575 IC=-0.01951
2026-08-02 13:34:19,351 - options_risk_engine.forecasting.volatility - INFO - GOOGL Ridge PCA            alpha=100 RMSE=0.07930 NRMSE=1.14106 R2=-0.30202 IC=-0.04677
2026-08-02 13:34:19,353 - options_risk_engine.forecasting.volatility - INFO - GOOGL Ridge PCA            alpha=1000 RMSE=0.07532 NRMSE=1.08377 R2=-0.17455 IC=-0.14719
2026-08-02 13:34:19,354 - options_risk_engine.forecasting.volatility - INFO - GOOGL Lasso                alpha=0.0001 RMSE=0.09202 NRMSE=1.32408 R2=-0.75318 IC=0.12169
2026-08-02 13:34:19,356 - options_risk_engine.forecasting.volatility - INFO - GOOGL Lasso                alpha=0.001 RMSE=0.08162 NRMSE=1.17443 R2=-0.37928 IC=0.07169
2026-08-02 13:34:19,357 - options_risk_engine.forecasting.volatility - INFO - GOOGL Lasso                alpha=0.01 RMSE=0.07513 NRMSE=1.08103 R2=-0.16864 IC=-0.12171
2026-08-02 13:34:19,359 - options_risk_engine.forecasting.volatility - INFO - GOOGL Lasso                alpha=0.1 RMSE=0.07436 NRMSE=1.07006 R2=-0.14504 IC=-0.20185
2026-08-02 13:34:19,360 - options_risk_engine.forecasting.volatility - INFO - GOOGL Lasso                alpha=1 RMSE=0.07436 NRMSE=1.07006 R2=-0.14504 IC=-0.20185
2026-08-02 13:34:19,362 - options_risk_engine.forecasting.volatility - INFO - GOOGL Lasso PCA            alpha=0.0001 RMSE=0.08110 NRMSE=1.16696 R2=-0.36180 IC=-0.01576
2026-08-02 13:34:19,366 - options_risk_engine.forecasting.volatility - INFO - GOOGL Lasso PCA            alpha=0.001 RMSE=0.08058 NRMSE=1.15949 R2=-0.34443 IC=-0.01884
2026-08-02 13:34:19,397 - options_risk_engine.forecasting.volatility - INFO - GOOGL Lasso PCA            alpha=0.01 RMSE=0.07663 NRMSE=1.10263 R2=-0.21579 IC=-0.06975
2026-08-02 13:34:19,406 - options_risk_engine.forecasting.volatility - INFO - GOOGL Lasso PCA            alpha=0.1 RMSE=0.07436 NRMSE=1.07006 R2=-0.14504 IC=-0.20185
2026-08-02 13:34:19,408 - options_risk_engine.forecasting.volatility - INFO - GOOGL Lasso PCA            alpha=1 RMSE=0.07436 NRMSE=1.07006 R2=-0.14504 IC=-0.20185
2026-08-02 13:34:19,409 - options_risk_engine.forecasting.volatility - INFO - GOOGL Random Forest        alpha=None RMSE=0.09484 NRMSE=1.36463 R2=-0.86223 IC=-0.17340
2026-08-02 13:34:19,412 - options_risk_engine.forecasting.volatility - INFO - GOOGL Gradient Boosting    alpha=None RMSE=0.09176 NRMSE=1.32041 R2=-0.74349 IC=-0.12275
2026-08-02 13:34:19,415 - options_risk_engine.forecasting.volatility - INFO - GOOGL HAR-RV               alpha=None RMSE=0.08313 NRMSE=1.19621 R2=-0.43093 IC=-0.17770
2026-08-02 13:34:19,418 - options_risk_engine.forecasting.volatility - INFO - GOOGL GARCH                alpha=None RMSE=0.07616 NRMSE=1.09596 R2=-0.20113 IC=-0.29409
2026-08-02 13:34:19,420 - options_risk_engine.forecasting.volatility - INFO - GOOGL evaluation complete - best model=Train Mean, alpha=nan, RMSE=0.07436, NRMSE=1.07006
2026-08-02 13:34:19,424 - options_risk_engine.forecasting.volatility - INFO - AMZN starting model evaluation
2026-08-02 13:34:19,426 - options_risk_engine.forecasting.volatility - INFO - AMZN has 971 usable rows and 21 features
2026-08-02 13:34:19,426 - options_risk_engine.forecasting.volatility - INFO - Creating model specifications
2026-08-02 13:34:19,427 - options_risk_engine.forecasting.volatility - INFO - Created 34 model configurations
2026-08-02 13:34:19,427 - options_risk_engine.forecasting.volatility - INFO - AMZN walk-forward starts at row 284 with window=30, step=30, purge=32
2026-08-02 13:34:36,736 - options_risk_engine.forecasting.volatility - INFO - AMZN completed 22 walk-forward folds
2026-08-02 13:34:36,736 - options_risk_engine.forecasting.volatility - INFO - AMZN calculating model comparison metrics
2026-08-02 13:34:36,738 - options_risk_engine.forecasting.volatility - INFO - AMZN Train Mean           alpha=None RMSE=0.09926 NRMSE=1.16814 R2=-0.36456 IC=-0.25176
2026-08-02 13:34:36,740 - options_risk_engine.forecasting.volatility - INFO - AMZN RV20 Baseline        alpha=None RMSE=0.13576 NRMSE=1.59759 R2=-1.55229 IC=-0.07732
2026-08-02 13:34:36,742 - options_risk_engine.forecasting.volatility - INFO - AMZN OLS                  alpha=None RMSE=0.11565 NRMSE=1.36093 R2=-0.85212 IC=0.09202
2026-08-02 13:34:36,744 - options_risk_engine.forecasting.volatility - INFO - AMZN OLS PCA              alpha=None RMSE=0.09816 NRMSE=1.15513 R2=-0.33432 IC=0.08226
2026-08-02 13:34:36,745 - options_risk_engine.forecasting.volatility - INFO - AMZN Ridge                alpha=0.0001 RMSE=0.11564 NRMSE=1.36089 R2=-0.85202 IC=0.09200
2026-08-02 13:34:36,747 - options_risk_engine.forecasting.volatility - INFO - AMZN Ridge                alpha=0.001 RMSE=0.11562 NRMSE=1.36057 R2=-0.85115 IC=0.09182
2026-08-02 13:34:36,749 - options_risk_engine.forecasting.volatility - INFO - AMZN Ridge                alpha=0.01 RMSE=0.11536 NRMSE=1.35750 R2=-0.84281 IC=0.09007
2026-08-02 13:34:36,750 - options_risk_engine.forecasting.volatility - INFO - AMZN Ridge                alpha=0.1 RMSE=0.11345 NRMSE=1.33510 R2=-0.78250 IC=0.07910
2026-08-02 13:34:36,752 - options_risk_engine.forecasting.volatility - INFO - AMZN Ridge                alpha=1 RMSE=0.10721 NRMSE=1.26166 R2=-0.59177 IC=0.06181
2026-08-02 13:34:36,753 - options_risk_engine.forecasting.volatility - INFO - AMZN Ridge                alpha=10 RMSE=0.10173 NRMSE=1.19716 R2=-0.43320 IC=0.05639
2026-08-02 13:34:36,755 - options_risk_engine.forecasting.volatility - INFO - AMZN Ridge                alpha=100 RMSE=0.09569 NRMSE=1.12611 R2=-0.26812 IC=0.05235
2026-08-02 13:34:36,757 - options_risk_engine.forecasting.volatility - INFO - AMZN Ridge                alpha=1000 RMSE=0.09323 NRMSE=1.09712 R2=-0.20367 IC=-0.10137
2026-08-02 13:34:36,758 - options_risk_engine.forecasting.volatility - INFO - AMZN Ridge PCA            alpha=0.0001 RMSE=0.09816 NRMSE=1.15513 R2=-0.33432 IC=0.08226
2026-08-02 13:34:36,760 - options_risk_engine.forecasting.volatility - INFO - AMZN Ridge PCA            alpha=0.001 RMSE=0.09816 NRMSE=1.15513 R2=-0.33432 IC=0.08226
2026-08-02 13:34:36,762 - options_risk_engine.forecasting.volatility - INFO - AMZN Ridge PCA            alpha=0.01 RMSE=0.09816 NRMSE=1.15512 R2=-0.33431 IC=0.08226
2026-08-02 13:34:36,763 - options_risk_engine.forecasting.volatility - INFO - AMZN Ridge PCA            alpha=0.1 RMSE=0.09815 NRMSE=1.15507 R2=-0.33418 IC=0.08224
2026-08-02 13:34:36,765 - options_risk_engine.forecasting.volatility - INFO - AMZN Ridge PCA            alpha=1 RMSE=0.09811 NRMSE=1.15453 R2=-0.33294 IC=0.08207
2026-08-02 13:34:36,766 - options_risk_engine.forecasting.volatility - INFO - AMZN Ridge PCA            alpha=10 RMSE=0.09768 NRMSE=1.14946 R2=-0.32125 IC=0.08027
2026-08-02 13:34:36,768 - options_risk_engine.forecasting.volatility - INFO - AMZN Ridge PCA            alpha=100 RMSE=0.09501 NRMSE=1.11810 R2=-0.25014 IC=0.05842
2026-08-02 13:34:36,770 - options_risk_engine.forecasting.volatility - INFO - AMZN Ridge PCA            alpha=1000 RMSE=0.09321 NRMSE=1.09690 R2=-0.20319 IC=-0.10037
2026-08-02 13:34:36,771 - options_risk_engine.forecasting.volatility - INFO - AMZN Lasso                alpha=0.0001 RMSE=0.11287 NRMSE=1.32821 R2=-0.76413 IC=0.06921
2026-08-02 13:34:36,773 - options_risk_engine.forecasting.volatility - INFO - AMZN Lasso                alpha=0.001 RMSE=0.10223 NRMSE=1.20299 R2=-0.44717 IC=0.03921
2026-08-02 13:34:36,775 - options_risk_engine.forecasting.volatility - INFO - AMZN Lasso                alpha=0.01 RMSE=0.10038 NRMSE=1.18125 R2=-0.39535 IC=-0.10457
2026-08-02 13:34:36,776 - options_risk_engine.forecasting.volatility - INFO - AMZN Lasso                alpha=0.1 RMSE=0.09926 NRMSE=1.16814 R2=-0.36456 IC=-0.25176
2026-08-02 13:34:36,778 - options_risk_engine.forecasting.volatility - INFO - AMZN Lasso                alpha=1 RMSE=0.09926 NRMSE=1.16814 R2=-0.36456 IC=-0.25176
2026-08-02 13:34:36,780 - options_risk_engine.forecasting.volatility - INFO - AMZN Lasso PCA            alpha=0.0001 RMSE=0.09812 NRMSE=1.15463 R2=-0.33317 IC=0.08120
2026-08-02 13:34:36,785 - options_risk_engine.forecasting.volatility - INFO - AMZN Lasso PCA            alpha=0.001 RMSE=0.09774 NRMSE=1.15024 R2=-0.32306 IC=0.07164
2026-08-02 13:34:36,813 - options_risk_engine.forecasting.volatility - INFO - AMZN Lasso PCA            alpha=0.01 RMSE=0.09568 NRMSE=1.12597 R2=-0.26780 IC=-0.02421
2026-08-02 13:34:36,823 - options_risk_engine.forecasting.volatility - INFO - AMZN Lasso PCA            alpha=0.1 RMSE=0.09897 NRMSE=1.16473 R2=-0.35660 IC=-0.26160
2026-08-02 13:34:36,825 - options_risk_engine.forecasting.volatility - INFO - AMZN Lasso PCA            alpha=1 RMSE=0.09926 NRMSE=1.16814 R2=-0.36456 IC=-0.25176
2026-08-02 13:34:36,827 - options_risk_engine.forecasting.volatility - INFO - AMZN Random Forest        alpha=None RMSE=0.13022 NRMSE=1.53237 R2=-1.34816 IC=-0.21254
2026-08-02 13:34:36,830 - options_risk_engine.forecasting.volatility - INFO - AMZN Gradient Boosting    alpha=None RMSE=0.13195 NRMSE=1.55276 R2=-1.41107 IC=-0.20027
2026-08-02 13:34:36,832 - options_risk_engine.forecasting.volatility - INFO - AMZN HAR-RV               alpha=None RMSE=0.10573 NRMSE=1.24425 R2=-0.54816 IC=-0.11051
2026-08-02 13:34:36,835 - options_risk_engine.forecasting.volatility - INFO - AMZN GARCH                alpha=None RMSE=0.10847 NRMSE=1.27649 R2=-0.62942 IC=-0.22516
2026-08-02 13:34:36,837 - options_risk_engine.forecasting.volatility - INFO - AMZN evaluation complete - best model=Ridge PCA, alpha=1000.0, RMSE=0.09321, NRMSE=1.09690
2026-08-02 13:34:36,841 - options_risk_engine.forecasting.volatility - INFO - HCA starting model evaluation
2026-08-02 13:34:36,843 - options_risk_engine.forecasting.volatility - INFO - HCA has 971 usable rows and 21 features
2026-08-02 13:34:36,843 - options_risk_engine.forecasting.volatility - INFO - Creating model specifications
2026-08-02 13:34:36,844 - options_risk_engine.forecasting.volatility - INFO - Created 34 model configurations
2026-08-02 13:34:36,844 - options_risk_engine.forecasting.volatility - INFO - HCA walk-forward starts at row 284 with window=30, step=30, purge=32
2026-08-02 13:34:54,387 - options_risk_engine.forecasting.volatility - INFO - HCA completed 22 walk-forward folds
2026-08-02 13:34:54,389 - options_risk_engine.forecasting.volatility - INFO - HCA calculating model comparison metrics
2026-08-02 13:34:54,391 - options_risk_engine.forecasting.volatility - INFO - HCA Train Mean           alpha=None RMSE=0.06185 NRMSE=1.02731 R2=-0.05536 IC=-0.00940
2026-08-02 13:34:54,392 - options_risk_engine.forecasting.volatility - INFO - HCA RV20 Baseline        alpha=None RMSE=0.10173 NRMSE=1.68971 R2=-1.85512 IC=-0.14081
2026-08-02 13:34:54,394 - options_risk_engine.forecasting.volatility - INFO - HCA OLS                  alpha=None RMSE=0.21718 NRMSE=3.60715 R2=-12.01150 IC=-0.12364
2026-08-02 13:34:54,397 - options_risk_engine.forecasting.volatility - INFO - HCA OLS PCA              alpha=None RMSE=0.06819 NRMSE=1.13266 R2=-0.28292 IC=-0.01170
2026-08-02 13:34:54,436 - options_risk_engine.forecasting.volatility - INFO - HCA Ridge                alpha=0.0001 RMSE=0.21700 NRMSE=3.60411 R2=-11.98964 IC=-0.12361
2026-08-02 13:34:54,438 - options_risk_engine.forecasting.volatility - INFO - HCA Ridge                alpha=0.001 RMSE=0.21537 NRMSE=3.57712 R2=-11.79577 IC=-0.12328
2026-08-02 13:34:54,440 - options_risk_engine.forecasting.volatility - INFO - HCA Ridge                alpha=0.01 RMSE=0.20064 NRMSE=3.33244 R2=-10.10518 IC=-0.12001
2026-08-02 13:34:54,443 - options_risk_engine.forecasting.volatility - INFO - HCA Ridge                alpha=0.1 RMSE=0.12889 NRMSE=2.14082 R2=-3.58309 IC=-0.08870
2026-08-02 13:34:54,446 - options_risk_engine.forecasting.volatility - INFO - HCA Ridge                alpha=1 RMSE=0.07162 NRMSE=1.18952 R2=-0.41496 IC=0.04605
2026-08-02 13:34:54,449 - options_risk_engine.forecasting.volatility - INFO - HCA Ridge                alpha=10 RMSE=0.06615 NRMSE=1.09873 R2=-0.20722 IC=0.05241
2026-08-02 13:34:54,451 - options_risk_engine.forecasting.volatility - INFO - HCA Ridge                alpha=100 RMSE=0.06632 NRMSE=1.10160 R2=-0.21353 IC=0.00063
2026-08-02 13:34:54,453 - options_risk_engine.forecasting.volatility - INFO - HCA Ridge                alpha=1000 RMSE=0.06539 NRMSE=1.08608 R2=-0.17957 IC=-0.05587
2026-08-02 13:34:54,455 - options_risk_engine.forecasting.volatility - INFO - HCA Ridge PCA            alpha=0.0001 RMSE=0.06819 NRMSE=1.13266 R2=-0.28292 IC=-0.01170
2026-08-02 13:34:54,456 - options_risk_engine.forecasting.volatility - INFO - HCA Ridge PCA            alpha=0.001 RMSE=0.06819 NRMSE=1.13266 R2=-0.28291 IC=-0.01170
2026-08-02 13:34:54,458 - options_risk_engine.forecasting.volatility - INFO - HCA Ridge PCA            alpha=0.01 RMSE=0.06819 NRMSE=1.13266 R2=-0.28291 IC=-0.01170
2026-08-02 13:34:54,460 - options_risk_engine.forecasting.volatility - INFO - HCA Ridge PCA            alpha=0.1 RMSE=0.06819 NRMSE=1.13262 R2=-0.28284 IC=-0.01170
2026-08-02 13:34:54,461 - options_risk_engine.forecasting.volatility - INFO - HCA Ridge PCA            alpha=1 RMSE=0.06817 NRMSE=1.13233 R2=-0.28216 IC=-0.01170
2026-08-02 13:34:54,463 - options_risk_engine.forecasting.volatility - INFO - HCA Ridge PCA            alpha=10 RMSE=0.06801 NRMSE=1.12953 R2=-0.27583 IC=-0.01180
2026-08-02 13:34:54,464 - options_risk_engine.forecasting.volatility - INFO - HCA Ridge PCA            alpha=100 RMSE=0.06702 NRMSE=1.11310 R2=-0.23899 IC=-0.01562
2026-08-02 13:34:54,466 - options_risk_engine.forecasting.volatility - INFO - HCA Ridge PCA            alpha=1000 RMSE=0.06548 NRMSE=1.08755 R2=-0.18277 IC=-0.05877
2026-08-02 13:34:54,467 - options_risk_engine.forecasting.volatility - INFO - HCA Lasso                alpha=0.0001 RMSE=0.15974 NRMSE=2.65315 R2=-6.03922 IC=-0.10930
2026-08-02 13:34:54,469 - options_risk_engine.forecasting.volatility - INFO - HCA Lasso                alpha=0.001 RMSE=0.06882 NRMSE=1.14311 R2=-0.30670 IC=-0.03642
2026-08-02 13:34:54,471 - options_risk_engine.forecasting.volatility - INFO - HCA Lasso                alpha=0.01 RMSE=0.06821 NRMSE=1.13295 R2=-0.28358 IC=-0.13720
2026-08-02 13:34:54,472 - options_risk_engine.forecasting.volatility - INFO - HCA Lasso                alpha=0.1 RMSE=0.06185 NRMSE=1.02731 R2=-0.05536 IC=-0.00940
2026-08-02 13:34:54,474 - options_risk_engine.forecasting.volatility - INFO - HCA Lasso                alpha=1 RMSE=0.06185 NRMSE=1.02731 R2=-0.05536 IC=-0.00940
2026-08-02 13:34:54,475 - options_risk_engine.forecasting.volatility - INFO - HCA Lasso PCA            alpha=0.0001 RMSE=0.06815 NRMSE=1.13189 R2=-0.28118 IC=-0.01299
2026-08-02 13:34:54,477 - options_risk_engine.forecasting.volatility - INFO - HCA Lasso PCA            alpha=0.001 RMSE=0.06776 NRMSE=1.12540 R2=-0.26653 IC=-0.02438
2026-08-02 13:34:54,479 - options_risk_engine.forecasting.volatility - INFO - HCA Lasso PCA            alpha=0.01 RMSE=0.06825 NRMSE=1.13353 R2=-0.28489 IC=-0.14368
2026-08-02 13:34:54,481 - options_risk_engine.forecasting.volatility - INFO - HCA Lasso PCA            alpha=0.1 RMSE=0.06269 NRMSE=1.04120 R2=-0.08409 IC=-0.03019
2026-08-02 13:34:54,482 - options_risk_engine.forecasting.volatility - INFO - HCA Lasso PCA            alpha=1 RMSE=0.06185 NRMSE=1.02731 R2=-0.05536 IC=-0.00940
2026-08-02 13:34:54,484 - options_risk_engine.forecasting.volatility - INFO - HCA Random Forest        alpha=None RMSE=0.08041 NRMSE=1.33554 R2=-0.78367 IC=-0.03152
2026-08-02 13:34:54,485 - options_risk_engine.forecasting.volatility - INFO - HCA Gradient Boosting    alpha=None RMSE=0.08217 NRMSE=1.36474 R2=-0.86250 IC=-0.06790
2026-08-02 13:34:54,487 - options_risk_engine.forecasting.volatility - INFO - HCA HAR-RV               alpha=None RMSE=0.06672 NRMSE=1.10811 R2=-0.22790 IC=-0.04266
2026-08-02 13:34:54,488 - options_risk_engine.forecasting.volatility - INFO - HCA GARCH                alpha=None RMSE=0.06575 NRMSE=1.09207 R2=-0.19261 IC=-0.08205
2026-08-02 13:34:54,489 - options_risk_engine.forecasting.volatility - INFO - HCA evaluation complete - best model=Train Mean, alpha=nan, RMSE=0.06185, NRMSE=1.02731
2026-08-02 13:34:54,498 - options_risk_engine.database - INFO - Stored 238 rows in model_evaluations
2026-08-02 13:34:54,560 - options_risk_engine.pricing.chains - INFO - Downloading option chains for 7 ticker objects
2026-08-02 13:34:54,560 - options_risk_engine.pricing.chains - INFO - Downloading option chain for AAPL nearest to 2026-09-16
2026-08-02 13:34:54,822 - options_risk_engine.pricing.chains - INFO - AAPL chain loaded for 2026-09-18: 93 calls and 74 puts
2026-08-02 13:34:54,823 - options_risk_engine.pricing.chains - INFO - Downloading option chain for MSFT nearest to 2026-09-16
2026-08-02 13:34:55,011 - options_risk_engine.pricing.chains - INFO - MSFT chain loaded for 2026-09-18: 90 calls and 82 puts
2026-08-02 13:34:55,012 - options_risk_engine.pricing.chains - INFO - Downloading option chain for META nearest to 2026-09-16
2026-08-02 13:34:55,266 - options_risk_engine.pricing.chains - INFO - META chain loaded for 2026-09-18: 190 calls and 146 puts
2026-08-02 13:34:55,267 - options_risk_engine.pricing.chains - INFO - Downloading option chain for WMT nearest to 2026-09-16
2026-08-02 13:34:55,432 - options_risk_engine.pricing.chains - INFO - WMT chain loaded for 2026-09-18: 34 calls and 28 puts
2026-08-02 13:34:55,433 - options_risk_engine.pricing.chains - INFO - Downloading option chain for GOOGL nearest to 2026-09-16
2026-08-02 13:34:55,602 - options_risk_engine.pricing.chains - INFO - GOOGL chain loaded for 2026-09-18: 134 calls and 98 puts
2026-08-02 13:34:55,603 - options_risk_engine.pricing.chains - INFO - Downloading option chain for AMZN nearest to 2026-09-16
2026-08-02 13:34:55,778 - options_risk_engine.pricing.chains - INFO - AMZN chain loaded for 2026-09-18: 58 calls and 52 puts
2026-08-02 13:34:55,779 - options_risk_engine.pricing.chains - INFO - Downloading option chain for HCA nearest to 2026-09-16
2026-08-02 13:34:55,944 - options_risk_engine.pricing.chains - INFO - HCA chain loaded for 2026-09-18: 73 calls and 59 puts
2026-08-02 13:34:55,945 - options_risk_engine.pricing.chains - INFO - Option-chain download complete: 7 of 7 tickers loaded
2026-08-02 13:34:55,987 - options_risk_engine.database - INFO - Stored 1211 rows in option_chain_snapshots_full
2026-08-02 13:34:56,004 - options_risk_engine.pricing.chains - INFO - Starting option pricing for 7 ticker objects
2026-08-02 13:34:56,005 - options_risk_engine.pricing.chains - INFO - AAPL beginning option-chain pricing
2026-08-02 13:34:56,008 - options_risk_engine.pricing.chains - INFO - AAPL volatility inputs - RV20: 0.3674, RV60: 0.3201, RV252: 0.2591, forecast: 0.2623
2026-08-02 13:34:56,676 - options_risk_engine.pricing.chains - INFO - AAPL implied volatility calculations complete
2026-08-02 13:34:56,681 - options_risk_engine.pricing.chains - INFO - AAPL put-call parity check: 74 matched strikes, maximum absolute error 0.0000000000
2026-08-02 13:34:56,711 - options_risk_engine.pricing.chains - INFO - AAPL pricing complete — 93 total calls, 74 total puts, 0 highlighted calls and 7 highlighted puts
2026-08-02 13:34:56,712 - options_risk_engine.pricing.chains - INFO - MSFT beginning option-chain pricing
2026-08-02 13:34:56,713 - options_risk_engine.pricing.chains - INFO - MSFT volatility inputs - RV20: 0.6016, RV60: 0.4622, RV252: 0.3193, forecast: 0.2609
2026-08-02 13:34:57,426 - options_risk_engine.pricing.chains - INFO - MSFT implied volatility calculations complete
2026-08-02 13:34:57,430 - options_risk_engine.pricing.chains - INFO - MSFT put-call parity check: 82 matched strikes, maximum absolute error 0.0000000000
2026-08-02 13:34:57,460 - options_risk_engine.pricing.chains - INFO - MSFT pricing complete — 90 total calls, 82 total puts, 0 highlighted calls and 6 highlighted puts
2026-08-02 13:34:57,460 - options_risk_engine.pricing.chains - INFO - META beginning option-chain pricing
2026-08-02 13:34:57,462 - options_risk_engine.pricing.chains - INFO - META volatility inputs - RV20: 0.5162, RV60: 0.4580, RV252: 0.3978, forecast: 0.4131
2026-08-02 13:34:58,742 - options_risk_engine.pricing.chains - INFO - META implied volatility calculations complete
2026-08-02 13:34:58,748 - options_risk_engine.pricing.chains - INFO - META put-call parity check: 130 matched strikes, maximum absolute error 0.0000000000
2026-08-02 13:34:58,777 - options_risk_engine.pricing.chains - INFO - META pricing complete — 190 total calls, 146 total puts, 0 highlighted calls and 19 highlighted puts
2026-08-02 13:34:58,778 - options_risk_engine.pricing.chains - INFO - WMT beginning option-chain pricing
2026-08-02 13:34:58,779 - options_risk_engine.pricing.chains - INFO - WMT volatility inputs - RV20: 0.2209, RV60: 0.2760, RV252: 0.2477, forecast: 0.2065
2026-08-02 13:34:59,015 - options_risk_engine.pricing.chains - INFO - WMT implied volatility calculations complete
2026-08-02 13:34:59,020 - options_risk_engine.pricing.chains - INFO - WMT put-call parity check: 28 matched strikes, maximum absolute error 0.0000000000
2026-08-02 13:34:59,049 - options_risk_engine.pricing.chains - INFO - WMT pricing complete — 34 total calls, 28 total puts, 0 highlighted calls and 2 highlighted puts
2026-08-02 13:34:59,049 - options_risk_engine.pricing.chains - INFO - GOOGL beginning option-chain pricing
2026-08-02 13:34:59,051 - options_risk_engine.pricing.chains - INFO - GOOGL volatility inputs - RV20: 0.4610, RV60: 0.3682, RV252: 0.3212, forecast: 0.3099
2026-08-02 13:35:00,001 - options_risk_engine.pricing.chains - INFO - GOOGL implied volatility calculations complete
2026-08-02 13:35:00,006 - options_risk_engine.pricing.chains - INFO - GOOGL put-call parity check: 96 matched strikes, maximum absolute error 0.0000000000
2026-08-02 13:35:00,036 - options_risk_engine.pricing.chains - INFO - GOOGL pricing complete — 134 total calls, 98 total puts, 0 highlighted calls and 12 highlighted puts
2026-08-02 13:35:00,037 - options_risk_engine.pricing.chains - INFO - AMZN beginning option-chain pricing
2026-08-02 13:35:00,038 - options_risk_engine.pricing.chains - INFO - AMZN volatility inputs - RV20: 0.6195, RV60: 0.4402, RV252: 0.3520, forecast: 0.3413
2026-08-02 13:35:00,599 - options_risk_engine.pricing.chains - INFO - AMZN implied volatility calculations complete
2026-08-02 13:35:00,603 - options_risk_engine.pricing.chains - INFO - AMZN put-call parity check: 52 matched strikes, maximum absolute error 0.0000000000
2026-08-02 13:35:00,633 - options_risk_engine.pricing.chains - INFO - AMZN pricing complete — 58 total calls, 52 total puts, 7 highlighted calls and 2 highlighted puts
2026-08-02 13:35:00,633 - options_risk_engine.pricing.chains - INFO - HCA beginning option-chain pricing
2026-08-02 13:35:00,635 - options_risk_engine.pricing.chains - INFO - HCA volatility inputs - RV20: 0.5051, RV60: 0.3752, RV252: 0.3018, forecast: 0.2788
2026-08-02 13:35:01,030 - options_risk_engine.pricing.chains - INFO - HCA implied volatility calculations complete
2026-08-02 13:35:01,035 - options_risk_engine.pricing.chains - INFO - HCA put-call parity check: 56 matched strikes, maximum absolute error 0.0000000000
2026-08-02 13:35:01,065 - options_risk_engine.pricing.chains - INFO - HCA pricing complete — 73 total calls, 59 total puts, 0 highlighted calls and 0 highlighted puts
2026-08-02 13:35:01,065 - options_risk_engine.pricing.chains - INFO - Option pricing finished — 14 full tables, 14 highlighted tables, 7 parity tables and 0 failed tickers
2026-08-02 13:35:01,095 - options_risk_engine.reporting.tables - INFO - Combined 14 option tables into 1211 rows
2026-08-02 13:35:01,096 - options_risk_engine.validation - INFO - Option-universe validation: {'rows': 1211, 'tickers': 7, 'duplicate_contract_symbols': 0, 'invalid_quotes': 417}
2026-08-02 13:35:01,735 - options_risk_engine.database - INFO - Stored 1211 rows in option_pricing_results
2026-08-02 13:35:01,840 - options_risk_engine.pricing.monte_carlo - INFO - Running 10000 Monte Carlo simulations for AAPL
2026-08-02 13:35:01,841 - options_risk_engine.pricing.monte_carlo - INFO - AAPL starting Monte Carlo simulation
2026-08-02 13:35:01,841 - options_risk_engine.pricing.monte_carlo - INFO - AAPL Monte Carlo inputs - S0: 308.91, sigma: 0.2623, T: 0.1288, steps: 34, simulations: 10000
2026-08-02 13:35:01,861 - options_risk_engine.pricing.monte_carlo - INFO - AAPL Monte Carlo simulation complete
2026-08-02 13:35:01,911 - options_risk_engine.pricing.monte_carlo - INFO - AAPL Monte Carlo profit analysis complete
2026-08-02 13:35:01,912 - options_risk_engine.pricing.monte_carlo - INFO - Running 10000 Monte Carlo simulations for MSFT
2026-08-02 13:35:01,912 - options_risk_engine.pricing.monte_carlo - INFO - MSFT starting Monte Carlo simulation
2026-08-02 13:35:01,913 - options_risk_engine.pricing.monte_carlo - INFO - MSFT Monte Carlo inputs - S0: 464.72, sigma: 0.2609, T: 0.1288, steps: 34, simulations: 10000
2026-08-02 13:35:01,928 - options_risk_engine.pricing.monte_carlo - INFO - MSFT Monte Carlo simulation complete
2026-08-02 13:35:01,978 - options_risk_engine.pricing.monte_carlo - INFO - MSFT Monte Carlo profit analysis complete
2026-08-02 13:35:01,979 - options_risk_engine.pricing.monte_carlo - INFO - Running 10000 Monte Carlo simulations for META
2026-08-02 13:35:01,979 - options_risk_engine.pricing.monte_carlo - INFO - META starting Monte Carlo simulation
2026-08-02 13:35:01,980 - options_risk_engine.pricing.monte_carlo - INFO - META Monte Carlo inputs - S0: 556.71, sigma: 0.4131, T: 0.1288, steps: 34, simulations: 10000
2026-08-02 13:35:02,008 - options_risk_engine.pricing.monte_carlo - INFO - META Monte Carlo simulation complete
2026-08-02 13:35:02,091 - options_risk_engine.pricing.monte_carlo - INFO - META Monte Carlo profit analysis complete
2026-08-02 13:35:02,091 - options_risk_engine.pricing.monte_carlo - INFO - Running 10000 Monte Carlo simulations for WMT
2026-08-02 13:35:02,092 - options_risk_engine.pricing.monte_carlo - INFO - WMT starting Monte Carlo simulation
2026-08-02 13:35:02,093 - options_risk_engine.pricing.monte_carlo - INFO - WMT Monte Carlo inputs - S0: 111.20, sigma: 0.2065, T: 0.1288, steps: 34, simulations: 10000
2026-08-02 13:35:02,105 - options_risk_engine.pricing.monte_carlo - INFO - WMT Monte Carlo simulation complete
2026-08-02 13:35:02,132 - options_risk_engine.pricing.monte_carlo - INFO - WMT Monte Carlo profit analysis complete
2026-08-02 13:35:02,133 - options_risk_engine.pricing.monte_carlo - INFO - Running 10000 Monte Carlo simulations for GOOGL
2026-08-02 13:35:02,133 - options_risk_engine.pricing.monte_carlo - INFO - GOOGL starting Monte Carlo simulation
2026-08-02 13:35:02,134 - options_risk_engine.pricing.monte_carlo - INFO - GOOGL Monte Carlo inputs - S0: 356.13, sigma: 0.3099, T: 0.1288, steps: 34, simulations: 10000
2026-08-02 13:35:02,151 - options_risk_engine.pricing.monte_carlo - INFO - GOOGL Monte Carlo simulation complete
2026-08-02 13:35:02,210 - options_risk_engine.pricing.monte_carlo - INFO - GOOGL Monte Carlo profit analysis complete
2026-08-02 13:35:02,211 - options_risk_engine.pricing.monte_carlo - INFO - Running 10000 Monte Carlo simulations for AMZN
2026-08-02 13:35:02,212 - options_risk_engine.pricing.monte_carlo - INFO - AMZN starting Monte Carlo simulation
2026-08-02 13:35:02,213 - options_risk_engine.pricing.monte_carlo - INFO - AMZN Monte Carlo inputs - S0: 271.58, sigma: 0.3413, T: 0.1288, steps: 34, simulations: 10000
2026-08-02 13:35:02,227 - options_risk_engine.pricing.monte_carlo - INFO - AMZN Monte Carlo simulation complete
2026-08-02 13:35:02,296 - options_risk_engine.pricing.monte_carlo - INFO - AMZN Monte Carlo profit analysis complete
2026-08-02 13:35:02,296 - options_risk_engine.pricing.monte_carlo - INFO - Running 10000 Monte Carlo simulations for HCA
2026-08-02 13:35:02,297 - options_risk_engine.pricing.monte_carlo - INFO - HCA starting Monte Carlo simulation
2026-08-02 13:35:02,297 - options_risk_engine.pricing.monte_carlo - INFO - HCA Monte Carlo inputs - S0: 402.59, sigma: 0.2788, T: 0.1288, steps: 34, simulations: 10000
2026-08-02 13:35:02,311 - options_risk_engine.pricing.monte_carlo - INFO - HCA Monte Carlo simulation complete
2026-08-02 13:35:02,353 - options_risk_engine.pricing.monte_carlo - INFO - HCA Monte Carlo profit analysis complete
2026-08-02 13:35:02,364 - options_risk_engine.reporting.tables - INFO - Combined 14 option tables into 1211 rows
2026-08-02 13:35:02,390 - options_risk_engine.reporting.tables - INFO - Created findings table with 52 groups
2026-08-02 13:35:02,439 - options_risk_engine.risk.portfolio - INFO - Preparing option universe for the portfolio risk engine: 1211 rows
2026-08-02 13:35:02,442 - options_risk_engine.risk.portfolio - INFO - Risk-engine input cleaned: 959 usable option rows; 252 rows removed
2026-08-02 13:35:02,444 - options_risk_engine.risk.portfolio - INFO - Created reproducible test option positions: 471 long and 488 short
2026-08-02 13:35:02,456 - options_risk_engine.risk.portfolio - INFO - Added 7 share positions; combined portfolio now contains 966 rows
2026-08-02 13:35:02,459 - options_risk_engine.risk.portfolio - INFO - Portfolio positions prepared: gross market value 17747056.90; current P&L -64853.89
2026-08-02 13:35:02,461 - options_risk_engine.risk.portfolio - INFO - Building current portfolio risk summary from 966 positions
2026-08-02 13:35:02,468 - options_risk_engine.risk.portfolio - INFO - Ticker-level risk calculated for 7 tickers
2026-08-02 13:35:02,471 - options_risk_engine.risk.portfolio - INFO - Portfolio risk summary complete: net value -695290.30; gross value 17747056.90; delta 1592.81
2026-08-02 13:35:03,307 - options_risk_engine.database - INFO - Stored 966 rows in portfolio_positions
2026-08-02 13:35:03,313 - options_risk_engine.database - INFO - Stored 8 rows in portfolio_risk
2026-08-02 13:35:03,320 - options_risk_engine.risk.scenarios - INFO - Generating 1000 random scenarios with up to 30 days forward; seed=42
2026-08-02 13:35:03,324 - options_risk_engine.risk.scenarios - INFO - Scenario generation complete: 1001 total rows including BASE
2026-08-02 13:35:03,346 - options_risk_engine.risk.scenarios - INFO - Starting scenario engine: 966 positions across 1001 scenarios
2026-08-02 13:35:03,349 - options_risk_engine.risk.scenarios - INFO - Scenario positions classified: 565 calls, 394 puts and 7 shares
2026-08-02 13:35:03,357 - options_risk_engine.risk.scenarios - INFO - Base model prices calculated for 966 positions
2026-08-02 13:35:03,358 - options_risk_engine.risk.scenarios - INFO - Revaluing scenario 1/1001: BASE
2026-08-02 13:35:03,708 - options_risk_engine.risk.scenarios - INFO - Revaluing scenario 100/1001: R0099
2026-08-02 13:35:04,054 - options_risk_engine.risk.scenarios - INFO - Revaluing scenario 200/1001: R0199
2026-08-02 13:35:04,398 - options_risk_engine.risk.scenarios - INFO - Revaluing scenario 300/1001: R0299
2026-08-02 13:35:04,742 - options_risk_engine.risk.scenarios - INFO - Revaluing scenario 400/1001: R0399
2026-08-02 13:35:05,085 - options_risk_engine.risk.scenarios - INFO - Revaluing scenario 500/1001: R0499
2026-08-02 13:35:05,428 - options_risk_engine.risk.scenarios - INFO - Revaluing scenario 600/1001: R0599
2026-08-02 13:35:05,776 - options_risk_engine.risk.scenarios - INFO - Revaluing scenario 700/1001: R0699
2026-08-02 13:35:06,166 - options_risk_engine.risk.scenarios - INFO - Revaluing scenario 800/1001: R0799
2026-08-02 13:35:06,509 - options_risk_engine.risk.scenarios - INFO - Revaluing scenario 900/1001: R0899
2026-08-02 13:35:06,850 - options_risk_engine.risk.scenarios - INFO - Revaluing scenario 1000/1001: R0999
2026-08-02 13:35:06,855 - options_risk_engine.risk.scenarios - INFO - Revaluing scenario 1001/1001: R1000
2026-08-02 13:35:06,937 - options_risk_engine.risk.scenarios - INFO - Position-level scenario results created: 966966 rows
2026-08-02 13:35:07,426 - options_risk_engine.risk.scenarios - INFO - Analysing scenario outputs: 966966 position rows, 7007 ticker rows and 1001 portfolio rows
2026-08-02 13:35:07,568 - options_risk_engine.risk.scenarios - INFO - Base scenario validation passed: portfolio P&L 0.00000000
2026-08-02 13:35:07,573 - options_risk_engine.risk.scenarios - INFO - All scenario positions were repriced successfully
2026-08-02 13:35:07,577 - options_risk_engine.risk.scenarios - INFO - Scenario distribution analysed: worst P&L -258974.50; 5th percentile -62652.47; probability of loss 56.20%
2026-08-02 13:35:07,629 - options_risk_engine.risk.scenarios - WARNING - 11 portfolio scenarios breached the 100000.00 loss limit
2026-08-02 13:35:07,630 - options_risk_engine.risk.scenarios - WARNING - 1473 ticker-scenario rows breached the 25000.00 loss limit
2026-08-02 13:35:07,630 - options_risk_engine.risk.scenarios - INFO - Scenario analysis complete; worst scenario is R0950
2026-08-02 13:35:08,035 - options_risk_engine.risk.attribution - INFO - Starting Greek P&L attribution
2026-08-02 13:36:35,925 - options_risk_engine.database - INFO - SQLite database initialised at /Users/sam/Progressive-Projects/Projects/Option Pricer N Risk Engine/src/data/options_risk_engine.db
2026-08-02 13:36:36,252 - options_risk_engine.data.market_data - INFO - Downloading historical data for 7 symbols
2026-08-02 13:36:37,150 - options_risk_engine.data.market_data - INFO - Historical data downloaded: 1255 rows
2026-08-02 13:36:38,954 - options_risk_engine.database - INFO - Stored 8785 rows in equity_prices
2026-08-02 13:36:38,999 - options_risk_engine.data.market_data - INFO - Feature dataset created: 1255 rows, 21 engineered features per ticker
2026-08-02 13:36:39,511 - options_risk_engine.database - INFO - Stored 1255 rows in volatility_features
2026-08-02 13:36:41,175 - options_risk_engine.forecasting.volatility - INFO - AAPL starting model evaluation
2026-08-02 13:36:41,177 - options_risk_engine.forecasting.volatility - INFO - AAPL has 971 usable rows and 21 features
2026-08-02 13:36:41,178 - options_risk_engine.forecasting.volatility - INFO - Creating model specifications
2026-08-02 13:36:41,178 - options_risk_engine.forecasting.volatility - INFO - Created 34 model configurations
2026-08-02 13:36:41,179 - options_risk_engine.forecasting.volatility - INFO - AAPL walk-forward starts at row 284 with window=30, step=30, purge=32
2026-08-02 13:36:57,517 - options_risk_engine.forecasting.volatility - INFO - AAPL completed 22 walk-forward folds
2026-08-02 13:36:57,518 - options_risk_engine.forecasting.volatility - INFO - AAPL calculating model comparison metrics
2026-08-02 13:36:57,520 - options_risk_engine.forecasting.volatility - INFO - AAPL Train Mean           alpha=None RMSE=0.10960 NRMSE=1.04761 R2=-0.09748 IC=-0.48458
2026-08-02 13:36:57,522 - options_risk_engine.forecasting.volatility - INFO - AAPL RV20 Baseline        alpha=None RMSE=0.13733 NRMSE=1.31268 R2=-0.72312 IC=0.22482
2026-08-02 13:36:57,524 - options_risk_engine.forecasting.volatility - INFO - AAPL OLS                  alpha=None RMSE=0.14282 NRMSE=1.36520 R2=-0.86378 IC=-0.02723
2026-08-02 13:36:57,526 - options_risk_engine.forecasting.volatility - INFO - AAPL OLS PCA              alpha=None RMSE=0.12644 NRMSE=1.20862 R2=-0.46075 IC=0.00080
2026-08-02 13:36:57,527 - options_risk_engine.forecasting.volatility - INFO - AAPL Ridge                alpha=0.0001 RMSE=0.14282 NRMSE=1.36519 R2=-0.86376 IC=-0.02723
2026-08-02 13:36:57,529 - options_risk_engine.forecasting.volatility - INFO - AAPL Ridge                alpha=0.001 RMSE=0.14281 NRMSE=1.36512 R2=-0.86355 IC=-0.02721
2026-08-02 13:36:57,531 - options_risk_engine.forecasting.volatility - INFO - AAPL Ridge                alpha=0.01 RMSE=0.14273 NRMSE=1.36435 R2=-0.86146 IC=-0.02704
2026-08-02 13:36:57,533 - options_risk_engine.forecasting.volatility - INFO - AAPL Ridge                alpha=0.1 RMSE=0.14201 NRMSE=1.35747 R2=-0.84273 IC=-0.02493
2026-08-02 13:36:57,534 - options_risk_engine.forecasting.volatility - INFO - AAPL Ridge                alpha=1 RMSE=0.13805 NRMSE=1.31959 R2=-0.74131 IC=-0.00726
2026-08-02 13:36:57,536 - options_risk_engine.forecasting.volatility - INFO - AAPL Ridge                alpha=10 RMSE=0.12879 NRMSE=1.23109 R2=-0.51558 IC=0.03284
2026-08-02 13:36:57,537 - options_risk_engine.forecasting.volatility - INFO - AAPL Ridge                alpha=100 RMSE=0.11727 NRMSE=1.12097 R2=-0.25658 IC=0.08764
2026-08-02 13:36:57,539 - options_risk_engine.forecasting.volatility - INFO - AAPL Ridge                alpha=1000 RMSE=0.10993 NRMSE=1.05079 R2=-0.10416 IC=0.14536
2026-08-02 13:36:57,541 - options_risk_engine.forecasting.volatility - INFO - AAPL Ridge PCA            alpha=0.0001 RMSE=0.12644 NRMSE=1.20862 R2=-0.46075 IC=0.00080
2026-08-02 13:36:57,542 - options_risk_engine.forecasting.volatility - INFO - AAPL Ridge PCA            alpha=0.001 RMSE=0.12644 NRMSE=1.20861 R2=-0.46075 IC=0.00080
2026-08-02 13:36:57,544 - options_risk_engine.forecasting.volatility - INFO - AAPL Ridge PCA            alpha=0.01 RMSE=0.12644 NRMSE=1.20860 R2=-0.46071 IC=0.00081
2026-08-02 13:36:57,547 - options_risk_engine.forecasting.volatility - INFO - AAPL Ridge PCA            alpha=0.1 RMSE=0.12643 NRMSE=1.20846 R2=-0.46038 IC=0.00091
2026-08-02 13:36:57,581 - options_risk_engine.forecasting.volatility - INFO - AAPL Ridge PCA            alpha=1 RMSE=0.12628 NRMSE=1.20711 R2=-0.45711 IC=0.00188
2026-08-02 13:36:57,587 - options_risk_engine.forecasting.volatility - INFO - AAPL Ridge PCA            alpha=10 RMSE=0.12498 NRMSE=1.19461 R2=-0.42710 IC=0.01113
2026-08-02 13:36:57,589 - options_risk_engine.forecasting.volatility - INFO - AAPL Ridge PCA            alpha=100 RMSE=0.11804 NRMSE=1.12834 R2=-0.27315 IC=0.07141
2026-08-02 13:36:57,591 - options_risk_engine.forecasting.volatility - INFO - AAPL Ridge PCA            alpha=1000 RMSE=0.11031 NRMSE=1.05443 R2=-0.11183 IC=0.14089
2026-08-02 13:36:57,593 - options_risk_engine.forecasting.volatility - INFO - AAPL Lasso                alpha=0.0001 RMSE=0.14003 NRMSE=1.33849 R2=-0.79156 IC=-0.01808
2026-08-02 13:36:57,595 - options_risk_engine.forecasting.volatility - INFO - AAPL Lasso                alpha=0.001 RMSE=0.12662 NRMSE=1.21036 R2=-0.46498 IC=0.01207
2026-08-02 13:36:57,598 - options_risk_engine.forecasting.volatility - INFO - AAPL Lasso                alpha=0.01 RMSE=0.11395 NRMSE=1.08925 R2=-0.18645 IC=0.04100
2026-08-02 13:36:57,601 - options_risk_engine.forecasting.volatility - INFO - AAPL Lasso                alpha=0.1 RMSE=0.10960 NRMSE=1.04761 R2=-0.09748 IC=-0.48458
2026-08-02 13:36:57,603 - options_risk_engine.forecasting.volatility - INFO - AAPL Lasso                alpha=1 RMSE=0.10960 NRMSE=1.04761 R2=-0.09748 IC=-0.48458
2026-08-02 13:36:57,605 - options_risk_engine.forecasting.volatility - INFO - AAPL Lasso PCA            alpha=0.0001 RMSE=0.12637 NRMSE=1.20793 R2=-0.45910 IC=0.00095
2026-08-02 13:36:57,607 - options_risk_engine.forecasting.volatility - INFO - AAPL Lasso PCA            alpha=0.001 RMSE=0.12570 NRMSE=1.20156 R2=-0.44375 IC=0.00222
2026-08-02 13:36:57,609 - options_risk_engine.forecasting.volatility - INFO - AAPL Lasso PCA            alpha=0.01 RMSE=0.11686 NRMSE=1.11705 R2=-0.24780 IC=0.06681
2026-08-02 13:36:57,611 - options_risk_engine.forecasting.volatility - INFO - AAPL Lasso PCA            alpha=0.1 RMSE=0.10562 NRMSE=1.00955 R2=-0.01919 IC=0.05694
2026-08-02 13:36:57,613 - options_risk_engine.forecasting.volatility - INFO - AAPL Lasso PCA            alpha=1 RMSE=0.10960 NRMSE=1.04761 R2=-0.09748 IC=-0.48458
2026-08-02 13:36:57,614 - options_risk_engine.forecasting.volatility - INFO - AAPL Random Forest        alpha=None RMSE=0.13732 NRMSE=1.31265 R2=-0.72304 IC=-0.04671
2026-08-02 13:36:57,616 - options_risk_engine.forecasting.volatility - INFO - AAPL Gradient Boosting    alpha=None RMSE=0.12833 NRMSE=1.22667 R2=-0.50473 IC=-0.02468
2026-08-02 13:36:57,618 - options_risk_engine.forecasting.volatility - INFO - AAPL HAR-RV               alpha=None RMSE=0.12635 NRMSE=1.20779 R2=-0.45875 IC=-0.01064
2026-08-02 13:36:57,620 - options_risk_engine.forecasting.volatility - INFO - AAPL GARCH                alpha=None RMSE=0.11599 NRMSE=1.10875 R2=-0.22932 IC=0.14354
2026-08-02 13:36:57,622 - options_risk_engine.forecasting.volatility - INFO - AAPL evaluation complete - best model=Lasso PCA, alpha=0.1, RMSE=0.10562, NRMSE=1.00955
2026-08-02 13:36:57,625 - options_risk_engine.forecasting.volatility - INFO - MSFT starting model evaluation
2026-08-02 13:36:57,627 - options_risk_engine.forecasting.volatility - INFO - MSFT has 971 usable rows and 21 features
2026-08-02 13:36:57,627 - options_risk_engine.forecasting.volatility - INFO - Creating model specifications
2026-08-02 13:36:57,628 - options_risk_engine.forecasting.volatility - INFO - Created 34 model configurations
2026-08-02 13:36:57,628 - options_risk_engine.forecasting.volatility - INFO - MSFT walk-forward starts at row 284 with window=30, step=30, purge=32
2026-08-02 13:37:13,761 - options_risk_engine.forecasting.volatility - INFO - MSFT completed 22 walk-forward folds
2026-08-02 13:37:13,762 - options_risk_engine.forecasting.volatility - INFO - MSFT calculating model comparison metrics
2026-08-02 13:37:13,764 - options_risk_engine.forecasting.volatility - INFO - MSFT Train Mean           alpha=None RMSE=0.08842 NRMSE=1.18225 R2=-0.39772 IC=-0.35506
2026-08-02 13:37:13,766 - options_risk_engine.forecasting.volatility - INFO - MSFT RV20 Baseline        alpha=None RMSE=0.10463 NRMSE=1.39906 R2=-0.95737 IC=0.12329
2026-08-02 13:37:13,768 - options_risk_engine.forecasting.volatility - INFO - MSFT OLS                  alpha=None RMSE=0.09843 NRMSE=1.31606 R2=-0.73201 IC=-0.01404
2026-08-02 13:37:13,769 - options_risk_engine.forecasting.volatility - INFO - MSFT OLS PCA              alpha=None RMSE=0.09562 NRMSE=1.27859 R2=-0.63480 IC=-0.07146
2026-08-02 13:37:13,771 - options_risk_engine.forecasting.volatility - INFO - MSFT Ridge                alpha=0.0001 RMSE=0.09843 NRMSE=1.31606 R2=-0.73201 IC=-0.01406
2026-08-02 13:37:13,772 - options_risk_engine.forecasting.volatility - INFO - MSFT Ridge                alpha=0.001 RMSE=0.09843 NRMSE=1.31605 R2=-0.73200 IC=-0.01430
2026-08-02 13:37:13,774 - options_risk_engine.forecasting.volatility - INFO - MSFT Ridge                alpha=0.01 RMSE=0.09842 NRMSE=1.31601 R2=-0.73189 IC=-0.01655
2026-08-02 13:37:13,776 - options_risk_engine.forecasting.volatility - INFO - MSFT Ridge                alpha=0.1 RMSE=0.09836 NRMSE=1.31518 R2=-0.72969 IC=-0.03094
2026-08-02 13:37:13,777 - options_risk_engine.forecasting.volatility - INFO - MSFT Ridge                alpha=1 RMSE=0.09780 NRMSE=1.30774 R2=-0.71019 IC=-0.05072
2026-08-02 13:37:13,779 - options_risk_engine.forecasting.volatility - INFO - MSFT Ridge                alpha=10 RMSE=0.09637 NRMSE=1.28861 R2=-0.66052 IC=-0.05240
2026-08-02 13:37:13,781 - options_risk_engine.forecasting.volatility - INFO - MSFT Ridge                alpha=100 RMSE=0.09140 NRMSE=1.22216 R2=-0.49368 IC=-0.03740
2026-08-02 13:37:13,782 - options_risk_engine.forecasting.volatility - INFO - MSFT Ridge                alpha=1000 RMSE=0.08417 NRMSE=1.12539 R2=-0.26651 IC=-0.03361
2026-08-02 13:37:13,784 - options_risk_engine.forecasting.volatility - INFO - MSFT Ridge PCA            alpha=0.0001 RMSE=0.09562 NRMSE=1.27859 R2=-0.63480 IC=-0.07145
2026-08-02 13:37:13,786 - options_risk_engine.forecasting.volatility - INFO - MSFT Ridge PCA            alpha=0.001 RMSE=0.09562 NRMSE=1.27859 R2=-0.63480 IC=-0.07145
2026-08-02 13:37:13,788 - options_risk_engine.forecasting.volatility - INFO - MSFT Ridge PCA            alpha=0.01 RMSE=0.09562 NRMSE=1.27858 R2=-0.63477 IC=-0.07145
2026-08-02 13:37:13,789 - options_risk_engine.forecasting.volatility - INFO - MSFT Ridge PCA            alpha=0.1 RMSE=0.09562 NRMSE=1.27849 R2=-0.63454 IC=-0.07142
2026-08-02 13:37:13,791 - options_risk_engine.forecasting.volatility - INFO - MSFT Ridge PCA            alpha=1 RMSE=0.09555 NRMSE=1.27761 R2=-0.63227 IC=-0.07108
2026-08-02 13:37:13,793 - options_risk_engine.forecasting.volatility - INFO - MSFT Ridge PCA            alpha=10 RMSE=0.09492 NRMSE=1.26923 R2=-0.61095 IC=-0.06792
2026-08-02 13:37:13,794 - options_risk_engine.forecasting.volatility - INFO - MSFT Ridge PCA            alpha=100 RMSE=0.09097 NRMSE=1.21631 R2=-0.47941 IC=-0.04782
2026-08-02 13:37:13,796 - options_risk_engine.forecasting.volatility - INFO - MSFT Ridge PCA            alpha=1000 RMSE=0.08422 NRMSE=1.12610 R2=-0.26809 IC=-0.03965
2026-08-02 13:37:13,798 - options_risk_engine.forecasting.volatility - INFO - MSFT Lasso                alpha=0.0001 RMSE=0.09819 NRMSE=1.31288 R2=-0.72365 IC=-0.03737
2026-08-02 13:37:13,812 - options_risk_engine.forecasting.volatility - INFO - MSFT Lasso                alpha=0.001 RMSE=0.09536 NRMSE=1.27507 R2=-0.62582 IC=-0.08360
2026-08-02 13:37:13,828 - options_risk_engine.forecasting.volatility - INFO - MSFT Lasso                alpha=0.01 RMSE=0.08695 NRMSE=1.16262 R2=-0.35169 IC=-0.11584
2026-08-02 13:37:13,842 - options_risk_engine.forecasting.volatility - INFO - MSFT Lasso                alpha=0.1 RMSE=0.08842 NRMSE=1.18225 R2=-0.39772 IC=-0.35506
2026-08-02 13:37:13,844 - options_risk_engine.forecasting.volatility - INFO - MSFT Lasso                alpha=1 RMSE=0.08842 NRMSE=1.18225 R2=-0.39772 IC=-0.35506
2026-08-02 13:37:13,845 - options_risk_engine.forecasting.volatility - INFO - MSFT Lasso PCA            alpha=0.0001 RMSE=0.09551 NRMSE=1.27701 R2=-0.63075 IC=-0.07138
2026-08-02 13:37:13,850 - options_risk_engine.forecasting.volatility - INFO - MSFT Lasso PCA            alpha=0.001 RMSE=0.09455 NRMSE=1.26416 R2=-0.59810 IC=-0.07083
2026-08-02 13:37:13,853 - options_risk_engine.forecasting.volatility - INFO - MSFT Lasso PCA            alpha=0.01 RMSE=0.08802 NRMSE=1.17691 R2=-0.38512 IC=-0.07801
2026-08-02 13:37:13,856 - options_risk_engine.forecasting.volatility - INFO - MSFT Lasso PCA            alpha=0.1 RMSE=0.08625 NRMSE=1.15323 R2=-0.32994 IC=-0.29032
2026-08-02 13:37:13,858 - options_risk_engine.forecasting.volatility - INFO - MSFT Lasso PCA            alpha=1 RMSE=0.08842 NRMSE=1.18225 R2=-0.39772 IC=-0.35506
2026-08-02 13:37:13,859 - options_risk_engine.forecasting.volatility - INFO - MSFT Random Forest        alpha=None RMSE=0.10502 NRMSE=1.40419 R2=-0.97174 IC=-0.06917
2026-08-02 13:37:13,861 - options_risk_engine.forecasting.volatility - INFO - MSFT Gradient Boosting    alpha=None RMSE=0.10118 NRMSE=1.35281 R2=-0.83009 IC=-0.06625
2026-08-02 13:37:13,863 - options_risk_engine.forecasting.volatility - INFO - MSFT HAR-RV               alpha=None RMSE=0.09716 NRMSE=1.29911 R2=-0.68770 IC=-0.13337
2026-08-02 13:37:13,865 - options_risk_engine.forecasting.volatility - INFO - MSFT GARCH                alpha=None RMSE=0.08325 NRMSE=1.11312 R2=-0.23903 IC=0.04315
2026-08-02 13:37:13,866 - options_risk_engine.forecasting.volatility - INFO - MSFT evaluation complete - best model=GARCH, alpha=nan, RMSE=0.08325, NRMSE=1.11312
2026-08-02 13:37:13,869 - options_risk_engine.forecasting.volatility - INFO - META starting model evaluation
2026-08-02 13:37:13,871 - options_risk_engine.forecasting.volatility - INFO - META has 971 usable rows and 21 features
2026-08-02 13:37:13,871 - options_risk_engine.forecasting.volatility - INFO - Creating model specifications
2026-08-02 13:37:13,872 - options_risk_engine.forecasting.volatility - INFO - Created 34 model configurations
2026-08-02 13:37:13,873 - options_risk_engine.forecasting.volatility - INFO - META walk-forward starts at row 284 with window=30, step=30, purge=32
2026-08-02 13:37:30,441 - options_risk_engine.forecasting.volatility - INFO - META completed 22 walk-forward folds
2026-08-02 13:37:30,442 - options_risk_engine.forecasting.volatility - INFO - META calculating model comparison metrics
2026-08-02 13:37:30,444 - options_risk_engine.forecasting.volatility - INFO - META Train Mean           alpha=None RMSE=0.14507 NRMSE=1.19096 R2=-0.41839 IC=-0.12845
2026-08-02 13:37:30,446 - options_risk_engine.forecasting.volatility - INFO - META RV20 Baseline        alpha=None RMSE=0.20570 NRMSE=1.68873 R2=-1.85181 IC=-0.17340
2026-08-02 13:37:30,447 - options_risk_engine.forecasting.volatility - INFO - META OLS                  alpha=None RMSE=0.20237 NRMSE=1.66145 R2=-1.76042 IC=-0.12234
2026-08-02 13:37:30,449 - options_risk_engine.forecasting.volatility - INFO - META OLS PCA              alpha=None RMSE=0.15624 NRMSE=1.28268 R2=-0.64527 IC=0.02020
2026-08-02 13:37:30,451 - options_risk_engine.forecasting.volatility - INFO - META Ridge                alpha=0.0001 RMSE=0.20235 NRMSE=1.66124 R2=-1.75973 IC=-0.12232
2026-08-02 13:37:30,452 - options_risk_engine.forecasting.volatility - INFO - META Ridge                alpha=0.001 RMSE=0.20212 NRMSE=1.65937 R2=-1.75352 IC=-0.12216
2026-08-02 13:37:30,454 - options_risk_engine.forecasting.volatility - INFO - META Ridge                alpha=0.01 RMSE=0.19996 NRMSE=1.64165 R2=-1.69502 IC=-0.12046
2026-08-02 13:37:30,456 - options_risk_engine.forecasting.volatility - INFO - META Ridge                alpha=0.1 RMSE=0.18614 NRMSE=1.52815 R2=-1.33524 IC=-0.10331
2026-08-02 13:37:30,457 - options_risk_engine.forecasting.volatility - INFO - META Ridge                alpha=1 RMSE=0.16780 NRMSE=1.37760 R2=-0.89779 IC=-0.03999
2026-08-02 13:37:30,459 - options_risk_engine.forecasting.volatility - INFO - META Ridge                alpha=10 RMSE=0.16220 NRMSE=1.33163 R2=-0.77324 IC=0.00200
2026-08-02 13:37:30,460 - options_risk_engine.forecasting.volatility - INFO - META Ridge                alpha=100 RMSE=0.14859 NRMSE=1.21988 R2=-0.48810 IC=-0.00626
2026-08-02 13:37:30,462 - options_risk_engine.forecasting.volatility - INFO - META Ridge                alpha=1000 RMSE=0.13927 NRMSE=1.14336 R2=-0.30727 IC=-0.13577
2026-08-02 13:37:30,464 - options_risk_engine.forecasting.volatility - INFO - META Ridge PCA            alpha=0.0001 RMSE=0.15624 NRMSE=1.28268 R2=-0.64527 IC=0.02020
2026-08-02 13:37:30,465 - options_risk_engine.forecasting.volatility - INFO - META Ridge PCA            alpha=0.001 RMSE=0.15624 NRMSE=1.28268 R2=-0.64527 IC=0.02020
2026-08-02 13:37:30,467 - options_risk_engine.forecasting.volatility - INFO - META Ridge PCA            alpha=0.01 RMSE=0.15624 NRMSE=1.28267 R2=-0.64524 IC=0.02020
2026-08-02 13:37:30,469 - options_risk_engine.forecasting.volatility - INFO - META Ridge PCA            alpha=0.1 RMSE=0.15622 NRMSE=1.28257 R2=-0.64498 IC=0.02017
2026-08-02 13:37:30,470 - options_risk_engine.forecasting.volatility - INFO - META Ridge PCA            alpha=1 RMSE=0.15610 NRMSE=1.28154 R2=-0.64235 IC=0.01986
2026-08-02 13:37:30,472 - options_risk_engine.forecasting.volatility - INFO - META Ridge PCA            alpha=10 RMSE=0.15492 NRMSE=1.27188 R2=-0.61769 IC=0.01678
2026-08-02 13:37:30,474 - options_risk_engine.forecasting.volatility - INFO - META Ridge PCA            alpha=100 RMSE=0.14773 NRMSE=1.21281 R2=-0.47090 IC=-0.01070
2026-08-02 13:37:30,476 - options_risk_engine.forecasting.volatility - INFO - META Ridge PCA            alpha=1000 RMSE=0.13981 NRMSE=1.14781 R2=-0.31746 IC=-0.13662
2026-08-02 13:37:30,477 - options_risk_engine.forecasting.volatility - INFO - META Lasso                alpha=0.0001 RMSE=0.18685 NRMSE=1.53401 R2=-1.35318 IC=-0.12708
2026-08-02 13:37:30,479 - options_risk_engine.forecasting.volatility - INFO - META Lasso                alpha=0.001 RMSE=0.16370 NRMSE=1.34396 R2=-0.80623 IC=0.00980
2026-08-02 13:37:30,481 - options_risk_engine.forecasting.volatility - INFO - META Lasso                alpha=0.01 RMSE=0.15531 NRMSE=1.27504 R2=-0.62573 IC=0.01042
2026-08-02 13:37:30,482 - options_risk_engine.forecasting.volatility - INFO - META Lasso                alpha=0.1 RMSE=0.14562 NRMSE=1.19552 R2=-0.42928 IC=-0.13743
2026-08-02 13:37:30,484 - options_risk_engine.forecasting.volatility - INFO - META Lasso                alpha=1 RMSE=0.14507 NRMSE=1.19096 R2=-0.41839 IC=-0.12845
2026-08-02 13:37:30,496 - options_risk_engine.forecasting.volatility - INFO - META Lasso PCA            alpha=0.0001 RMSE=0.15615 NRMSE=1.28192 R2=-0.64332 IC=0.01987
2026-08-02 13:37:30,525 - options_risk_engine.forecasting.volatility - INFO - META Lasso PCA            alpha=0.001 RMSE=0.15532 NRMSE=1.27517 R2=-0.62606 IC=0.01679
2026-08-02 13:37:30,527 - options_risk_engine.forecasting.volatility - INFO - META Lasso PCA            alpha=0.01 RMSE=0.14884 NRMSE=1.22192 R2=-0.49308 IC=-0.02273
2026-08-02 13:37:30,529 - options_risk_engine.forecasting.volatility - INFO - META Lasso PCA            alpha=0.1 RMSE=0.14774 NRMSE=1.21292 R2=-0.47117 IC=-0.26553
2026-08-02 13:37:30,531 - options_risk_engine.forecasting.volatility - INFO - META Lasso PCA            alpha=1 RMSE=0.14507 NRMSE=1.19096 R2=-0.41839 IC=-0.12845
2026-08-02 13:37:30,533 - options_risk_engine.forecasting.volatility - INFO - META Random Forest        alpha=None RMSE=0.16939 NRMSE=1.39067 R2=-0.93398 IC=-0.10230
2026-08-02 13:37:30,535 - options_risk_engine.forecasting.volatility - INFO - META Gradient Boosting    alpha=None RMSE=0.15179 NRMSE=1.24617 R2=-0.55294 IC=0.02360
2026-08-02 13:37:30,537 - options_risk_engine.forecasting.volatility - INFO - META HAR-RV               alpha=None RMSE=0.16757 NRMSE=1.37573 R2=-0.89263 IC=0.01569
2026-08-02 13:37:30,541 - options_risk_engine.forecasting.volatility - INFO - META GARCH                alpha=None RMSE=0.21776 NRMSE=1.78777 R2=-2.19611 IC=-0.01975
2026-08-02 13:37:30,543 - options_risk_engine.forecasting.volatility - INFO - META evaluation complete - best model=Ridge, alpha=1000.0, RMSE=0.13927, NRMSE=1.14336
2026-08-02 13:37:30,547 - options_risk_engine.forecasting.volatility - INFO - WMT starting model evaluation
2026-08-02 13:37:30,549 - options_risk_engine.forecasting.volatility - INFO - WMT has 971 usable rows and 21 features
2026-08-02 13:37:30,549 - options_risk_engine.forecasting.volatility - INFO - Creating model specifications
2026-08-02 13:37:30,550 - options_risk_engine.forecasting.volatility - INFO - Created 34 model configurations
2026-08-02 13:37:30,550 - options_risk_engine.forecasting.volatility - INFO - WMT walk-forward starts at row 284 with window=30, step=30, purge=32
2026-08-02 13:37:46,579 - options_risk_engine.forecasting.volatility - INFO - WMT completed 22 walk-forward folds
2026-08-02 13:37:46,579 - options_risk_engine.forecasting.volatility - INFO - WMT calculating model comparison metrics
2026-08-02 13:37:46,581 - options_risk_engine.forecasting.volatility - INFO - WMT Train Mean           alpha=None RMSE=0.07943 NRMSE=1.12322 R2=-0.26161 IC=0.23052
2026-08-02 13:37:46,583 - options_risk_engine.forecasting.volatility - INFO - WMT RV20 Baseline        alpha=None RMSE=0.09972 NRMSE=1.41001 R2=-0.98812 IC=0.16391
2026-08-02 13:37:46,584 - options_risk_engine.forecasting.volatility - INFO - WMT OLS                  alpha=None RMSE=0.10481 NRMSE=1.48210 R2=-1.19663 IC=-0.01525
2026-08-02 13:37:46,586 - options_risk_engine.forecasting.volatility - INFO - WMT OLS PCA              alpha=None RMSE=0.08305 NRMSE=1.17429 R2=-0.37896 IC=0.03276
2026-08-02 13:37:46,588 - options_risk_engine.forecasting.volatility - INFO - WMT Ridge                alpha=0.0001 RMSE=0.10481 NRMSE=1.48200 R2=-1.19632 IC=-0.01526
2026-08-02 13:37:46,590 - options_risk_engine.forecasting.volatility - INFO - WMT Ridge                alpha=0.001 RMSE=0.10474 NRMSE=1.48109 R2=-1.19361 IC=-0.01531
2026-08-02 13:37:46,591 - options_risk_engine.forecasting.volatility - INFO - WMT Ridge                alpha=0.01 RMSE=0.10413 NRMSE=1.47246 R2=-1.16813 IC=-0.01579
2026-08-02 13:37:46,593 - options_risk_engine.forecasting.volatility - INFO - WMT Ridge                alpha=0.1 RMSE=0.10027 NRMSE=1.41783 R2=-1.01024 IC=-0.01895
2026-08-02 13:37:46,595 - options_risk_engine.forecasting.volatility - INFO - WMT Ridge                alpha=1 RMSE=0.09354 NRMSE=1.32271 R2=-0.74956 IC=-0.01860
2026-08-02 13:37:46,596 - options_risk_engine.forecasting.volatility - INFO - WMT Ridge                alpha=10 RMSE=0.08761 NRMSE=1.23883 R2=-0.53470 IC=0.02082
2026-08-02 13:37:46,598 - options_risk_engine.forecasting.volatility - INFO - WMT Ridge                alpha=100 RMSE=0.08149 NRMSE=1.15225 R2=-0.32768 IC=0.07523
2026-08-02 13:37:46,602 - options_risk_engine.forecasting.volatility - INFO - WMT Ridge                alpha=1000 RMSE=0.07914 NRMSE=1.11904 R2=-0.25225 IC=0.11964
2026-08-02 13:37:46,627 - options_risk_engine.forecasting.volatility - INFO - WMT Ridge PCA            alpha=0.0001 RMSE=0.08305 NRMSE=1.17429 R2=-0.37896 IC=0.03276
2026-08-02 13:37:46,641 - options_risk_engine.forecasting.volatility - INFO - WMT Ridge PCA            alpha=0.001 RMSE=0.08305 NRMSE=1.17429 R2=-0.37896 IC=0.03276
2026-08-02 13:37:46,643 - options_risk_engine.forecasting.volatility - INFO - WMT Ridge PCA            alpha=0.01 RMSE=0.08305 NRMSE=1.17429 R2=-0.37895 IC=0.03277
2026-08-02 13:37:46,645 - options_risk_engine.forecasting.volatility - INFO - WMT Ridge PCA            alpha=0.1 RMSE=0.08304 NRMSE=1.17425 R2=-0.37887 IC=0.03280
2026-08-02 13:37:46,649 - options_risk_engine.forecasting.volatility - INFO - WMT Ridge PCA            alpha=1 RMSE=0.08302 NRMSE=1.17389 R2=-0.37801 IC=0.03316
2026-08-02 13:37:46,650 - options_risk_engine.forecasting.volatility - INFO - WMT Ridge PCA            alpha=10 RMSE=0.08278 NRMSE=1.17049 R2=-0.37006 IC=0.03654
2026-08-02 13:37:46,654 - options_risk_engine.forecasting.volatility - INFO - WMT Ridge PCA            alpha=100 RMSE=0.08141 NRMSE=1.15112 R2=-0.32509 IC=0.06005
2026-08-02 13:37:46,657 - options_risk_engine.forecasting.volatility - INFO - WMT Ridge PCA            alpha=1000 RMSE=0.07945 NRMSE=1.12342 R2=-0.26208 IC=0.11297
2026-08-02 13:37:46,658 - options_risk_engine.forecasting.volatility - INFO - WMT Lasso                alpha=0.0001 RMSE=0.09299 NRMSE=1.31489 R2=-0.72894 IC=-0.00161
2026-08-02 13:37:46,660 - options_risk_engine.forecasting.volatility - INFO - WMT Lasso                alpha=0.001 RMSE=0.08682 NRMSE=1.22763 R2=-0.50708 IC=0.01922
2026-08-02 13:37:46,662 - options_risk_engine.forecasting.volatility - INFO - WMT Lasso                alpha=0.01 RMSE=0.08319 NRMSE=1.17635 R2=-0.38381 IC=-0.06812
2026-08-02 13:37:46,664 - options_risk_engine.forecasting.volatility - INFO - WMT Lasso                alpha=0.1 RMSE=0.07943 NRMSE=1.12322 R2=-0.26161 IC=0.23052
2026-08-02 13:37:46,665 - options_risk_engine.forecasting.volatility - INFO - WMT Lasso                alpha=1 RMSE=0.07943 NRMSE=1.12322 R2=-0.26161 IC=0.23052
2026-08-02 13:37:46,667 - options_risk_engine.forecasting.volatility - INFO - WMT Lasso PCA            alpha=0.0001 RMSE=0.08296 NRMSE=1.17314 R2=-0.37626 IC=0.03383
2026-08-02 13:37:46,668 - options_risk_engine.forecasting.volatility - INFO - WMT Lasso PCA            alpha=0.001 RMSE=0.08229 NRMSE=1.16364 R2=-0.35405 IC=0.04331
2026-08-02 13:37:46,670 - options_risk_engine.forecasting.volatility - INFO - WMT Lasso PCA            alpha=0.01 RMSE=0.08131 NRMSE=1.14975 R2=-0.32193 IC=0.08995
2026-08-02 13:37:46,672 - options_risk_engine.forecasting.volatility - INFO - WMT Lasso PCA            alpha=0.1 RMSE=0.07997 NRMSE=1.13082 R2=-0.27875 IC=0.18300
2026-08-02 13:37:46,674 - options_risk_engine.forecasting.volatility - INFO - WMT Lasso PCA            alpha=1 RMSE=0.07943 NRMSE=1.12322 R2=-0.26161 IC=0.23052
2026-08-02 13:37:46,675 - options_risk_engine.forecasting.volatility - INFO - WMT Random Forest        alpha=None RMSE=0.08532 NRMSE=1.20639 R2=-0.45539 IC=-0.06956
2026-08-02 13:37:46,677 - options_risk_engine.forecasting.volatility - INFO - WMT Gradient Boosting    alpha=None RMSE=0.08816 NRMSE=1.24655 R2=-0.55388 IC=-0.07606
2026-08-02 13:37:46,679 - options_risk_engine.forecasting.volatility - INFO - WMT HAR-RV               alpha=None RMSE=0.08569 NRMSE=1.21167 R2=-0.46814 IC=-0.19011
2026-08-02 13:37:46,680 - options_risk_engine.forecasting.volatility - INFO - WMT GARCH                alpha=None RMSE=0.08412 NRMSE=1.18944 R2=-0.41476 IC=0.12352
2026-08-02 13:37:46,681 - options_risk_engine.forecasting.volatility - INFO - WMT evaluation complete - best model=Ridge, alpha=1000.0, RMSE=0.07914, NRMSE=1.11904
2026-08-02 13:37:46,684 - options_risk_engine.forecasting.volatility - INFO - GOOGL starting model evaluation
2026-08-02 13:37:46,686 - options_risk_engine.forecasting.volatility - INFO - GOOGL has 971 usable rows and 21 features
2026-08-02 13:37:46,687 - options_risk_engine.forecasting.volatility - INFO - Creating model specifications
2026-08-02 13:37:46,687 - options_risk_engine.forecasting.volatility - INFO - Created 34 model configurations
2026-08-02 13:37:46,688 - options_risk_engine.forecasting.volatility - INFO - GOOGL walk-forward starts at row 284 with window=30, step=30, purge=32
2026-08-02 13:38:03,230 - options_risk_engine.forecasting.volatility - INFO - GOOGL completed 22 walk-forward folds
2026-08-02 13:38:03,231 - options_risk_engine.forecasting.volatility - INFO - GOOGL calculating model comparison metrics
2026-08-02 13:38:03,233 - options_risk_engine.forecasting.volatility - INFO - GOOGL Train Mean           alpha=None RMSE=0.07436 NRMSE=1.07006 R2=-0.14504 IC=-0.20185
2026-08-02 13:38:03,235 - options_risk_engine.forecasting.volatility - INFO - GOOGL RV20 Baseline        alpha=None RMSE=0.11222 NRMSE=1.61477 R2=-1.60747 IC=-0.03534
2026-08-02 13:38:03,236 - options_risk_engine.forecasting.volatility - INFO - GOOGL OLS                  alpha=None RMSE=0.09815 NRMSE=1.41226 R2=-0.99448 IC=0.12447
2026-08-02 13:38:03,238 - options_risk_engine.forecasting.volatility - INFO - GOOGL OLS PCA              alpha=None RMSE=0.08116 NRMSE=1.16786 R2=-0.36390 IC=-0.01548
2026-08-02 13:38:03,240 - options_risk_engine.forecasting.volatility - INFO - GOOGL Ridge                alpha=0.0001 RMSE=0.09813 NRMSE=1.41208 R2=-0.99396 IC=0.12444
2026-08-02 13:38:03,242 - options_risk_engine.forecasting.volatility - INFO - GOOGL Ridge                alpha=0.001 RMSE=0.09802 NRMSE=1.41043 R2=-0.98931 IC=0.12419
2026-08-02 13:38:03,243 - options_risk_engine.forecasting.volatility - INFO - GOOGL Ridge                alpha=0.01 RMSE=0.09697 NRMSE=1.39539 R2=-0.94713 IC=0.12174
2026-08-02 13:38:03,245 - options_risk_engine.forecasting.volatility - INFO - GOOGL Ridge                alpha=0.1 RMSE=0.09173 NRMSE=1.31991 R2=-0.74216 IC=0.10369
2026-08-02 13:38:03,247 - options_risk_engine.forecasting.volatility - INFO - GOOGL Ridge                alpha=1 RMSE=0.08597 NRMSE=1.23709 R2=-0.53038 IC=0.07439
2026-08-02 13:38:03,248 - options_risk_engine.forecasting.volatility - INFO - GOOGL Ridge                alpha=10 RMSE=0.08158 NRMSE=1.17389 R2=-0.37801 IC=0.07840
2026-08-02 13:38:03,250 - options_risk_engine.forecasting.volatility - INFO - GOOGL Ridge                alpha=100 RMSE=0.07810 NRMSE=1.12383 R2=-0.26299 IC=0.02447
2026-08-02 13:38:03,252 - options_risk_engine.forecasting.volatility - INFO - GOOGL Ridge                alpha=1000 RMSE=0.07485 NRMSE=1.07697 R2=-0.15987 IC=-0.12187
2026-08-02 13:38:03,253 - options_risk_engine.forecasting.volatility - INFO - GOOGL Ridge PCA            alpha=0.0001 RMSE=0.08116 NRMSE=1.16786 R2=-0.36390 IC=-0.01548
2026-08-02 13:38:03,255 - options_risk_engine.forecasting.volatility - INFO - GOOGL Ridge PCA            alpha=0.001 RMSE=0.08116 NRMSE=1.16786 R2=-0.36390 IC=-0.01548
2026-08-02 13:38:03,257 - options_risk_engine.forecasting.volatility - INFO - GOOGL Ridge PCA            alpha=0.01 RMSE=0.08116 NRMSE=1.16786 R2=-0.36389 IC=-0.01548
2026-08-02 13:38:03,258 - options_risk_engine.forecasting.volatility - INFO - GOOGL Ridge PCA            alpha=0.1 RMSE=0.08116 NRMSE=1.16782 R2=-0.36381 IC=-0.01552
2026-08-02 13:38:03,260 - options_risk_engine.forecasting.volatility - INFO - GOOGL Ridge PCA            alpha=1 RMSE=0.08114 NRMSE=1.16750 R2=-0.36305 IC=-0.01589
2026-08-02 13:38:03,261 - options_risk_engine.forecasting.volatility - INFO - GOOGL Ridge PCA            alpha=10 RMSE=0.08092 NRMSE=1.16437 R2=-0.35575 IC=-0.01951
2026-08-02 13:38:03,263 - options_risk_engine.forecasting.volatility - INFO - GOOGL Ridge PCA            alpha=100 RMSE=0.07930 NRMSE=1.14106 R2=-0.30202 IC=-0.04677
2026-08-02 13:38:03,265 - options_risk_engine.forecasting.volatility - INFO - GOOGL Ridge PCA            alpha=1000 RMSE=0.07532 NRMSE=1.08377 R2=-0.17455 IC=-0.14719
2026-08-02 13:38:03,266 - options_risk_engine.forecasting.volatility - INFO - GOOGL Lasso                alpha=0.0001 RMSE=0.09202 NRMSE=1.32408 R2=-0.75318 IC=0.12169
2026-08-02 13:38:03,268 - options_risk_engine.forecasting.volatility - INFO - GOOGL Lasso                alpha=0.001 RMSE=0.08162 NRMSE=1.17443 R2=-0.37929 IC=0.07169
2026-08-02 13:38:03,269 - options_risk_engine.forecasting.volatility - INFO - GOOGL Lasso                alpha=0.01 RMSE=0.07513 NRMSE=1.08103 R2=-0.16864 IC=-0.12171
2026-08-02 13:38:03,271 - options_risk_engine.forecasting.volatility - INFO - GOOGL Lasso                alpha=0.1 RMSE=0.07436 NRMSE=1.07006 R2=-0.14504 IC=-0.20185
2026-08-02 13:38:03,273 - options_risk_engine.forecasting.volatility - INFO - GOOGL Lasso                alpha=1 RMSE=0.07436 NRMSE=1.07006 R2=-0.14504 IC=-0.20185
2026-08-02 13:38:03,274 - options_risk_engine.forecasting.volatility - INFO - GOOGL Lasso PCA            alpha=0.0001 RMSE=0.08110 NRMSE=1.16696 R2=-0.36180 IC=-0.01576
2026-08-02 13:38:03,276 - options_risk_engine.forecasting.volatility - INFO - GOOGL Lasso PCA            alpha=0.001 RMSE=0.08058 NRMSE=1.15949 R2=-0.34442 IC=-0.01884
2026-08-02 13:38:03,279 - options_risk_engine.forecasting.volatility - INFO - GOOGL Lasso PCA            alpha=0.01 RMSE=0.07663 NRMSE=1.10263 R2=-0.21579 IC=-0.06975
2026-08-02 13:38:03,297 - options_risk_engine.forecasting.volatility - INFO - GOOGL Lasso PCA            alpha=0.1 RMSE=0.07436 NRMSE=1.07006 R2=-0.14504 IC=-0.20185
2026-08-02 13:38:03,304 - options_risk_engine.forecasting.volatility - INFO - GOOGL Lasso PCA            alpha=1 RMSE=0.07436 NRMSE=1.07006 R2=-0.14504 IC=-0.20185
2026-08-02 13:38:03,320 - options_risk_engine.forecasting.volatility - INFO - GOOGL Random Forest        alpha=None RMSE=0.09454 NRMSE=1.36043 R2=-0.85076 IC=-0.17970
2026-08-02 13:38:03,322 - options_risk_engine.forecasting.volatility - INFO - GOOGL Gradient Boosting    alpha=None RMSE=0.09136 NRMSE=1.31463 R2=-0.72826 IC=-0.11392
2026-08-02 13:38:03,324 - options_risk_engine.forecasting.volatility - INFO - GOOGL HAR-RV               alpha=None RMSE=0.08313 NRMSE=1.19621 R2=-0.43093 IC=-0.17770
2026-08-02 13:38:03,326 - options_risk_engine.forecasting.volatility - INFO - GOOGL GARCH                alpha=None RMSE=0.07616 NRMSE=1.09596 R2=-0.20113 IC=-0.29409
2026-08-02 13:38:03,328 - options_risk_engine.forecasting.volatility - INFO - GOOGL evaluation complete - best model=Train Mean, alpha=nan, RMSE=0.07436, NRMSE=1.07006
2026-08-02 13:38:03,335 - options_risk_engine.forecasting.volatility - INFO - AMZN starting model evaluation
2026-08-02 13:38:03,337 - options_risk_engine.forecasting.volatility - INFO - AMZN has 971 usable rows and 21 features
2026-08-02 13:38:03,337 - options_risk_engine.forecasting.volatility - INFO - Creating model specifications
2026-08-02 13:38:03,338 - options_risk_engine.forecasting.volatility - INFO - Created 34 model configurations
2026-08-02 13:38:03,338 - options_risk_engine.forecasting.volatility - INFO - AMZN walk-forward starts at row 284 with window=30, step=30, purge=32
2026-08-02 13:38:19,554 - options_risk_engine.forecasting.volatility - INFO - AMZN completed 22 walk-forward folds
2026-08-02 13:38:19,555 - options_risk_engine.forecasting.volatility - INFO - AMZN calculating model comparison metrics
2026-08-02 13:38:19,557 - options_risk_engine.forecasting.volatility - INFO - AMZN Train Mean           alpha=None RMSE=0.09926 NRMSE=1.16814 R2=-0.36456 IC=-0.25176
2026-08-02 13:38:19,559 - options_risk_engine.forecasting.volatility - INFO - AMZN RV20 Baseline        alpha=None RMSE=0.13576 NRMSE=1.59759 R2=-1.55229 IC=-0.07732
2026-08-02 13:38:19,560 - options_risk_engine.forecasting.volatility - INFO - AMZN OLS                  alpha=None RMSE=0.11565 NRMSE=1.36093 R2=-0.85212 IC=0.09202
2026-08-02 13:38:19,562 - options_risk_engine.forecasting.volatility - INFO - AMZN OLS PCA              alpha=None RMSE=0.09816 NRMSE=1.15513 R2=-0.33432 IC=0.08226
2026-08-02 13:38:19,564 - options_risk_engine.forecasting.volatility - INFO - AMZN Ridge                alpha=0.0001 RMSE=0.11564 NRMSE=1.36089 R2=-0.85202 IC=0.09200
2026-08-02 13:38:19,566 - options_risk_engine.forecasting.volatility - INFO - AMZN Ridge                alpha=0.001 RMSE=0.11562 NRMSE=1.36057 R2=-0.85115 IC=0.09182
2026-08-02 13:38:19,567 - options_risk_engine.forecasting.volatility - INFO - AMZN Ridge                alpha=0.01 RMSE=0.11536 NRMSE=1.35750 R2=-0.84281 IC=0.09007
2026-08-02 13:38:19,569 - options_risk_engine.forecasting.volatility - INFO - AMZN Ridge                alpha=0.1 RMSE=0.11345 NRMSE=1.33510 R2=-0.78250 IC=0.07910
2026-08-02 13:38:19,570 - options_risk_engine.forecasting.volatility - INFO - AMZN Ridge                alpha=1 RMSE=0.10721 NRMSE=1.26166 R2=-0.59177 IC=0.06181
2026-08-02 13:38:19,572 - options_risk_engine.forecasting.volatility - INFO - AMZN Ridge                alpha=10 RMSE=0.10173 NRMSE=1.19716 R2=-0.43320 IC=0.05639
2026-08-02 13:38:19,573 - options_risk_engine.forecasting.volatility - INFO - AMZN Ridge                alpha=100 RMSE=0.09569 NRMSE=1.12611 R2=-0.26812 IC=0.05235
2026-08-02 13:38:19,575 - options_risk_engine.forecasting.volatility - INFO - AMZN Ridge                alpha=1000 RMSE=0.09323 NRMSE=1.09712 R2=-0.20367 IC=-0.10137
2026-08-02 13:38:19,577 - options_risk_engine.forecasting.volatility - INFO - AMZN Ridge PCA            alpha=0.0001 RMSE=0.09816 NRMSE=1.15513 R2=-0.33432 IC=0.08226
2026-08-02 13:38:19,579 - options_risk_engine.forecasting.volatility - INFO - AMZN Ridge PCA            alpha=0.001 RMSE=0.09816 NRMSE=1.15513 R2=-0.33432 IC=0.08226
2026-08-02 13:38:19,580 - options_risk_engine.forecasting.volatility - INFO - AMZN Ridge PCA            alpha=0.01 RMSE=0.09816 NRMSE=1.15512 R2=-0.33431 IC=0.08226
2026-08-02 13:38:19,582 - options_risk_engine.forecasting.volatility - INFO - AMZN Ridge PCA            alpha=0.1 RMSE=0.09815 NRMSE=1.15507 R2=-0.33418 IC=0.08224
2026-08-02 13:38:19,584 - options_risk_engine.forecasting.volatility - INFO - AMZN Ridge PCA            alpha=1 RMSE=0.09811 NRMSE=1.15453 R2=-0.33294 IC=0.08207
2026-08-02 13:38:19,585 - options_risk_engine.forecasting.volatility - INFO - AMZN Ridge PCA            alpha=10 RMSE=0.09768 NRMSE=1.14946 R2=-0.32125 IC=0.08027
2026-08-02 13:38:19,587 - options_risk_engine.forecasting.volatility - INFO - AMZN Ridge PCA            alpha=100 RMSE=0.09501 NRMSE=1.11810 R2=-0.25014 IC=0.05842
2026-08-02 13:38:19,588 - options_risk_engine.forecasting.volatility - INFO - AMZN Ridge PCA            alpha=1000 RMSE=0.09321 NRMSE=1.09690 R2=-0.20319 IC=-0.10037
2026-08-02 13:38:19,590 - options_risk_engine.forecasting.volatility - INFO - AMZN Lasso                alpha=0.0001 RMSE=0.11287 NRMSE=1.32821 R2=-0.76413 IC=0.06921
2026-08-02 13:38:19,592 - options_risk_engine.forecasting.volatility - INFO - AMZN Lasso                alpha=0.001 RMSE=0.10223 NRMSE=1.20299 R2=-0.44717 IC=0.03921
2026-08-02 13:38:19,594 - options_risk_engine.forecasting.volatility - INFO - AMZN Lasso                alpha=0.01 RMSE=0.10038 NRMSE=1.18125 R2=-0.39535 IC=-0.10457
2026-08-02 13:38:19,595 - options_risk_engine.forecasting.volatility - INFO - AMZN Lasso                alpha=0.1 RMSE=0.09926 NRMSE=1.16814 R2=-0.36456 IC=-0.25176
2026-08-02 13:38:19,597 - options_risk_engine.forecasting.volatility - INFO - AMZN Lasso                alpha=1 RMSE=0.09926 NRMSE=1.16814 R2=-0.36456 IC=-0.25176
2026-08-02 13:38:19,598 - options_risk_engine.forecasting.volatility - INFO - AMZN Lasso PCA            alpha=0.0001 RMSE=0.09812 NRMSE=1.15463 R2=-0.33317 IC=0.08120
2026-08-02 13:38:19,602 - options_risk_engine.forecasting.volatility - INFO - AMZN Lasso PCA            alpha=0.001 RMSE=0.09774 NRMSE=1.15024 R2=-0.32306 IC=0.07164
2026-08-02 13:38:19,635 - options_risk_engine.forecasting.volatility - INFO - AMZN Lasso PCA            alpha=0.01 RMSE=0.09568 NRMSE=1.12597 R2=-0.26780 IC=-0.02421
2026-08-02 13:38:19,642 - options_risk_engine.forecasting.volatility - INFO - AMZN Lasso PCA            alpha=0.1 RMSE=0.09897 NRMSE=1.16473 R2=-0.35660 IC=-0.26160
2026-08-02 13:38:19,643 - options_risk_engine.forecasting.volatility - INFO - AMZN Lasso PCA            alpha=1 RMSE=0.09926 NRMSE=1.16814 R2=-0.36456 IC=-0.25176
2026-08-02 13:38:19,645 - options_risk_engine.forecasting.volatility - INFO - AMZN Random Forest        alpha=None RMSE=0.13022 NRMSE=1.53237 R2=-1.34816 IC=-0.21254
2026-08-02 13:38:19,647 - options_risk_engine.forecasting.volatility - INFO - AMZN Gradient Boosting    alpha=None RMSE=0.13195 NRMSE=1.55276 R2=-1.41107 IC=-0.20027
2026-08-02 13:38:19,650 - options_risk_engine.forecasting.volatility - INFO - AMZN HAR-RV               alpha=None RMSE=0.10573 NRMSE=1.24425 R2=-0.54816 IC=-0.11051
2026-08-02 13:38:19,652 - options_risk_engine.forecasting.volatility - INFO - AMZN GARCH                alpha=None RMSE=0.10847 NRMSE=1.27649 R2=-0.62942 IC=-0.22516
2026-08-02 13:38:19,654 - options_risk_engine.forecasting.volatility - INFO - AMZN evaluation complete - best model=Ridge PCA, alpha=1000.0, RMSE=0.09321, NRMSE=1.09690
2026-08-02 13:38:19,659 - options_risk_engine.forecasting.volatility - INFO - HCA starting model evaluation
2026-08-02 13:38:19,661 - options_risk_engine.forecasting.volatility - INFO - HCA has 971 usable rows and 21 features
2026-08-02 13:38:19,661 - options_risk_engine.forecasting.volatility - INFO - Creating model specifications
2026-08-02 13:38:19,662 - options_risk_engine.forecasting.volatility - INFO - Created 34 model configurations
2026-08-02 13:38:19,662 - options_risk_engine.forecasting.volatility - INFO - HCA walk-forward starts at row 284 with window=30, step=30, purge=32
2026-08-02 13:38:35,973 - options_risk_engine.forecasting.volatility - INFO - HCA completed 22 walk-forward folds
2026-08-02 13:38:35,974 - options_risk_engine.forecasting.volatility - INFO - HCA calculating model comparison metrics
2026-08-02 13:38:35,976 - options_risk_engine.forecasting.volatility - INFO - HCA Train Mean           alpha=None RMSE=0.06185 NRMSE=1.02731 R2=-0.05536 IC=-0.00940
2026-08-02 13:38:35,978 - options_risk_engine.forecasting.volatility - INFO - HCA RV20 Baseline        alpha=None RMSE=0.10173 NRMSE=1.68971 R2=-1.85512 IC=-0.14081
2026-08-02 13:38:35,980 - options_risk_engine.forecasting.volatility - INFO - HCA OLS                  alpha=None RMSE=0.21718 NRMSE=3.60717 R2=-12.01167 IC=-0.12365
2026-08-02 13:38:35,981 - options_risk_engine.forecasting.volatility - INFO - HCA OLS PCA              alpha=None RMSE=0.06819 NRMSE=1.13266 R2=-0.28292 IC=-0.01170
2026-08-02 13:38:35,983 - options_risk_engine.forecasting.volatility - INFO - HCA Ridge                alpha=0.0001 RMSE=0.21700 NRMSE=3.60414 R2=-11.98981 IC=-0.12361
2026-08-02 13:38:35,985 - options_risk_engine.forecasting.volatility - INFO - HCA Ridge                alpha=0.001 RMSE=0.21537 NRMSE=3.57714 R2=-11.79594 IC=-0.12328
2026-08-02 13:38:35,987 - options_risk_engine.forecasting.volatility - INFO - HCA Ridge                alpha=0.01 RMSE=0.20064 NRMSE=3.33246 R2=-10.10531 IC=-0.12001
2026-08-02 13:38:35,988 - options_risk_engine.forecasting.volatility - INFO - HCA Ridge                alpha=0.1 RMSE=0.12889 NRMSE=2.14082 R2=-3.58311 IC=-0.08870
2026-08-02 13:38:35,990 - options_risk_engine.forecasting.volatility - INFO - HCA Ridge                alpha=1 RMSE=0.07162 NRMSE=1.18952 R2=-0.41496 IC=0.04604
2026-08-02 13:38:35,992 - options_risk_engine.forecasting.volatility - INFO - HCA Ridge                alpha=10 RMSE=0.06615 NRMSE=1.09873 R2=-0.20722 IC=0.05241
2026-08-02 13:38:35,993 - options_risk_engine.forecasting.volatility - INFO - HCA Ridge                alpha=100 RMSE=0.06633 NRMSE=1.10161 R2=-0.21353 IC=0.00062
2026-08-02 13:38:35,995 - options_risk_engine.forecasting.volatility - INFO - HCA Ridge                alpha=1000 RMSE=0.06539 NRMSE=1.08608 R2=-0.17958 IC=-0.05587
2026-08-02 13:38:35,997 - options_risk_engine.forecasting.volatility - INFO - HCA Ridge PCA            alpha=0.0001 RMSE=0.06819 NRMSE=1.13266 R2=-0.28292 IC=-0.01170
2026-08-02 13:38:35,998 - options_risk_engine.forecasting.volatility - INFO - HCA Ridge PCA            alpha=0.001 RMSE=0.06819 NRMSE=1.13266 R2=-0.28292 IC=-0.01170
2026-08-02 13:38:36,000 - options_risk_engine.forecasting.volatility - INFO - HCA Ridge PCA            alpha=0.01 RMSE=0.06819 NRMSE=1.13266 R2=-0.28291 IC=-0.01170
2026-08-02 13:38:36,001 - options_risk_engine.forecasting.volatility - INFO - HCA Ridge PCA            alpha=0.1 RMSE=0.06819 NRMSE=1.13263 R2=-0.28284 IC=-0.01170
2026-08-02 13:38:36,003 - options_risk_engine.forecasting.volatility - INFO - HCA Ridge PCA            alpha=1 RMSE=0.06817 NRMSE=1.13233 R2=-0.28217 IC=-0.01171
2026-08-02 13:38:36,007 - options_risk_engine.forecasting.volatility - INFO - HCA Ridge PCA            alpha=10 RMSE=0.06801 NRMSE=1.12953 R2=-0.27584 IC=-0.01180
2026-08-02 13:38:36,030 - options_risk_engine.forecasting.volatility - INFO - HCA Ridge PCA            alpha=100 RMSE=0.06702 NRMSE=1.11310 R2=-0.23900 IC=-0.01562
2026-08-02 13:38:36,046 - options_risk_engine.forecasting.volatility - INFO - HCA Ridge PCA            alpha=1000 RMSE=0.06548 NRMSE=1.08756 R2=-0.18278 IC=-0.05877
2026-08-02 13:38:36,048 - options_risk_engine.forecasting.volatility - INFO - HCA Lasso                alpha=0.0001 RMSE=0.15974 NRMSE=2.65317 R2=-6.03931 IC=-0.10930
2026-08-02 13:38:36,049 - options_risk_engine.forecasting.volatility - INFO - HCA Lasso                alpha=0.001 RMSE=0.06882 NRMSE=1.14311 R2=-0.30670 IC=-0.03642
2026-08-02 13:38:36,052 - options_risk_engine.forecasting.volatility - INFO - HCA Lasso                alpha=0.01 RMSE=0.06821 NRMSE=1.13295 R2=-0.28358 IC=-0.13721
2026-08-02 13:38:36,056 - options_risk_engine.forecasting.volatility - INFO - HCA Lasso                alpha=0.1 RMSE=0.06185 NRMSE=1.02731 R2=-0.05536 IC=-0.00940
2026-08-02 13:38:36,060 - options_risk_engine.forecasting.volatility - INFO - HCA Lasso                alpha=1 RMSE=0.06185 NRMSE=1.02731 R2=-0.05536 IC=-0.00940
2026-08-02 13:38:36,062 - options_risk_engine.forecasting.volatility - INFO - HCA Lasso PCA            alpha=0.0001 RMSE=0.06815 NRMSE=1.13190 R2=-0.28119 IC=-0.01299
2026-08-02 13:38:36,064 - options_risk_engine.forecasting.volatility - INFO - HCA Lasso PCA            alpha=0.001 RMSE=0.06776 NRMSE=1.12540 R2=-0.26654 IC=-0.02438
2026-08-02 13:38:36,065 - options_risk_engine.forecasting.volatility - INFO - HCA Lasso PCA            alpha=0.01 RMSE=0.06825 NRMSE=1.13353 R2=-0.28489 IC=-0.14369
2026-08-02 13:38:36,067 - options_risk_engine.forecasting.volatility - INFO - HCA Lasso PCA            alpha=0.1 RMSE=0.06269 NRMSE=1.04120 R2=-0.08409 IC=-0.03019
2026-08-02 13:38:36,068 - options_risk_engine.forecasting.volatility - INFO - HCA Lasso PCA            alpha=1 RMSE=0.06185 NRMSE=1.02731 R2=-0.05536 IC=-0.00940
2026-08-02 13:38:36,070 - options_risk_engine.forecasting.volatility - INFO - HCA Random Forest        alpha=None RMSE=0.08116 NRMSE=1.34807 R2=-0.81731 IC=-0.03139
2026-08-02 13:38:36,072 - options_risk_engine.forecasting.volatility - INFO - HCA Gradient Boosting    alpha=None RMSE=0.08197 NRMSE=1.36138 R2=-0.85336 IC=-0.06110
2026-08-02 13:38:36,074 - options_risk_engine.forecasting.volatility - INFO - HCA HAR-RV               alpha=None RMSE=0.06672 NRMSE=1.10811 R2=-0.22790 IC=-0.04267
2026-08-02 13:38:36,075 - options_risk_engine.forecasting.volatility - INFO - HCA GARCH                alpha=None RMSE=0.06575 NRMSE=1.09207 R2=-0.19261 IC=-0.08205
2026-08-02 13:38:36,076 - options_risk_engine.forecasting.volatility - INFO - HCA evaluation complete - best model=Train Mean, alpha=nan, RMSE=0.06185, NRMSE=1.02731
2026-08-02 13:38:36,084 - options_risk_engine.database - INFO - Stored 238 rows in model_evaluations
2026-08-02 13:38:36,105 - options_risk_engine.pricing.chains - INFO - Downloading option chains for 7 ticker objects
2026-08-02 13:38:36,106 - options_risk_engine.pricing.chains - INFO - Downloading option chain for AAPL nearest to 2026-09-16
2026-08-02 13:38:36,362 - options_risk_engine.pricing.chains - INFO - AAPL chain loaded for 2026-09-18: 93 calls and 74 puts
2026-08-02 13:38:36,362 - options_risk_engine.pricing.chains - INFO - Downloading option chain for MSFT nearest to 2026-09-16
2026-08-02 13:38:36,606 - options_risk_engine.pricing.chains - INFO - MSFT chain loaded for 2026-09-18: 90 calls and 82 puts
2026-08-02 13:38:36,607 - options_risk_engine.pricing.chains - INFO - Downloading option chain for META nearest to 2026-09-16
2026-08-02 13:38:36,821 - options_risk_engine.pricing.chains - INFO - META chain loaded for 2026-09-18: 190 calls and 146 puts
2026-08-02 13:38:36,822 - options_risk_engine.pricing.chains - INFO - Downloading option chain for WMT nearest to 2026-09-16
2026-08-02 13:38:37,035 - options_risk_engine.pricing.chains - INFO - WMT chain loaded for 2026-09-18: 34 calls and 28 puts
2026-08-02 13:38:37,036 - options_risk_engine.pricing.chains - INFO - Downloading option chain for GOOGL nearest to 2026-09-16
2026-08-02 13:38:37,202 - options_risk_engine.pricing.chains - INFO - GOOGL chain loaded for 2026-09-18: 134 calls and 98 puts
2026-08-02 13:38:37,203 - options_risk_engine.pricing.chains - INFO - Downloading option chain for AMZN nearest to 2026-09-16
2026-08-02 13:38:37,364 - options_risk_engine.pricing.chains - INFO - AMZN chain loaded for 2026-09-18: 58 calls and 52 puts
2026-08-02 13:38:37,365 - options_risk_engine.pricing.chains - INFO - Downloading option chain for HCA nearest to 2026-09-16
2026-08-02 13:38:37,552 - options_risk_engine.pricing.chains - INFO - HCA chain loaded for 2026-09-18: 73 calls and 59 puts
2026-08-02 13:38:37,553 - options_risk_engine.pricing.chains - INFO - Option-chain download complete: 7 of 7 tickers loaded
2026-08-02 13:38:37,592 - options_risk_engine.database - INFO - Stored 1211 rows in option_chain_snapshots_full
2026-08-02 13:38:37,610 - options_risk_engine.pricing.chains - INFO - Starting option pricing for 7 ticker objects
2026-08-02 13:38:37,610 - options_risk_engine.pricing.chains - INFO - AAPL beginning option-chain pricing
2026-08-02 13:38:37,612 - options_risk_engine.pricing.chains - INFO - AAPL volatility inputs - RV20: 0.3674, RV60: 0.3201, RV252: 0.2591, forecast: 0.2623
2026-08-02 13:38:38,281 - options_risk_engine.pricing.chains - INFO - AAPL implied volatility calculations complete
2026-08-02 13:38:38,286 - options_risk_engine.pricing.chains - INFO - AAPL put-call parity check: 74 matched strikes, maximum absolute error 0.0000000000
2026-08-02 13:38:38,316 - options_risk_engine.pricing.chains - INFO - AAPL pricing complete — 93 total calls, 74 total puts, 0 highlighted calls and 7 highlighted puts
2026-08-02 13:38:38,316 - options_risk_engine.pricing.chains - INFO - MSFT beginning option-chain pricing
2026-08-02 13:38:38,320 - options_risk_engine.pricing.chains - INFO - MSFT volatility inputs - RV20: 0.6016, RV60: 0.4622, RV252: 0.3193, forecast: 0.2609
2026-08-02 13:38:39,076 - options_risk_engine.pricing.chains - INFO - MSFT implied volatility calculations complete
2026-08-02 13:38:39,081 - options_risk_engine.pricing.chains - INFO - MSFT put-call parity check: 82 matched strikes, maximum absolute error 0.0000000000
2026-08-02 13:38:39,110 - options_risk_engine.pricing.chains - INFO - MSFT pricing complete — 90 total calls, 82 total puts, 0 highlighted calls and 6 highlighted puts
2026-08-02 13:38:39,111 - options_risk_engine.pricing.chains - INFO - META beginning option-chain pricing
2026-08-02 13:38:39,113 - options_risk_engine.pricing.chains - INFO - META volatility inputs - RV20: 0.5162, RV60: 0.4580, RV252: 0.3978, forecast: 0.4131
2026-08-02 13:38:40,397 - options_risk_engine.pricing.chains - INFO - META implied volatility calculations complete
2026-08-02 13:38:40,403 - options_risk_engine.pricing.chains - INFO - META put-call parity check: 130 matched strikes, maximum absolute error 0.0000000000
2026-08-02 13:38:40,433 - options_risk_engine.pricing.chains - INFO - META pricing complete — 190 total calls, 146 total puts, 0 highlighted calls and 19 highlighted puts
2026-08-02 13:38:40,434 - options_risk_engine.pricing.chains - INFO - WMT beginning option-chain pricing
2026-08-02 13:38:40,435 - options_risk_engine.pricing.chains - INFO - WMT volatility inputs - RV20: 0.2209, RV60: 0.2760, RV252: 0.2477, forecast: 0.2065
2026-08-02 13:38:40,672 - options_risk_engine.pricing.chains - INFO - WMT implied volatility calculations complete
2026-08-02 13:38:40,676 - options_risk_engine.pricing.chains - INFO - WMT put-call parity check: 28 matched strikes, maximum absolute error 0.0000000000
2026-08-02 13:38:40,706 - options_risk_engine.pricing.chains - INFO - WMT pricing complete — 34 total calls, 28 total puts, 0 highlighted calls and 2 highlighted puts
2026-08-02 13:38:40,707 - options_risk_engine.pricing.chains - INFO - GOOGL beginning option-chain pricing
2026-08-02 13:38:40,708 - options_risk_engine.pricing.chains - INFO - GOOGL volatility inputs - RV20: 0.4610, RV60: 0.3682, RV252: 0.3212, forecast: 0.3099
2026-08-02 13:38:41,619 - options_risk_engine.pricing.chains - INFO - GOOGL implied volatility calculations complete
2026-08-02 13:38:41,624 - options_risk_engine.pricing.chains - INFO - GOOGL put-call parity check: 96 matched strikes, maximum absolute error 0.0000000000
2026-08-02 13:38:41,656 - options_risk_engine.pricing.chains - INFO - GOOGL pricing complete — 134 total calls, 98 total puts, 0 highlighted calls and 12 highlighted puts
2026-08-02 13:38:41,656 - options_risk_engine.pricing.chains - INFO - AMZN beginning option-chain pricing
2026-08-02 13:38:41,658 - options_risk_engine.pricing.chains - INFO - AMZN volatility inputs - RV20: 0.6195, RV60: 0.4402, RV252: 0.3520, forecast: 0.3413
2026-08-02 13:38:42,244 - options_risk_engine.pricing.chains - INFO - AMZN implied volatility calculations complete
2026-08-02 13:38:42,252 - options_risk_engine.pricing.chains - INFO - AMZN put-call parity check: 52 matched strikes, maximum absolute error 0.0000000000
2026-08-02 13:38:42,299 - options_risk_engine.pricing.chains - INFO - AMZN pricing complete — 58 total calls, 52 total puts, 7 highlighted calls and 2 highlighted puts
2026-08-02 13:38:42,300 - options_risk_engine.pricing.chains - INFO - HCA beginning option-chain pricing
2026-08-02 13:38:42,303 - options_risk_engine.pricing.chains - INFO - HCA volatility inputs - RV20: 0.5051, RV60: 0.3752, RV252: 0.3018, forecast: 0.2788
2026-08-02 13:38:42,730 - options_risk_engine.pricing.chains - INFO - HCA implied volatility calculations complete
2026-08-02 13:38:42,735 - options_risk_engine.pricing.chains - INFO - HCA put-call parity check: 56 matched strikes, maximum absolute error 0.0000000000
2026-08-02 13:38:42,766 - options_risk_engine.pricing.chains - INFO - HCA pricing complete — 73 total calls, 59 total puts, 0 highlighted calls and 0 highlighted puts
2026-08-02 13:38:42,767 - options_risk_engine.pricing.chains - INFO - Option pricing finished — 14 full tables, 14 highlighted tables, 7 parity tables and 0 failed tickers
2026-08-02 13:38:42,859 - options_risk_engine.reporting.tables - INFO - Combined 14 option tables into 1211 rows
2026-08-02 13:38:42,860 - options_risk_engine.validation - INFO - Option-universe validation: {'rows': 1211, 'tickers': 7, 'duplicate_contract_symbols': 0, 'invalid_quotes': 417}
2026-08-02 13:38:43,444 - options_risk_engine.database - INFO - Stored 1211 rows in option_pricing_results
2026-08-02 13:38:43,562 - options_risk_engine.pricing.monte_carlo - INFO - Running 10000 Monte Carlo simulations for AAPL
2026-08-02 13:38:43,563 - options_risk_engine.pricing.monte_carlo - INFO - AAPL starting Monte Carlo simulation
2026-08-02 13:38:43,564 - options_risk_engine.pricing.monte_carlo - INFO - AAPL Monte Carlo inputs - S0: 308.91, sigma: 0.2623, T: 0.1288, steps: 34, simulations: 10000
2026-08-02 13:38:43,584 - options_risk_engine.pricing.monte_carlo - INFO - AAPL Monte Carlo simulation complete
2026-08-02 13:38:43,640 - options_risk_engine.pricing.monte_carlo - INFO - AAPL Monte Carlo profit analysis complete
2026-08-02 13:38:43,640 - options_risk_engine.pricing.monte_carlo - INFO - Running 10000 Monte Carlo simulations for MSFT
2026-08-02 13:38:43,641 - options_risk_engine.pricing.monte_carlo - INFO - MSFT starting Monte Carlo simulation
2026-08-02 13:38:43,642 - options_risk_engine.pricing.monte_carlo - INFO - MSFT Monte Carlo inputs - S0: 464.72, sigma: 0.2609, T: 0.1288, steps: 34, simulations: 10000
2026-08-02 13:38:43,658 - options_risk_engine.pricing.monte_carlo - INFO - MSFT Monte Carlo simulation complete
2026-08-02 13:38:43,712 - options_risk_engine.pricing.monte_carlo - INFO - MSFT Monte Carlo profit analysis complete
2026-08-02 13:38:43,713 - options_risk_engine.pricing.monte_carlo - INFO - Running 10000 Monte Carlo simulations for META
2026-08-02 13:38:43,713 - options_risk_engine.pricing.monte_carlo - INFO - META starting Monte Carlo simulation
2026-08-02 13:38:43,714 - options_risk_engine.pricing.monte_carlo - INFO - META Monte Carlo inputs - S0: 556.71, sigma: 0.4131, T: 0.1288, steps: 34, simulations: 10000
2026-08-02 13:38:43,745 - options_risk_engine.pricing.monte_carlo - INFO - META Monte Carlo simulation complete
2026-08-02 13:38:43,835 - options_risk_engine.pricing.monte_carlo - INFO - META Monte Carlo profit analysis complete
2026-08-02 13:38:43,835 - options_risk_engine.pricing.monte_carlo - INFO - Running 10000 Monte Carlo simulations for WMT
2026-08-02 13:38:43,836 - options_risk_engine.pricing.monte_carlo - INFO - WMT starting Monte Carlo simulation
2026-08-02 13:38:43,836 - options_risk_engine.pricing.monte_carlo - INFO - WMT Monte Carlo inputs - S0: 111.20, sigma: 0.2065, T: 0.1288, steps: 34, simulations: 10000
2026-08-02 13:38:43,849 - options_risk_engine.pricing.monte_carlo - INFO - WMT Monte Carlo simulation complete
2026-08-02 13:38:43,878 - options_risk_engine.pricing.monte_carlo - INFO - WMT Monte Carlo profit analysis complete
2026-08-02 13:38:43,879 - options_risk_engine.pricing.monte_carlo - INFO - Running 10000 Monte Carlo simulations for GOOGL
2026-08-02 13:38:43,880 - options_risk_engine.pricing.monte_carlo - INFO - GOOGL starting Monte Carlo simulation
2026-08-02 13:38:43,881 - options_risk_engine.pricing.monte_carlo - INFO - GOOGL Monte Carlo inputs - S0: 356.13, sigma: 0.3099, T: 0.1288, steps: 34, simulations: 10000
2026-08-02 13:38:43,899 - options_risk_engine.pricing.monte_carlo - INFO - GOOGL Monte Carlo simulation complete
2026-08-02 13:38:43,965 - options_risk_engine.pricing.monte_carlo - INFO - GOOGL Monte Carlo profit analysis complete
2026-08-02 13:38:43,965 - options_risk_engine.pricing.monte_carlo - INFO - Running 10000 Monte Carlo simulations for AMZN
2026-08-02 13:38:43,966 - options_risk_engine.pricing.monte_carlo - INFO - AMZN starting Monte Carlo simulation
2026-08-02 13:38:43,967 - options_risk_engine.pricing.monte_carlo - INFO - AMZN Monte Carlo inputs - S0: 271.58, sigma: 0.3413, T: 0.1288, steps: 34, simulations: 10000
2026-08-02 13:38:43,982 - options_risk_engine.pricing.monte_carlo - INFO - AMZN Monte Carlo simulation complete
2026-08-02 13:38:44,021 - options_risk_engine.pricing.monte_carlo - INFO - AMZN Monte Carlo profit analysis complete
2026-08-02 13:38:44,022 - options_risk_engine.pricing.monte_carlo - INFO - Running 10000 Monte Carlo simulations for HCA
2026-08-02 13:38:44,023 - options_risk_engine.pricing.monte_carlo - INFO - HCA starting Monte Carlo simulation
2026-08-02 13:38:44,023 - options_risk_engine.pricing.monte_carlo - INFO - HCA Monte Carlo inputs - S0: 402.59, sigma: 0.2788, T: 0.1288, steps: 34, simulations: 10000
2026-08-02 13:38:44,038 - options_risk_engine.pricing.monte_carlo - INFO - HCA Monte Carlo simulation complete
2026-08-02 13:38:44,082 - options_risk_engine.pricing.monte_carlo - INFO - HCA Monte Carlo profit analysis complete
2026-08-02 13:38:44,096 - options_risk_engine.reporting.tables - INFO - Combined 14 option tables into 1211 rows
2026-08-02 13:38:44,124 - options_risk_engine.reporting.tables - INFO - Created findings table with 52 groups
2026-08-02 13:38:44,178 - options_risk_engine.risk.portfolio - INFO - Preparing option universe for the portfolio risk engine: 1211 rows
2026-08-02 13:38:44,182 - options_risk_engine.risk.portfolio - INFO - Risk-engine input cleaned: 959 usable option rows; 252 rows removed
2026-08-02 13:38:44,185 - options_risk_engine.risk.portfolio - INFO - Created reproducible test option positions: 471 long and 488 short
2026-08-02 13:38:44,197 - options_risk_engine.risk.portfolio - INFO - Added 7 share positions; combined portfolio now contains 966 rows
2026-08-02 13:38:44,200 - options_risk_engine.risk.portfolio - INFO - Portfolio positions prepared: gross market value 17747056.90; current P&L -64853.89
2026-08-02 13:38:44,201 - options_risk_engine.risk.portfolio - INFO - Building current portfolio risk summary from 966 positions
2026-08-02 13:38:44,208 - options_risk_engine.risk.portfolio - INFO - Ticker-level risk calculated for 7 tickers
2026-08-02 13:38:44,209 - options_risk_engine.risk.portfolio - INFO - Portfolio risk summary complete: net value -695290.30; gross value 17747056.90; delta 1592.81
2026-08-02 13:38:45,076 - options_risk_engine.database - INFO - Stored 966 rows in portfolio_positions
2026-08-02 13:38:45,081 - options_risk_engine.database - INFO - Stored 8 rows in portfolio_risk
2026-08-02 13:38:45,088 - options_risk_engine.risk.scenarios - INFO - Generating 1000 random scenarios with up to 30 days forward; seed=42
2026-08-02 13:38:45,092 - options_risk_engine.risk.scenarios - INFO - Scenario generation complete: 1001 total rows including BASE
2026-08-02 13:38:45,113 - options_risk_engine.risk.scenarios - INFO - Starting scenario engine: 966 positions across 1001 scenarios
2026-08-02 13:38:45,116 - options_risk_engine.risk.scenarios - INFO - Scenario positions classified: 565 calls, 394 puts and 7 shares
2026-08-02 13:38:45,122 - options_risk_engine.risk.scenarios - INFO - Base model prices calculated for 966 positions
2026-08-02 13:38:45,123 - options_risk_engine.risk.scenarios - INFO - Revaluing scenario 1/1001: BASE
2026-08-02 13:38:45,487 - options_risk_engine.risk.scenarios - INFO - Revaluing scenario 100/1001: R0099
2026-08-02 13:38:45,854 - options_risk_engine.risk.scenarios - INFO - Revaluing scenario 200/1001: R0199
2026-08-02 13:38:46,251 - options_risk_engine.risk.scenarios - INFO - Revaluing scenario 300/1001: R0299
2026-08-02 13:38:46,669 - options_risk_engine.risk.scenarios - INFO - Revaluing scenario 400/1001: R0399
2026-08-02 13:38:47,056 - options_risk_engine.risk.scenarios - INFO - Revaluing scenario 500/1001: R0499
2026-08-02 13:38:47,438 - options_risk_engine.risk.scenarios - INFO - Revaluing scenario 600/1001: R0599
2026-08-02 13:38:47,809 - options_risk_engine.risk.scenarios - INFO - Revaluing scenario 700/1001: R0699
2026-08-02 13:38:48,166 - options_risk_engine.risk.scenarios - INFO - Revaluing scenario 800/1001: R0799
2026-08-02 13:38:48,516 - options_risk_engine.risk.scenarios - INFO - Revaluing scenario 900/1001: R0899
2026-08-02 13:38:48,923 - options_risk_engine.risk.scenarios - INFO - Revaluing scenario 1000/1001: R0999
2026-08-02 13:38:48,928 - options_risk_engine.risk.scenarios - INFO - Revaluing scenario 1001/1001: R1000
2026-08-02 13:38:49,067 - options_risk_engine.risk.scenarios - INFO - Position-level scenario results created: 966966 rows
2026-08-02 13:38:49,680 - options_risk_engine.risk.scenarios - INFO - Analysing scenario outputs: 966966 position rows, 7007 ticker rows and 1001 portfolio rows
2026-08-02 13:38:49,805 - options_risk_engine.risk.scenarios - INFO - Base scenario validation passed: portfolio P&L 0.00000000
2026-08-02 13:38:49,809 - options_risk_engine.risk.scenarios - INFO - All scenario positions were repriced successfully
2026-08-02 13:38:49,813 - options_risk_engine.risk.scenarios - INFO - Scenario distribution analysed: worst P&L -258974.50; 5th percentile -62652.47; probability of loss 56.20%
2026-08-02 13:38:49,866 - options_risk_engine.risk.scenarios - WARNING - 11 portfolio scenarios breached the 100000.00 loss limit
2026-08-02 13:38:49,866 - options_risk_engine.risk.scenarios - WARNING - 1473 ticker-scenario rows breached the 25000.00 loss limit
2026-08-02 13:38:49,867 - options_risk_engine.risk.scenarios - INFO - Scenario analysis complete; worst scenario is R0950
2026-08-02 13:38:50,312 - options_risk_engine.risk.attribution - INFO - Starting Greek P&L attribution
2026-08-02 13:38:50,768 - options_risk_engine.risk.attribution - INFO - Greek attribution accounting check passed
2026-08-02 13:38:50,769 - options_risk_engine.risk.attribution - INFO - Greek attribution completed for 966966 position-scenario rows and 1001 scenarios
2026-08-02 13:38:50,769 - options_risk_engine.risk.attribution - INFO - Starting Greek attribution analysis
2026-08-02 13:38:50,968 - options_risk_engine.risk.attribution - INFO - Scenario shocks attached to 1001 attribution rows
2026-08-02 13:38:50,970 - options_risk_engine.risk.attribution - INFO - Greek attribution accounting check passed
2026-08-02 13:38:51,117 - options_risk_engine.risk.attribution - INFO - BASE Greek attribution validation passed
2026-08-02 13:38:51,907 - options_risk_engine.risk.attribution - INFO - Greek attribution analysis completed for 1000 scenarios
2026-08-02 13:38:53,150 - options_risk_engine.validation - INFO - All risk-engine validation checks passed
2026-08-02 13:38:53,179 - options_risk_engine.database - INFO - Stored 1001 rows in scenario_definitions
2026-08-02 13:38:56,881 - options_risk_engine.database - INFO - Stored 966966 rows in scenario_position_results
2026-08-02 13:39:10,650 - options_risk_engine.database - INFO - Stored 7007 rows in scenario_ticker_results
2026-08-02 13:39:10,676 - options_risk_engine.database - INFO - Stored 1001 rows in scenario_portfolio_results
2026-08-02 13:39:15,360 - options_risk_engine.database - INFO - Stored 966966 rows in attribution_position_results
2026-08-02 13:39:36,608 - options_risk_engine.database - INFO - Stored 1001 rows in scenario_attribution
2026-08-02 13:39:36,665 - options_risk_engine.recommendations.contracts - INFO - Preparing standardised contract analysis from 1211 option rows
2026-08-02 13:39:36,689 - options_risk_engine.recommendations.contracts - INFO - Prepared 794 standardised long-one-contract positions
2026-08-02 13:39:36,731 - options_risk_engine.recommendations.contracts - INFO - All standardised contract validation checks passed
2026-08-02 13:39:36,743 - options_risk_engine.risk.scenarios - INFO - Starting scenario engine: 794 positions across 1001 scenarios
2026-08-02 13:39:36,745 - options_risk_engine.risk.scenarios - INFO - Scenario positions classified: 564 calls, 230 puts and 0 shares
2026-08-02 13:39:36,752 - options_risk_engine.risk.scenarios - INFO - Base model prices calculated for 794 positions
2026-08-02 13:39:36,753 - options_risk_engine.risk.scenarios - INFO - Revaluing scenario 1/1001: BASE
2026-08-02 13:39:37,121 - options_risk_engine.risk.scenarios - INFO - Revaluing scenario 100/1001: R0099
2026-08-02 13:39:37,481 - options_risk_engine.risk.scenarios - INFO - Revaluing scenario 200/1001: R0199
2026-08-02 13:39:37,844 - options_risk_engine.risk.scenarios - INFO - Revaluing scenario 300/1001: R0299
2026-08-02 13:39:38,204 - options_risk_engine.risk.scenarios - INFO - Revaluing scenario 400/1001: R0399
2026-08-02 13:39:38,555 - options_risk_engine.risk.scenarios - INFO - Revaluing scenario 500/1001: R0499
2026-08-02 13:39:38,925 - options_risk_engine.risk.scenarios - INFO - Revaluing scenario 600/1001: R0599
2026-08-02 13:39:39,292 - options_risk_engine.risk.scenarios - INFO - Revaluing scenario 700/1001: R0699
2026-08-02 13:39:39,655 - options_risk_engine.risk.scenarios - INFO - Revaluing scenario 800/1001: R0799
2026-08-02 13:39:40,027 - options_risk_engine.risk.scenarios - INFO - Revaluing scenario 900/1001: R0899
2026-08-02 13:39:40,386 - options_risk_engine.risk.scenarios - INFO - Revaluing scenario 1000/1001: R0999
2026-08-02 13:39:40,391 - options_risk_engine.risk.scenarios - INFO - Revaluing scenario 1001/1001: R1000
2026-08-02 13:39:40,499 - options_risk_engine.risk.scenarios - INFO - Position-level scenario results created: 794794 rows
2026-08-02 13:39:41,153 - options_risk_engine.recommendations.contracts - INFO - Attached purchase-at-ask P&L to 794794 scenario rows
2026-08-02 13:39:41,292 - options_risk_engine.recommendations.contracts - INFO - Aggregating 794794 contract-scenario rows
2026-08-02 13:39:44,078 - options_risk_engine.recommendations.contracts - INFO - Created scenario summaries for 794 contracts
2026-08-02 13:39:44,247 - options_risk_engine.recommendations.contracts - INFO - All contract scenario summary checks passed
2026-08-02 13:39:44,660 - options_risk_engine.database - INFO - Stored 794 rows in contract_scenario_summary
2026-08-02 13:39:44,665 - options_risk_engine.database - INFO - Stored 3 rows in initial_action_comparison
2026-08-02 13:39:44,911 - options_risk_engine.risk.attribution - INFO - Starting Greek P&L attribution
2026-08-02 13:39:45,339 - options_risk_engine.risk.attribution - INFO - Greek attribution accounting check passed
2026-08-02 13:39:45,339 - options_risk_engine.risk.attribution - INFO - Greek attribution completed for 794794 position-scenario rows and 1001 scenarios
2026-08-02 13:39:45,340 - options_risk_engine.recommendations.attribution - INFO - Calculated Greek attribution for 794794 contract-scenario rows
2026-08-02 13:39:47,192 - options_risk_engine.recommendations.attribution - INFO - Created Greek attribution summaries for 794 contracts
2026-08-02 13:39:47,245 - options_risk_engine.recommendations.attribution - INFO - All contract attribution checks passed
2026-08-02 13:39:47,688 - options_risk_engine.database - INFO - Stored 794 rows in contract_attribution_summary
2026-08-02 13:39:47,694 - options_risk_engine.database - INFO - Stored 8 rows in contract_driver_comparison
2026-08-02 13:39:47,867 - options_risk_engine.recommendations.ranking - INFO - Created final rankings for 794 contracts
2026-08-02 13:39:47,889 - options_risk_engine.recommendations.ranking - INFO - All final ranking checks passed
2026-08-02 13:39:48,490 - options_risk_engine.database - INFO - Stored 794 rows in final_contract_ranking
2026-08-02 13:39:48,495 - options_risk_engine.database - INFO - Stored 4 rows in final_recommendation_summary
2026-08-02 13:39:48,500 - options_risk_engine.database - INFO - Stored 4 rows in initial_to_final_comparison
