Contract Symbol,Ticker,Option Type,strike,Expiry,Calendar DTE,Current Stock Price,bid,ask,MarketMid,SpreadPct,volume,openInterest,Initial Recommended Action,BS_ForeV,BS_ForeV AskEdge,Forecast Edge Per Contract,Forecast Edge Return,Premium Paid,Moneyness,Break-Even Price,IV_Mid,IV Used,ForeV Used,Volatility Spread,Greek Volatility,Greek Volatility Source,Delta,Gamma,Vega,Theta,Rho,Base_Mark_to_Ask_PnL,Scenario_Count,Mean_Purchase_PnL,Median_Purchase_PnL,Purchase_PnL_StdDev,Fifth_Percentile_Purchase_PnL,Expected_Shortfall_5pct_PnL,Worst_Purchase_PnL,Best_Purchase_PnL,Mean_Purchase_Return,Median_Purchase_Return,Purchase_Return_StdDev,Fifth_Percentile_Purchase_Return,Expected_Shortfall_5pct_Return,Worst_Purchase_Return,Best_Purchase_Return,Scenario_Profit_Frequency,Scenario_Loss_Frequency,Scenario_Breakeven_Frequency,Mean_Scenario_Movement_PnL,Median_Scenario_Movement_PnL,Positive_Movement_Frequency,Negative_Movement_Frequency,Base_Mark_to_Ask_Return,Mean_Scenario_Movement_Return,Mean_PnL_Minus_Forecast_Edge,Mean_Return_Minus_Forecast_Edge,Attribution_Scenario_Count,Mean_Full_Movement_PnL,Mean_Approximate_PnL,Mean_Residual_PnL,Median_Absolute_Residual_PnL,P95_Absolute_Residual_PnL,Gross_Full_Movement_PnL,Gross_Residual_PnL,Mean_Delta_PnL,Mean_Gamma_PnL,Mean_Vega_PnL,Mean_Theta_PnL,Mean_Rho_PnL,Mean_Absolute_Delta_PnL,Mean_Absolute_Gamma_PnL,Mean_Absolute_Vega_PnL,Mean_Absolute_Theta_PnL,Mean_Absolute_Rho_PnL,Gross_Residual_Ratio,Local_Scenario_Count,Local_Gross_Full_Movement_PnL,Local_Gross_Residual_PnL,Local_Median_Absolute_Residual_PnL,Local_Gross_Residual_Ratio,Mean_Full_Movement_Return,Mean_Approximate_Return,Mean_Residual_Return,Mean_Delta_Return,Mean_Gamma_Return,Mean_Vega_Return,Mean_Theta_Return,Mean_Rho_Return,Mean_Absolute_Greek_PnL_Total,Delta_Driver_Share,Gamma_Driver_Share,Vega_Driver_Share,Theta_Driver_Share,Rho_Driver_Share,Dominant Greek,Dominant Driver Share,Second Driver Share,Risk Driver,Attribution Reliability,Forecast_Edge_Score,Mean_Return_Score,Median_Return_Score,Profit_Frequency_Score,Fifth_Percentile_Score,Expected_Shortfall_Score,Tail_Risk_Score,Spread_Liquidity_Score,Volume_Liquidity_Score,Open_Interest_Liquidity_Score,Liquidity_Score,Final Score,Missing Liquidity Data,Spread Rejection,Volume Rejection,Open Interest Rejection,Liquidity Rejection,Risk Tail Cutoff,Risk Rejection,Final Recommended Action,Attribution Warning,Recommendation Change,Final Recommendation Reason,Overall Score Rank,Final Shortlist Rank,Ticker Shortlist Rank
AMZN260918P00280000,AMZN,Puts,280.0,2026-09-18,47,271.5799865722656,16.05,16.7,16.375,0.03969465648854953,175.0,1868.0,Positive Edge,17.264945902781392,0.033829095974933686,56.494590278139256,0.033829095974933686,1670.0,1.0310038067753342,263.3,0.318155806883421,0.30158169128417966,0.34133470902212126,0.0397530177379416,0.318155806883421,Calculated Mid IV,-0.5667321045684516,0.012686352766655489,0.38333383705167257,-0.11224920761576937,-0.2192750809875937,-32.500253925762124,1000,116.3468853346405,-205.64298905944122,1347.865536748307,-1486.3968317329213,-1582.044205496491,-1669.3798900245542,6989.4636336524645,0.06966879361355718,-0.12313951440685103,0.8071051118253335,-0.8900579830736056,-0.947331859578737,-0.9996286766614098,4.185307565061356,0.442,0.558,0.0,148.84713926040266,-173.14273513367908,0.447,0.553,-0.01946122989566594,0.08913002350922315,59.85229505650125,0.0358396976386235,1000,148.84713926040266,146.55488787868356,2.2922513817190664,42.6755475799261,281.71353903868453,1041325.5579027071,76784.67414054446,35.574304807969405,292.9555084265446,-15.5975384895187,-165.89310393534558,-0.48428293096620795,962.8137494567362,292.9555084265446,154.75580238216935,165.89310393534555,8.752638317080814,0.07373743356034923,66,24993.06161008162,463.3356098799985,4.444927170368388,0.018538569508151,0.08913002350922315,0.08775741789142728,0.0013726056177958482,0.021301978926927787,0.17542246013565546,-0.009339843406897424,-0.09933718798523687,-0.0002899897790216814,1585.1708025178764,0.6073880164379815,0.1848100582985857,0.09762720972172595,0.10465314127149067,0.00552157427021629,Delta,0.6073880164379815,0.1848100582985857,Directional,High,88.16120906801007,83.37531486146096,64.48362720403023,44.2,61.46095717884131,61.586901763224176,61.523929471032744,74.68513853904281,68.89168765743074,64.04282115869017,69.20654911838791,71.01916876574309,False,False,False,False,False,-0.9995446305265128,False,Watchlist,Greek attribution is reliable under local shocks.,Positive Edge -> Watchlist,"Positive valuation and scenario evidence, but the score or consistency is below the Candidate requirement. Composite score: 71.0. Primary risk driver: Directional.",53,1,1
GOOGL260918P00350000,GOOGL,Puts,350.0,2026-09-18,47,356.1300048828125,12.5,13.3,12.9,0.06201550387596905,1175.0,3929.0,Buy,17.160512225673216,0.29026407711828683,386.05122256732153,0.29026407711828683,1330.0,0.982787170980357,336.7,0.2233968875162735,0.31699291412353514,0.309851520045094,-0.007141394078441166,0.2233968875162735,Calculated Mid IV,-0.5168282978435541,0.01348293938055985,0.4919079310161532,-0.2227367514062108,-0.25361722211566534,-40.00087617966024,1000,168.47723827668906,-380.44803248311644,1566.6591241742258,-1314.99809777669,-1325.811730893891,-1329.9999999969584,9008.74938773949,0.12667461524563087,-0.28605115224294464,1.1779391911084405,-0.988720374268188,-0.9968509254841287,-0.999999999997713,6.773495780255256,0.407,0.593,0.0,208.4781144563493,-340.4471563034562,0.416,0.584,-0.03007584675162424,0.1567504619972551,-217.57398429063247,-0.16358946187265597,1000,208.4781144563493,228.17468821975356,-19.696573763404274,72.78601532953735,483.6755479183198,1175397.9683428556,140518.99325038894,42.5417835923938,535.3910083166423,-20.01532905713647,-329.1826449032389,-0.5601297289071863,1151.3876206512364,535.3910083166423,198.58827790434802,329.1826449032389,10.123447708528095,0.11955014134361726,66,29885.441595280485,669.9999620670424,5.522226908767806,0.022418941340751307,0.1567504619972551,0.17155991595470194,-0.014809453957446822,0.03198630345292767,0.4025496303132649,-0.015049119591831932,-0.24750574804754805,-0.00042115017211066634,2224.672999483994,0.5175536453754315,0.24066054132037593,0.08926627776325329,0.14796900262626994,0.004550532914669346,Delta,0.5175536453754315,0.24066054132037593,Directional,High,92.82115869017632,88.53904282115869,56.297229219143574,40.699999999999996,52.64483627204031,51.63727959697732,52.141057934508815,61.46095717884131,88.79093198992443,76.19647355163728,75.48278757346766,70.6243115029387,False,False,False,False,False,-0.9995446305265128,False,Watchlist,Greek attribution is reliable under local shocks.,Buy -> Watchlist,"Positive valuation and scenario evidence, but the score or consistency is below the Candidate requirement. Composite score: 70.6. Primary risk driver: Directional.",62,2,1
AMZN260918P00265000,AMZN,Puts,265.0,2026-09-18,47,271.5799865722656,8.65,9.0,8.825,0.03966005665722376,2167.0,684.0,Buy,9.515320593935044,0.05725784377056047,51.532059393504426,0.05725784377056047,900.0,0.9757714599837984,256.0,0.32272735852647433,0.30951618225097655,0.34133470902212126,0.03181852677114472,0.32272735852647433,Calculated Mid IV,-0.3777522254166147,0.012084221270953335,0.3703863480460688,-0.11571688549463856,-0.1434658049895322,-17.50106442041357,1000,110.65223084614608,-211.92329143898618,991.0790083394846,-856.7633443389379,-882.2507943982405,-899.9892131054038,6275.633015377159,0.12294692316238454,-0.23547032382109576,1.101198898154982,-0.9519592714877088,-0.9802786604424896,-0.9999880145615597,6.972925572641287,0.411,0.589,0.0,128.15329526655967,-194.4222270185726,0.417,0.583,-0.019445627133792855,0.1423925502961774,59.12017145264166,0.06568907939182406,1000,128.15329526655967,116.35728776126737,11.796007505292282,41.493681613706485,260.0553562961523,723083.9848371977,76437.25454928842,23.711860860771658,279.0509811201071,-15.07071581281275,-171.01798507252633,-0.3168533342723428,641.758308003297,279.0509811201071,149.5287682510122,171.01798507252633,5.726616523348906,0.1057100643246832,66,16884.7802946112,358.47725077605656,4.238728717098155,0.021230791548437565,0.1423925502961774,0.1292858752902971,0.013106675005880314,0.026346512067524065,0.3100566456890079,-0.016745239792014168,-0.19001998341391815,-0.0003520592603026031,1247.0826589702915,0.514607675270854,0.2237630193258543,0.11990285261000837,0.13713444240635567,0.00459201038692763,Delta,0.514607675270854,0.2237630193258543,Directional,High,88.9168765743073,88.28715365239294,58.56423173803527,41.099999999999994,57.80856423173803,57.80856423173803,57.80856423173803,74.81108312342569,92.82115869017632,46.914357682619645,71.51553316540722,70.62133921074728,False,False,False,False,False,-0.9995446305265128,False,Watchlist,Greek attribution is reliable under local shocks.,Buy -> Watchlist,"Positive valuation and scenario evidence, but the score or consistency is below the Candidate requirement. Composite score: 70.6. Primary risk driver: Directional.",63,3,2
AMZN260918P00270000,AMZN,Puts,270.0,2026-09-18,47,271.5799865722656,10.85,11.45,11.149999999999999,0.05381165919282509,1409.0,1783.0,Positive Edge,11.801573603356374,0.0307051181970633,35.15736033563748,0.0307051181970633,1145.0,0.9941822422476436,258.55,0.32438836720702796,0.31223221954345703,0.34133470902212126,0.02910248947866423,0.32438836720702796,Calculated Mid IV,-0.44045733589831815,0.01247875057243239,0.3844473700106284,-0.11923527171134836,-0.16838798968155252,-30.000112686436964,1000,102.01198110300624,-232.5872452072698,1111.4105240255158,-1066.9721890272967,-1111.7008102276993,-1144.9412467381874,6524.483749109759,0.08909343327773471,-0.20313296524652386,0.9706642131227217,-0.9318534401985125,-0.9709177381901303,-0.9999486871075872,5.698239082191929,0.419,0.581,0.0,132.0120937894432,-202.58713252083282,0.428,0.572,-0.026200971778547567,0.11529440505628229,66.85462076736876,0.05838831508067141,1000,132.0120937894432,123.57689023356615,8.435203555877063,41.053771015333666,248.50751709417682,831009.1629197742,74991.21503150123,27.647919353508914,288.16152173251646,-15.642847229598226,-176.21780806220175,-0.37189556065927837,748.2871988960409,288.16152173251646,155.20534706068668,176.21780806220178,6.721416605958766,0.09024114098575937,66,19620.781603915646,322.29656449129385,3.298931862643869,0.016426285710604633,0.11529440505628229,0.10792741505114947,0.007366990005132806,0.024146654457213024,0.2516694512947742,-0.013661875309692774,-0.1539020157748487,-0.000324799616296313,1374.5932923574046,0.5443698896658667,0.20963402290311212,0.1129100134007726,0.12819632471797615,0.004889749312272322,Delta,0.5443698896658667,0.20963402290311212,Directional,High,87.6574307304786,85.8942065491184,60.32745591939547,41.9,59.19395465994962,59.19395465994962,59.19395465994962,66.12090680100756,89.54659949622166,62.72040302267003,72.79596977329976,70.52933249370277,False,False,False,False,False,-0.9995446305265128,False,Watchlist,Greek attribution is reliable under local shocks.,Positive Edge -> Watchlist,"Positive valuation and scenario evidence, but the score or consistency is below the Candidate requirement. Composite score: 70.5. Primary risk driver: Directional.",64,4,3
AMZN260918P00275000,AMZN,Puts,275.0,2026-09-18,47,271.5799865722656,13.4,13.95,13.675,0.040219378427787854,541.0,641.0,Positive Edge,14.387296138681648,0.03134739345388166,43.72961386816492,0.03134739345388166,1395.0,1.012593024511489,261.05,0.3230133825152724,0.3078682495117187,0.34133470902212126,0.03346645951040256,0.3230133825152724,Calculated Mid IV,-0.5033316190993723,0.012672845681387015,0.38877218064163427,-0.11814532213306285,-0.19362685722418313,-27.50009801769231,1000,111.17796949607802,-219.14926504347926,1230.4526950364545,-1273.2985970131556,-1338.6107908100819,-1394.7789977789835,6769.098116046824,0.07969746917281578,-0.15709624734299588,0.882044942678463,-0.9127588509054878,-0.959577627820847,-0.9998415754688054,4.852400083187687,0.432,0.568,0.0,138.67806751377034,-191.64916702578694,0.439,0.561,-0.019713331912324238,0.09941080108514003,67.4483556279131,0.04835007571893412,1000,138.67806751377034,133.38476839568418,5.293299118086179,42.35305831011459,263.8583011752362,937274.5097730209,75424.49948655715,31.594596976228164,292.6436004176024,-15.818820216475201,-174.60697158045357,-0.4276372012176261,855.1034951058843,292.6436004176024,156.95131747775173,174.60697158045357,7.728857479488096,0.08047215484908754,66,22326.531751469785,338.3079405226957,2.8752006664979888,0.015152731480581367,0.09941080108514003,0.09561632143059798,0.003794479654542064,0.02264845661378363,0.2097803587222956,-0.01133965606915785,-0.1251662878712929,-0.00030654996503055637,1487.03424206118,0.5750395457744297,0.19679681350980105,0.10554653890162025,0.11741960382730032,0.0051974979868487205,Delta,0.5750395457744297,0.19679681350980105,Directional,High,87.78337531486146,84.88664987405542,62.21662468513854,43.2,60.20151133501259,60.579345088161205,60.390428211586894,74.05541561712846,81.48614609571788,46.095717884130984,67.21242653232578,70.42416456759027,False,False,False,False,False,-0.9995446305265128,False,Watchlist,Greek attribution is reliable under local shocks.,Positive Edge -> Watchlist,"Positive valuation and scenario evidence, but the score or consistency is below the Candidate requirement. Composite score: 70.4. Primary risk driver: Directional.",67,5,4
GOOGL260918P00355000,GOOGL,Puts,355.0,2026-09-18,47,356.1300048828125,14.8,15.65,15.225000000000001,0.05582922824302132,909.0,1677.0,Buy,20.060997283339503,0.2818528615552398,441.0997283339503,0.2818528615552398,1565.0,0.9968269877086477,339.35,0.20951659361425093,0.315314464111328,0.309851520045094,-0.005462944066234043,0.20951659361425093,Calculated Mid IV,-0.5924465625886278,0.013857175077009443,0.47414945251264806,-0.22695443375829022,-0.29128796903702286,-42.49999966140425,1000,172.9693305705661,-383.05903214927446,1712.8192318894505,-1545.46584930424,-1559.596165467292,-1564.9999999996687,9271.391720178017,0.11052353391090484,-0.24476615472797092,1.0944531833159423,-0.9875181145713995,-0.996547070586129,-0.9999999999997883,5.92421196177509,0.415,0.585,0.0,215.4693302319703,-340.5590324878702,0.427,0.573,-0.027156549304411665,0.1376800832153165,-268.13039776338417,-0.17132932764433495,1000,215.4693302319703,243.66557650334158,-28.196246271371276,74.89956894778746,528.5519597314964,1312666.4549626848,153305.81376671485,48.76616385144658,550.2514494426417,-19.29275117540261,-335.41595765137714,-0.6433279639669807,1319.8496307344399,550.2514494426417,191.41899796017756,335.4159576513771,11.627122551341554,0.11678961794683242,66,34107.71886841243,692.9244936647157,6.123352463583217,0.020315767710471,0.1376800832153165,0.15569685399574543,-0.01801677078042893,0.031160488083991425,0.3515983702508893,-0.012327636533803586,-0.21432329562388316,-0.00041107218144854994,2408.5631583399777,0.5479821553212259,0.22845630912244141,0.0794743527058293,0.1392597725701955,0.004827410280308017,Delta,0.5479821553212259,0.22845630912244141,Directional,High,92.44332493702771,87.53148614609572,58.060453400503775,41.5,53.40050377833753,52.51889168765743,52.95969773299748,65.23929471032746,86.14609571788414,61.586901763224176,70.99076406381192,70.33918975650714,False,False,False,False,False,-0.9995446305265128,False,Watchlist,Greek attribution is reliable under local shocks.,Buy -> Watchlist,"Positive valuation and scenario evidence, but the score or consistency is below the Candidate requirement. Composite score: 70.3. Primary risk driver: Directional.",69,6,2
AMZN260918P00255000,AMZN,Puts,255.0,2026-09-18,47,271.5799865722656,5.2,5.55,5.375,0.06511627906976737,2165.0,2681.0,Buy,5.837722074743624,0.05184181526912148,28.77220747436242,0.05184181526912148,555.0,0.938949895456108,249.45,0.3268589084189819,0.3172065350341796,0.34133470902212126,0.024128173987941648,0.3268589084189819,Calculated Mid IV,-0.2621001533455203,0.010225155182062413,0.3174174163190017,-0.10250773769536636,-0.09857915703410765,-17.500225925177215,1000,88.58984480952289,-180.74229997552774,754.2621789358933,-541.4708582595152,-549.9488591096379,-554.9995432716981,5641.680011946058,0.15962134199914033,-0.32566180175770765,1.359030953037645,-0.9756231680351626,-0.9908988452425908,-0.9999991770661227,10.165189210713617,0.39,0.61,0.0,106.0900707347001,-163.24207405035054,0.397,0.603,-0.03153193860392291,0.19115328060306325,59.81763733516047,0.10777952673001884,1000,106.0900707347001,87.94401182843468,18.14605890626542,46.46905612675613,264.5628894636589,517916.8512041139,80560.19056698079,16.452272017356442,236.1210972293593,-12.915453554421902,-151.49618553998192,-0.21771832387719792,445.27851755980043,236.12109722935926,128.14466714009555,151.49618553998195,3.9349099917608745,0.15554657157743565,66,11796.530783580194,553.4770810174751,6.233714026947453,0.04691863151731609,0.19115328060306325,0.1584576789701526,0.032695601632910666,0.0296437333646062,0.42544341843127803,-0.023271087485444868,-0.2729661000720395,-0.00039228526824720345,964.9753774609981,0.4614402895246905,0.24469131829107493,0.13279578954362992,0.1569948716604482,0.004077730980156449,Delta,0.4614402895246905,0.24469131829107493,Directional,High,88.66498740554157,90.6801007556675,54.78589420654912,39.0,55.2896725440806,55.66750629722922,55.47858942065491,59.57178841309824,92.69521410579345,70.65491183879094,74.3073047858942,70.15730478589421,False,False,False,False,False,-0.9995446305265128,False,Watchlist,Greek attribution is reliable under local shocks.,Buy -> Watchlist,"Positive valuation and scenario evidence, but the score or consistency is below the Candidate requirement. Composite score: 70.2. Primary risk driver: Directional.",75,7,5
AMZN260918C00270000,AMZN,Calls,270.0,2026-09-18,47,271.5799865722656,13.6,14.1,13.85,0.036101083032490974,11317.0,23076.0,Positive Edge,14.682184565543054,0.04128968549950737,58.2184565543054,0.04128968549950737,1410.0,0.9941822422476436,284.1,0.31969025863538,0.33954517883300783,0.34133470902212126,0.0017895301891134308,0.31969025863538,Calculated Mid IV,0.5597412091276334,0.012661179659921954,0.3844183345687195,-0.1449341295458773,0.17791046627558266,-25.000098497713985,1000,10.815863815349843,-288.99768504322105,1210.931292630798,-1347.1092697081544,-1390.899306325215,-1409.9859039199453,5702.812840739929,0.007670825400957335,-0.2049628971937738,0.8588165195963109,-0.9553966451830883,-0.9864534087412875,-0.999990002780103,4.04454811399995,0.41,0.59,0.0,35.81596231306384,-263.9975865455071,0.424,0.576,-0.01773056631043545,0.025401391711392794,-47.402592738955555,-0.03361886009855004,1000,35.81596231306384,27.791837521957213,8.02412479110663,41.355631901295,253.96605698852704,935970.4327277464,75898.97279866801,-35.13547975590765,292.3742065805813,-15.641665801352241,-214.19815005585207,0.39292655448787006,950.9370087583079,292.37420658058136,155.19362515493293,214.19815005585204,7.101518134755506,0.081091207739834,66,23249.55094694851,347.83714274966826,3.5366353096716026,0.014961026281469822,0.025401391711392794,0.01971052306521788,0.005690868646174915,-0.024918779968728832,0.20735759331956122,-0.011093380000959037,-0.15191358159989507,0.00027867131523962415,1619.8045086844297,0.5870689973141502,0.18049968685297793,0.09581009580037399,0.1322370378076174,0.004384182224880462,Delta,0.5870689973141502,0.18049968685297793,Directional,High,88.28715365239294,75.81863979848866,60.20151133501259,41.0,57.43073047858942,56.67506297229219,57.0528967254408,77.07808564231739,98.99244332493703,99.24433249370277,91.77162048698573,69.99340890008396,False,False,False,False,False,-0.9995446305265128,False,Watchlist,Greek attribution is reliable under local shocks.,Positive Edge -> Watchlist,"Positive valuation and scenario evidence, but the score or consistency is below the Candidate requirement. Composite score: 70.0. Primary risk driver: Directional.",78,8,6
AMZN260918P00250000,AMZN,Puts,250.0,2026-09-18,47,271.5799865722656,4.0,4.3,4.15,0.07228915662650598,4331.0,4895.0,Positive Edge,4.426957575172359,0.029525017481944072,12.69575751723595,0.029525017481944072,430.0,0.9205391131922627,245.7,0.3316318451250145,0.32282171325683584,0.34133470902212126,0.018512995765285423,0.3316318451250145,Calculated Mid IV,-0.2130676154221367,0.008993463552490122,0.28325900461468345,-0.09356233620730442,-0.07985480418368422,-14.999901395674708,1000,76.21122094526794,-164.15945983722855,644.5431691735837,-422.8124973401468,-427.33581301972293,-429.99988899927183,5284.386821178426,0.17723539754713474,-0.3817661856679734,1.498937602729266,-0.9832848775352251,-0.993804216324937,-0.9999997418587717,12.28927167715913,0.381,0.619,0.0,91.21112234094265,-149.15955844155383,0.389,0.611,-0.03488349161784816,0.21211888916498292,63.51546342803199,0.14771038006519066,1000,91.21112234094265,71.07539237869398,20.135729962248682,45.63122940404239,264.56125226351674,426833.2135937166,81549.65962880611,13.37445370508173,207.67865563854454,-11.525575881746969,-138.2757766807752,-0.176364402410118,361.97778110453845,207.67865563854454,114.35456592685544,138.2757766807752,3.1875040964670545,0.191057436562164,66,9640.205282406703,617.1129893719458,7.4971190775623455,0.06401450708712314,0.21211888916498292,0.16529161018300925,0.046827278981973676,0.031103380709492395,0.48297361776405706,-0.02680366484127202,-0.3215715736762214,-0.00041014977304678604,825.4742834471807,0.4385088528656752,0.2515870691589306,0.1385319545623042,0.16751070197285317,0.0038614214402368017,Delta,0.4385088528656752,0.2515870691589306,Directional,High,87.53148614609572,91.43576826196474,52.39294710327456,38.1,54.15617128463476,54.53400503778337,54.34508816120906,57.80856423173803,96.34760705289672,79.84886649874056,78.0016792611251,69.79350545759867,False,False,False,False,False,-0.9995446305265128,False,Watchlist,Greek attribution is reliable under local shocks.,Positive Edge -> Watchlist,"Positive valuation and scenario evidence, but the score or consistency is below the Candidate requirement. Composite score: 69.8. Primary risk driver: Directional.",79,9,7
GOOGL260918P00360000,GOOGL,Puts,360.0,2026-09-18,47,356.1300048828125,17.2,18.2,17.7,0.05649717514124294,190.0,2088.0,Buy,23.20347479209167,0.27491619736767414,500.3474792091669,0.27491619736767414,1820.0,1.0108668044369387,341.8,0.18932748384518433,0.3127815304565429,0.309851520045094,-0.0029300104114489134,0.18932748384518433,Calculated Mid IV,-0.6789949196430688,0.01388976883846701,0.42946799628794474,-0.22546167284661223,-0.33416415779910547,-50.000107624525114,1000,172.75722429147802,-396.9111767394363,1863.6210382232373,-1800.0330831757303,-1814.5023623251386,-1820.0,9514.238987830164,0.09492155180850441,-0.2180830641425474,1.0239676034193612,-0.9890291665800717,-0.9969793199588673,-1.0,5.227603839467123,0.426,0.574,0.0,222.75733191600312,-346.9110691149112,0.436,0.564,-0.02747258660688193,0.12239413841538634,-327.59025491768887,-0.17999464555916972,1000,222.75733191600312,256.01341408964385,-33.25608217364068,78.99750277620603,656.6309522795251,1455968.677651528,180548.4981564387,55.89023482714571,551.5457077878775,-17.474699477715895,-333.2098063000082,-0.738022747655313,1512.6616484122162,551.5457077878775,173.38063572521096,333.2098063000082,13.338579096969859,0.1240057570796528,66,38857.17047666855,884.1263463502228,9.787299449026875,0.02275323538756093,0.12239413841538634,0.14066671103826586,-0.018272572622879492,0.030708920234695444,0.3030470921911415,-0.009601483229514228,-0.18308231115385065,-0.0004055070042062159,2584.136377322283,0.5853644806392365,0.21343521674324195,0.06709422817106515,0.1289443580548503,0.0051617163916060325,Delta,0.5853644806392365,0.21343521674324195,Directional,High,92.31738035264485,86.272040302267,59.3198992443325,42.6,52.51889168765743,51.51133501259446,52.015113350125944,64.73551637279597,70.15113350125944,66.62468513853904,67.17044500419816,69.77581024349286,False,False,False,False,False,-0.9995446305265128,False,Watchlist,Greek attribution is reliable under local shocks.,Buy -> Watchlist,"Positive valuation and scenario evidence, but the score or consistency is below the Candidate requirement. Composite score: 69.8. Primary risk driver: Directional.",81,10,3
AMZN260918C00275000,AMZN,Calls,275.0,2026-09-18,47,271.5799865722656,11.2,11.6,11.399999999999999,0.03508771929824565,8133.0,10968.0,Buy,12.291992737718743,0.05965454635506413,69.19927377187437,0.05965454635506413,1160.0,1.012593024511489,286.6,0.31839118314945497,0.3350286224365234,0.34133470902212126,0.0063060865855978365,0.31839118314945497,Calculated Mid IV,0.49595354146025866,0.012856608904171873,0.3887657386794306,-0.14434729743665264,0.15875834779116985,-20.00011969404678,1000,21.697982982541525,-284.9201579837574,1090.7550344584056,-1125.2086367941638,-1149.9995330767456,-1159.9971603644044,5454.135024428117,0.018705157743570282,-0.24562082584806672,0.9403060641882802,-0.9700074455122101,-0.9913789078247806,-0.9999975520382797,4.7018405383001,0.402,0.598,0.0,41.698102676588334,-264.92003828971065,0.41,0.59,-0.017241482494867913,0.03594664023843822,-47.50129078933285,-0.040949388611493845,1000,41.698102676588334,36.956824124991336,4.741278551597,42.916225786537495,260.71826301038345,829862.9853987957,76209.67637078553,-31.13146813507922,296.8870933545587,-15.818558098332453,-213.33087088162895,0.35062788547327145,842.5689756420416,296.8870933545587,156.9487167915263,213.33087088162895,6.337037440711537,0.0918340469591646,66,20615.770531978258,359.3164479747577,3.453565537040433,0.017429202921006623,0.03594664023843822,0.03185933114223391,0.004087309096204311,-0.026837472530240707,0.2559371494435851,-0.013636688015803838,-0.18390592317381807,0.0003022654185114409,1516.072694110467,0.5557576354453151,0.1958264234346314,0.1035232132345828,0.14071282446439526,0.004179903421075531,Delta,0.5557576354453151,0.1958264234346314,Directional,High,89.04282115869017,77.455919395466,57.93450881612091,40.2,55.91939546599496,55.541561712846345,55.730478589420656,78.5264483627204,98.36272040302268,93.82871536523929,90.23929471032746,69.74536523929471,False,False,False,False,False,-0.9995446305265128,False,Watchlist,Greek attribution is reliable under local shocks.,Buy -> Watchlist,"Positive valuation and scenario evidence, but the score or consistency is below the Candidate requirement. Composite score: 69.7. Primary risk driver: Directional.",82,11,8
GOOGL260918P00340000,GOOGL,Puts,340.0,2026-09-18,47,356.1300048828125,8.95,9.55,9.25,0.06486486486486502,333.0,4941.0,Buy,12.122004744345247,0.26931986851782685,257.20047443452466,0.26931986851782685,955.0000000000001,0.9547075375237754,330.45,0.24997370064033914,0.32529361236572263,0.309851520045094,-0.015442092320628653,0.24997370064033914,Calculated Mid IV,-0.3861407243830256,0.011701318692531153,0.47769561222904955,-0.206143856523151,-0.18898673824738432,-30.000133594721845,1000,144.07204652113214,-330.2084651220685,1282.6489436462768,-946.2886609423712,-952.4825696349519,-954.9999999594095,8390.316399667288,0.15086078169752057,-0.3457680263058308,1.3430878991060495,-0.9908781789972473,-0.9973639472617297,-0.9999999999574967,8.785671622688259,0.386,0.614,0.0,174.072180115854,-300.2083315273467,0.397,0.603,-0.03141375245520612,0.18227453415272668,-113.12842791339253,-0.11845908682030629,1000,174.072180115854,171.9150698495601,2.1571102662938784,70.02971165581077,376.96094962805535,918304.5962626052,122004.71723783025,31.784473105389832,464.64503300084533,-19.43704149710227,-304.6600055555649,-0.41738920400793317,860.2424668675903,464.64503300084533,192.85061901536002,304.66000555556485,7.543641343804895,0.13285865902705432,66,22529.31197692641,877.6690241544472,8.737529925801994,0.03895676108765859,0.18227453415272668,0.18001577994718332,0.002258754205543328,0.03328217079098411,0.4865393015715657,-0.020352923033614943,-0.31901571262362816,-0.00043705675812349016,1829.9417657831655,0.4700928100296295,0.25391246961456715,0.10538620551830795,0.16648617527191015,0.004122339565585258,Delta,0.4700928100296295,0.25391246961456715,Directional,High,92.19143576826197,90.42821158690177,54.030226700251895,38.6,50.88161209068011,50.50377833753149,50.6926952141058,59.823677581863976,76.95214105793451,79.97481108312343,72.25020990764064,69.69008396305625,False,False,False,False,False,-0.9995446305265128,False,Watchlist,Greek attribution is reliable under local shocks.,Buy -> Watchlist,"Positive valuation and scenario evidence, but the score or consistency is below the Candidate requirement. Composite score: 69.7. Primary risk driver: Directional.",84,12,4
AMZN260918P00260000,AMZN,Puts,260.0,2026-09-18,47,271.5799865722656,6.75,7.35,7.05,0.08510638297872336,2351.0,3152.0,Positive Edge,7.529433282006337,0.024412691429433715,17.94332820063378,0.024412691429433715,735.0,0.9573606777199531,252.65,0.32760554882567916,0.31964791687011707,0.34133470902212126,0.021686792152004197,0.32760554882567916,Calculated Mid IV,-0.31899103090765446,0.011186239318054382,0.34804538051535433,-0.11167475252621142,-0.12063107367115025,-30.000140127646624,1000,83.97377954927043,-207.49015247602483,871.1571674009623,-709.1504360119596,-724.6566647838076,-734.9969288033809,5950.607342544361,0.11425004020308901,-0.2822995271782651,1.1852478468040304,-0.9648305251863396,-0.9859274350800104,-0.9999958215011985,8.096064411624981,0.394,0.606,0.0,113.97391967691706,-177.4900123483782,0.406,0.594,-0.0408165171804716,0.15506655738356062,66.03045134863666,0.0898373487736553,1000,113.97391967691706,98.86576988163897,15.108149795278083,42.57570983649663,276.8526686128672,619647.6854812945,77646.43039613447,20.02336566614369,258.31462257734154,-14.16168022223316,-165.0441167584879,-0.26642138112524744,541.9296842996699,258.3146225773416,140.50949047787978,165.04411675848786,4.815139745425275,0.1253073838818985,66,14322.494154677206,447.1105562657181,5.399857050695545,0.03121736699188724,0.15506655738356062,0.13451125153964485,0.02055530584391576,0.0272426743757057,0.3514484660916211,-0.019267592139092734,-0.22454981871903115,-0.00036247806955815975,1110.6130538588045,0.48795544264201224,0.23258741798489782,0.1265152520850373,0.14860631809165678,0.004335569196395775,Delta,0.48795544264201224,0.23258741798489782,Directional,High,87.27959697732997,87.78337531486146,56.549118387909324,39.4,56.67506297229219,56.80100755667507,56.73803526448363,53.65239294710328,93.57682619647355,72.67002518891688,73.29974811083123,69.61906801007557,False,False,False,False,False,-0.9995446305265128,False,Watchlist,Greek attribution is reliable under local shocks.,Positive Edge -> Watchlist,"Positive valuation and scenario evidence, but the score or consistency is below the Candidate requirement. Composite score: 69.6. Primary risk driver: Directional.",86,13,9
META260918P00550000,META,Puts,550.0,2026-09-18,47,556.7100219726562,25.6,26.75,26.175,0.04393505253104101,413.0,10987.0,Buy,41.178807609737646,0.5393946769995381,1442.8807609737646,0.5393946769995381,2675.0,0.9879470070452839,523.25,0.20907024999672713,0.3748994395446777,0.4130862391333008,0.03818679958862309,0.20907024999672713,Calculated Mid IV,-0.6201552471057094,0.008433842065511041,0.7036890211444338,-0.47778620816159867,-0.47826895616130977,-57.500507485190155,1000,93.16718341069267,-763.5414956295733,2688.841170353111,-2646.125851653374,-2666.1678611471575,-2674.9999999997603,14327.927791241842,0.0348288536114739,-0.2854360731325508,1.0051742692908827,-0.9892059258517286,-0.9966982658494046,-0.9999999999999104,5.356234688314707,0.397,0.603,0.0,150.6676908958828,-706.0409881443832,0.404,0.596,-0.021495516816893517,0.0563243704283674,-1349.713577563072,-0.5045658233880642,1000,150.6676908958828,162.36467060731158,-11.696979711428776,149.51275988476965,994.9568774704611,2102290.0630626027,284383.4175014323,79.79768753313758,818.3760348535135,-28.632527397972773,-706.1202370420266,-1.0562873393399976,2159.7136232594917,818.3760348535135,284.0864765091183,706.1202370420266,19.090701837681998,0.13527315877959503,66,56759.435175918006,1477.5180825218163,14.843316963597147,0.02603123300896941,0.0563243704283674,0.06069707312422863,-0.0043727026958612246,0.02983091122734115,0.30593496630037886,-0.010703748559989821,-0.26397018207178563,-0.00039487377171588695,3987.3870735018318,0.5416363105583257,0.2052411816981674,0.07124627513516661,0.17708846019353033,0.0047877724148099885,Delta,0.5416363105583257,0.2052411816981674,Directional,High,94.33249370277078,78.96725440806046,56.42317380352645,39.7,52.267002518891694,52.141057934508815,52.204030226700255,72.16624685138538,78.46347607052897,93.95465994962217,81.5281276238455,69.56751049538204,False,False,False,False,False,-0.9995446305265128,False,Watchlist,Greek attribution is reliable under local shocks.,Buy -> Watchlist,"Positive valuation and scenario evidence, but the score or consistency is below the Candidate requirement. Composite score: 69.6. Primary risk driver: Directional.",87,14,1
GOOGL260918P00345000,GOOGL,Puts,345.0,2026-09-18,47,356.1300048828125,10.55,11.3,10.925,0.06864988558352403,283.0,2387.0,Buy,14.512078407591616,0.28425472633554116,321.20784075916157,0.28425472633554116,1130.0,0.9687473542520662,333.7,0.2368685609934722,0.32089912506103513,0.309851520045094,-0.011047605015941153,0.2368685609934722,Calculated Mid IV,-0.4478517835398168,0.012705357863812371,0.49149199467238897,-0.21558335047735938,-0.21944294436740006,-37.50010628516698,1000,156.13722841641408,-369.0037380747274,1422.4951994734174,-1118.8603545197136,-1126.7412529818826,-1129.9999999860715,8711.580999879614,0.13817453842160538,-0.3265519805971039,1.2588453092685106,-0.9901419066546138,-0.9971161530813122,-0.999999999987674,7.709363716707623,0.401,0.599,0.0,193.63733470158104,-331.5036317895604,0.408,0.592,-0.033185934765634494,0.17136047318723985,-165.0706123427475,-0.1460801879139358,1000,193.63733470158104,202.28461338409386,-8.64727868251281,75.64200916046556,407.1045716682719,1042974.48687069,130492.37388614423,36.864106969981954,504.5141987019624,-19.998404949468465,-318.6106336704894,-0.4846536678926675,997.722070571321,504.51419870196247,198.42036013555875,318.6106336704894,8.759338793229361,0.12511559537536696,66,26020.7259786174,750.9727796085906,7.445948202278572,0.02886056216208973,0.17136047318723985,0.17901293219831316,-0.007652459011073284,0.03262310351325837,0.44647274221412603,-0.017697703495104838,-0.281956312982734,-0.00042889705123244913,2028.0266018725606,0.4919669543042892,0.2487709965126314,0.09783913088336664,0.15710377436681702,0.004319143932895901,Delta,0.4919669543042892,0.2487709965126314,Directional,High,92.56926952141058,89.16876574307305,54.53400503778337,40.1,51.51133501259446,51.13350125944584,51.32241813602015,58.56423173803527,74.68513853904281,69.0176322418136,67.42233417296389,69.45118807724602,False,False,False,False,False,-0.9995446305265128,False,Watchlist,Greek attribution is reliable under local shocks.,Buy -> Watchlist,"Positive valuation and scenario evidence, but the score or consistency is below the Candidate requirement. Composite score: 69.5. Primary risk driver: Directional.",90,15,5
META260918P00540000,META,Puts,540.0,2026-09-18,47,556.7100219726562,21.2,21.85,21.525,0.030197444831591275,193.0,2931.0,Buy,35.30552395674442,0.615813453397914,1345.552395674442,0.615813453397914,2185.0,0.9699843341899151,518.15,0.23105739183619955,0.37161883270263674,0.4130862391333008,0.041467406430664044,0.23105739183619955,Calculated Mid IV,-0.5226950138422344,0.008168231406770489,0.7532011462882573,-0.45598153001226527,-0.40241599920828586,-32.50000644606885,1000,119.05541398125062,-694.3598319815983,2393.9050142810734,-2161.0311163478514,-2177.4942225386694,-2184.999999980624,13822.761658849655,0.05448760365274628,-0.31778482012887793,1.0956087021881344,-0.9890302591981013,-0.9965648615737618,-0.9999999999911323,6.326206708855677,0.391,0.609,0.0,151.5554204273195,-661.8598255355295,0.396,0.604,-0.014874144826576133,0.06936174847932242,-1226.4969816931914,-0.5613258497451677,1000,151.5554204273195,154.42867869435776,-2.8732582670382847,140.205664958593,807.3183503941251,1827564.222832704,246945.58289700377,67.25711599534678,792.6025622147711,-30.647135040148004,-673.8951032051268,-0.8887612704852227,1820.3047502595084,792.6025622147711,304.07502934132225,673.8951032051269,16.06293646415795,0.1351227933945002,66,48215.304966894924,1417.5342589914972,11.896783518496761,0.02940008903738739,0.06936174847932242,0.07067674082121636,-0.0013149923418939518,0.030781288785055736,0.3627471680616801,-0.014026148759793137,-0.30841881153552714,-0.00040675573019918656,3606.9403814848865,0.504667268581283,0.21974373801223643,0.08430276000740057,0.18683289212773216,0.004453341271347891,Delta,0.504667268581283,0.21974373801223643,Directional,High,94.83627204030228,81.86397984886649,55.037783375314866,39.1,52.39294710327456,52.39294710327456,52.39294710327456,82.99748110831234,70.27707808564232,71.53652392947103,74.93702770780855,69.42293450881613,False,False,False,False,False,-0.9995446305265128,False,Watchlist,Greek attribution is reliable under local shocks.,Buy -> Watchlist,"Positive valuation and scenario evidence, but the score or consistency is below the Candidate requirement. Composite score: 69.4. Primary risk driver: Directional.",92,16,2
GOOGL260918P00330000,GOOGL,Puts,330.0,2026-09-18,47,356.1300048828125,6.15,6.55,6.35,0.06299212598425188,766.0,5623.0,Buy,8.120723584298801,0.2398051273738628,157.07235842988015,0.2398051273738628,655.0,0.9266279040671936,323.45,0.2687179961129035,0.331061376953125,0.309851520045094,-0.02120985690803101,0.2687179961129035,Calculated Mid IV,-0.28037331470704135,0.009645043519475966,0.4232754387785417,-0.17848091158792878,-0.1367498478200193,-20.00000328480125,1000,122.04100872864822,-280.52946843377697,1021.2151603683974,-651.0098411125817,-653.89174733168,-654.9999999703087,7701.760615961861,0.18632215073076064,-0.42828926478439233,1.5591071150662559,-0.9939081543703538,-0.9983080111934044,-0.9999999999546698,11.758413154140246,0.373,0.627,0.0,142.0410120134495,-260.5294651489757,0.38,0.62,-0.030534356160001906,0.21685650689076258,-35.03134970123193,-0.05348297664310217,1000,142.0410120134495,124.76959581861904,17.27141619483044,68.2562565136667,384.02685154766124,691020.2790279465,121439.96009478533,23.07842068461893,382.9928644932998,-17.222729406812785,-263.77693923579994,-0.3020207166869491,624.6143352861825,382.9928644932998,170.88063673337604,263.77693923579994,5.458540717411441,0.17574008141354996,66,16478.773293857033,1111.7418554066935,12.422866661164534,0.06746508587633336,0.21685650689076258,0.19048793254750998,0.02636857434325258,0.03523423005285333,0.5847219305241218,-0.026294243369179824,-0.40271288432946556,-0.00046110033081976957,1447.72331646607,0.4314459318171944,0.2645483844442012,0.11803404337681049,0.18220120946845442,0.0037704308933393985,Delta,0.4314459318171944,0.2645483844442012,Directional,High,91.81360201511335,92.06549118387909,50.75566750629723,37.3,48.36272040302267,48.2367758186398,48.29974811083123,60.70528967254408,84.94962216624685,82.11586901763224,75.92359361880773,69.2893744752309,False,False,False,False,False,-0.9995446305265128,False,Watchlist,Greek attribution is reliable under local shocks.,Buy -> Watchlist,"Positive valuation and scenario evidence, but the score or consistency is below the Candidate requirement. Composite score: 69.3. Primary risk driver: Directional.",93,17,6
AMZN260918P00245000,AMZN,Puts,245.0,2026-09-18,47,271.5799865722656,3.05,3.25,3.15,0.06349206349206354,2829.0,3436.0,Positive Edge,3.277443540752188,0.008444166385288554,2.74435407521878,0.008444166385288554,325.0,0.9021283309284174,241.75,0.33619808463015244,0.3270330969238281,0.34133470902212126,0.01430161209829317,0.33619808463015244,Calculated Mid IV,-0.17001617586353235,0.007724020315780001,0.24662617124746553,-0.08314027837138938,-0.0635117963194651,-9.999999935252646,1000,67.13543560733241,-140.76952914561895,543.084877839575,-321.0375505798673,-323.67104251126216,-324.9999750118363,4913.29314482818,0.20657057109948437,-0.43313701275575056,1.671030393352541,-0.9878078479380532,-0.9959109000346529,-0.9999999231133424,15.117825061009784,0.371,0.629,0.0,77.13543554258507,-130.76952921036627,0.376,0.624,-0.03076923057000814,0.23733980166949253,64.39108153211363,0.19812640471419582,1000,77.13543554258507,55.988218511538065,21.147217031047,44.850822032001616,244.22881275097558,344985.8702376323,80312.36966659539,10.672074536981007,178.36444723922273,-10.03501602713052,-122.87301740507634,-0.1402698324587991,288.8382543214331,178.3644472392227,99.56551530487258,122.87301740507635,2.5351525560892822,0.23279901177191642,66,7736.1190276619045,644.7545497738121,7.989078904349647,0.08334341127228971,0.23733980166949253,0.1722714415739633,0.06506836009552923,0.032837152421480026,0.548813683812993,-0.030876972391170834,-0.37807082278485027,-0.0004315994844886126,692.1763868266939,0.41728995645982936,0.2576864086001843,0.1438441374189808,0.17751691583758275,0.003662581683422884,Delta,0.41728995645982936,0.2576864086001843,Directional,High,86.90176322418137,92.9471032745592,50.62972292191436,37.1,53.02267002518891,53.274559193954666,53.14861460957179,60.20151133501259,94.7103274559194,73.9294710327456,76.28043660789253,69.20060033585223,False,False,False,False,False,-0.9995446305265128,False,Watchlist,Greek attribution is reliable under local shocks.,Positive Edge -> Watchlist,"Positive valuation and scenario evidence, but the score or consistency is below the Candidate requirement. Composite score: 69.2. Primary risk driver: Directional.",95,18,10
AMZN260918C00280000,AMZN,Calls,280.0,2026-09-18,47,271.5799865722656,9.05,9.5,9.275,0.048517520215633346,5581.0,19836.0,Buy,10.193728138668888,0.07302401459672506,69.3728138668888,0.07302401459672506,950.0,1.0310038067753342,289.5,0.31740492284464106,0.3332281033325196,0.34133470902212126,0.008106605689601643,0.31740492284464106,Calculated Mid IV,0.4330054106109186,0.012714935890141273,0.38329076147046537,-0.14055263214124758,0.13948132854901227,-22.500261416301726,1000,22.918077406757615,-272.22457158822664,971.8854968943702,-930.9851621467338,-944.9473647082731,-949.9994691032406,5166.003373833388,0.02412429200711328,-0.28655218061918597,1.023037365151969,-0.9799843812070882,-0.9946814365350243,-0.9999994411613059,5.4378982882456715,0.384,0.616,0.0,45.418338823059344,-249.7243101719249,0.398,0.602,-0.023684485701370238,0.04780877770848352,-46.45473646013119,-0.048899722589611776,1000,45.418338823059344,43.42493250199674,1.9934063210625939,43.21838912098946,283.5501667835988,725195.2748812325,76946.93227903824,-27.18015502633704,293.6155549842287,-15.595785779554442,-207.72273504154978,0.3080533652093284,735.6272206297735,293.6155549842287,154.73841232815258,207.7227350415498,5.56757117715759,0.10610512084712642,66,18011.36335151456,476.40912660342576,4.490926278356174,0.026450475586200693,0.04780877770848352,0.04571045526525973,0.002098322443223783,-0.02861068950140741,0.30906900524655656,-0.01641661661005731,-0.2186555105700524,0.0003242667002203457,1397.2714941608624,0.5264740773027491,0.21013493527294838,0.11074326855932992,0.1486631165880176,0.003984602276954931,Delta,0.5264740773027491,0.21013493527294838,Directional,High,89.29471032745592,78.08564231738035,56.17128463476071,38.4,54.78589420654912,53.904282115869016,54.34508816120907,69.39546599496221,97.22921914357683,98.86649874055415,88.49706129303105,69.03665827036104,False,False,False,False,False,-0.9995446305265128,False,Watchlist,Greek attribution is reliable under local shocks.,Buy -> Watchlist,"Positive valuation and scenario evidence, but the score or consistency is below the Candidate requirement. Composite score: 69.0. Primary risk driver: Directional.",99,19,11
META260918P00530000,META,Puts,530.0,2026-09-18,47,556.7100219726562,16.8,17.7,17.25,0.05217391304347818,596.0,3325.0,Buy,29.920899586662017,0.6904463043311875,1222.0899586662017,0.6904463043311875,1770.0,0.9520216613345464,512.3,0.24523783563699295,0.37091693542480464,0.4130862391333008,0.04216930370849614,0.24523783563699295,Calculated Mid IV,-0.437609990812545,0.007714377654091392,0.7550078081157229,-0.42380680076104976,-0.3359171959850738,-45.00026335739555,1000,110.69041956659082,-653.6215945836215,2111.1665293807564,-1754.3079691562557,-1765.2184760034954,-1769.9999999639442,13243.7027351616,0.06253696020711345,-0.36927773705289346,1.1927494516275472,-0.991134445850992,-0.9972985740132745,-0.9999999999796295,7.48231792946983,0.372,0.628,0.0,155.6906829239864,-608.621331226226,0.379,0.621,-0.025423877603048334,0.08796083781016181,-1111.3995390996108,-0.6279093441240741,1000,155.6906829239864,147.06525878057025,8.62542414341616,137.44204333685406,709.7695550839428,1566272.9748810267,229145.0952359546,56.30890889210889,748.5629618006507,-30.720646623701843,-626.3440708447554,-0.7418944437320983,1523.9930053695314,748.5629618006507,304.80439725440056,626.3440708447555,13.40855380238876,0.14629959075515578,66,40550.33084506304,1625.7693950837233,15.690935378748122,0.040092629608758396,0.08796083781016181,0.08308771682518093,0.0048731209849808815,0.031812942876897676,0.4229169275709891,-0.017356297527515167,-0.3538667066919522,-0.00041914940323847365,3217.112989071727,0.47371447958042273,0.23268158884796977,0.09474469758749428,0.19469134996886828,0.00416788401524489,Delta,0.47371447958042273,0.23268158884796977,Directional,High,95.84382871536525,82.49370277078086,53.274559193954666,37.2,50.62972292191436,50.62972292191436,50.62972292191436,67.38035264483628,81.98992443324937,73.42569269521411,74.26532325776658,68.91963056255248,False,False,False,False,False,-0.9995446305265128,False,Watchlist,Greek attribution is reliable under local shocks.,Buy -> Watchlist,"Positive valuation and scenario evidence, but the score or consistency is below the Candidate requirement. Composite score: 68.9. Primary risk driver: Directional.",103,20,3
META260918P00545000,META,Puts,545.0,2026-09-18,47,556.7100219726562,23.25,24.1,23.675,0.03590285110876458,314.0,1463.0,Buy,38.18232993542483,0.5843290429636859,1408.232993542483,0.5843290429636859,2410.0,0.9789656706175995,520.9,0.21951125170652233,0.3715883154296875,0.4130862391333008,0.04149792370361327,0.21951125170652233,Calculated Mid IV,-0.5703462211665622,0.008395205959704801,0.7354467177278222,-0.4672555360744439,-0.4393437121630989,-42.49999995069871,1000,114.35297346289343,-724.3608394827539,2541.368772369998,-2384.4149220630693,-2402.0646781670193,-2409.9999999977795,14095.201569676065,0.047449366582113454,-0.30056466368579005,1.0545098640539419,-0.9893837850884105,-0.996707335339012,-0.9999999999990786,5.84863135671206,0.394,0.606,0.0,156.8529734135921,-681.8608395320553,0.399,0.601,-0.017634854751327266,0.0650842213334407,-1293.8800200795895,-0.5368796763815725,1000,156.8529734135921,166.5635660118658,-9.710592598273667,148.4734593485315,923.8811377419307,1963584.8468727276,264588.88401339203,73.3885744815721,814.6269887098595,-29.924721947266075,-690.5569567644206,-0.9703184678789726,1986.251845125532,814.6269887098595,296.9073844007149,690.5569567644208,17.536952179554014,0.1347478742437768,66,52367.80379364069,1432.7082232781534,14.442751853169966,0.027358569951183152,0.0650842213334407,0.06911351286799411,-0.0040292915345533885,0.030451690656253985,0.33801949738998316,-0.012416897073554388,-0.2865381563337845,-0.000402621770904138,3805.880127180081,0.5218902799750607,0.21404431077377287,0.07801280504877715,0.1814447469936685,0.0046078572087208105,Delta,0.5218902799750607,0.21404431077377287,Directional,High,94.7103274559194,81.10831234256926,55.91939546599496,39.4,52.015113350125944,52.015113350125944,52.015113350125944,77.58186397984886,76.13350125944585,59.69773299748111,71.13769941225861,68.91797649034424,False,False,False,False,False,-0.9995446305265128,False,Watchlist,Greek attribution is reliable under local shocks.,Buy -> Watchlist,"Positive valuation and scenario evidence, but the score or consistency is below the Candidate requirement. Composite score: 68.9. Primary risk driver: Directional.",104,21,4
META260918P00535000,META,Puts,535.0,2026-09-18,47,556.7100219726562,18.8,19.7,19.25,0.04675324675324668,683.0,1515.0,Buy,32.55098464785462,0.6523342460839909,1285.098464785462,0.6523342460839909,1970.0,0.9610029977622307,515.3,0.23776557652326066,0.3711915908813477,0.4130862391333008,0.041894648251953104,0.23776557652326066,Calculated Mid IV,-0.4791741450728379,0.007997695439955176,0.758886649232689,-0.4402935197631721,-0.3682881980603615,-45.00014023730721,1000,112.26361073602885,-682.4040410014742,2251.87694011823,-1950.0460258671271,-1964.0860362408007,-1969.9999999760785,13540.49327181545,0.05698660443453242,-0.34639799035607827,1.143084741176766,-0.989871079120369,-0.9969979879394927,-0.999999999987857,6.873346838485,0.38,0.62,0.0,157.2637509733361,-637.403900764167,0.385,0.615,-0.022842710780358988,0.07982931521489142,-1172.8348540494333,-0.5953476416494585,1000,157.2637509733361,155.3101110543535,1.9536399189825897,138.67649388043003,748.9463521914971,1694086.1235895609,237921.5693159151,61.65712356854882,776.0546416777069,-30.878473477918348,-650.7097928579919,-0.8133878559918364,1668.7417124298336,776.0546416777069,306.37032520374595,650.7097928579919,14.700682720323108,0.14044242851820807,66,44294.283408850315,1500.5255568514403,13.465749655871605,0.03387628021885155,0.07982931521489142,0.07883761982454493,0.0009916953903464922,0.03129803226829889,0.39393636633386137,-0.015674352019247894,-0.33030953952182335,-0.0004128872365440794,3416.5771548896014,0.4884250045521817,0.2271438947506465,0.08967171274481157,0.19045663638145413,0.004302751570906095,Delta,0.4884250045521817,0.2271438947506465,Directional,High,95.71788413098237,81.98992443324937,53.904282115869016,38.0,51.7632241813602,51.385390428211586,51.57430730478589,69.89924433249371,83.06045340050377,60.579345088161205,71.17968094038623,68.85071368597818,False,False,False,False,False,-0.9995446305265128,False,Watchlist,Greek attribution is reliable under local shocks.,Buy -> Watchlist,"Positive valuation and scenario evidence, but the score or consistency is below the Candidate requirement. Composite score: 68.9. Primary risk driver: Directional.",106,22,5
GOOGL260918P00335000,GOOGL,Puts,335.0,2026-09-18,47,356.1300048828125,7.45,7.95,7.7,0.06493506493506493,285.0,2268.0,Buy,9.99236928722668,0.2569017971354314,204.23692872266795,0.2569017971354314,795.0,0.9406677207954846,327.05,0.25988553595389685,0.3282537878417968,0.309851520045094,-0.018402267796702843,0.25988553595389685,Calculated Mid IV,-0.33042666453244535,0.01069782671052531,0.4540459359663619,-0.19325011886733348,-0.16144158729159322,-24.999994817771398,1000,133.08454845018693,-303.4078648440659,1148.7767313822249,-789.1439106988432,-793.2818355478769,-794.9999999593653,8055.170038093452,0.1674019477360842,-0.3816451130114037,1.4450021778392772,-0.9926338499356518,-0.9978387868526752,-0.9999999999488871,10.132289356092391,0.382,0.618,0.0,158.08454326795834,-278.4078700262945,0.388,0.612,-0.0314465343619766,0.1988484820980608,-71.15238027248103,-0.08949984939934719,1000,158.08454326795834,147.56040658422486,10.524136683733452,64.96194465535821,383.16848013380525,800964.9864897106,119425.90649856828,27.1984713576014,424.79759551563234,-18.474755624795616,-285.60435067403216,-0.3565539901810967,736.1229496588052,424.79759551563234,183.303002101966,285.60435067403216,6.4441422916573625,0.14910253071356003,66,19342.948498861664,1005.3516870678777,10.162527354425464,0.05197510023495347,0.1988484820980608,0.1856105743197797,0.013237907778281072,0.03421191365736025,0.5343365981328708,-0.02323868632049763,-0.35925075556482033,-0.00044849558513345496,1636.272040242093,0.4498780957901675,0.2596130625398829,0.11202477191680522,0.17454576234876926,0.003938307404375086,Delta,0.4498780957901675,0.2596130625398829,Directional,High,92.06549118387909,90.80604534005037,52.51889168765743,38.2,49.37027707808564,49.496221662468514,49.43324937027708,59.69773299748111,74.93702770780857,68.63979848866498,67.75818639798489,68.82193954659951,False,False,False,False,False,-0.9995446305265128,False,Watchlist,Greek attribution is reliable under local shocks.,Buy -> Watchlist,"Positive valuation and scenario evidence, but the score or consistency is below the Candidate requirement. Composite score: 68.8. Primary risk driver: Directional.",107,23,7
META260918P00520000,META,Puts,520.0,2026-09-18,47,556.7100219726562,13.65,14.35,14.0,0.04999999999999995,523.0,3438.0,Buy,25.04058615482913,0.7449885822180577,1069.058615482913,0.7449885822180577,1435.0,0.9340589884791776,505.65,0.2624647607430917,0.37402969726562496,0.4130862391333008,0.03905654186767582,0.2624647607430917,Calculated Mid IV,-0.36271230750454897,0.006919996263834595,0.724836299884324,-0.3904269748571078,-0.278041125724656,-35.00215965689275,1000,99.82511681203289,-598.0799587735169,1839.2778385580339,-1423.8871788808556,-1431.5856496259287,-1434.9999998732874,12587.793726928643,0.0695645413324271,-0.4167804590756215,1.281726716765181,-0.9922558737845684,-0.9976206617602291,-0.9999999999116985,8.771981691239473,0.367,0.633,0.0,134.82727646892567,-563.0777991166241,0.374,0.626,-0.024391748889820732,0.09395629022224786,-969.2334986708801,-0.6754240408856307,1000,134.82727646892567,111.03279034539223,23.794486123533435,128.79260125876675,659.5002839129719,1327498.4291266124,212147.57822838792,46.671544768430685,671.4803359617962,-29.492992773612325,-577.0120261413197,-0.6140714699026775,1263.1590484760225,671.4803359617961,292.62384987214335,577.0120261413197,11.098358280299063,0.1598100408811512,66,33844.36154926274,1827.4157945142774,19.914704389297015,0.053994689539477676,0.09395629022224786,0.07737476679121409,0.01658152343103375,0.03252372457730361,0.4679305477085688,-0.020552608204607893,-0.40209897292078023,-0.0004279243692701585,2815.373618731581,0.44866480245173196,0.23850487604708048,0.10393783898706137,0.2049504272904577,0.00394205522366841,Delta,0.44866480245173196,0.23850487604708048,Directional,High,96.4735516372796,83.24937027707809,51.13350125944584,36.7,49.622166246851386,49.74811083123426,49.685138539042825,68.38790931989924,80.79345088161209,74.05541561712846,74.41225860621326,68.76486565911,False,False,False,False,False,-0.9995446305265128,False,Watchlist,Greek attribution is reliable under local shocks.,Buy -> Watchlist,"Positive valuation and scenario evidence, but the score or consistency is below the Candidate requirement. Composite score: 68.8. Primary risk driver: Directional.",108,24,6
META260918P00500000,META,Puts,500.0,2026-09-18,47,556.7100219726562,8.55,9.1,8.825,0.06232294617563728,1695.0,7991.0,Buy,16.81656244800365,0.8479738953850167,771.6562448003651,0.8479738953850167,910.0,0.89813364276844,490.9,0.28904643134823976,0.38101815277099604,0.4130862391333008,0.03206808636230474,0.28904643134823976,Calculated Mid IV,-0.24171296107095422,0.005282762623631487,0.6093850296397323,-0.3127458887179433,-0.18463794355061824,-27.498660085337256,1000,71.30186948513148,-451.2627288508758,1350.9280242043683,-905.4291194464884,-908.7267637077557,-909.9999998739119,11147.610331476202,0.07835370273091372,-0.49589310862733604,1.4845362903344705,-0.9949770543368003,-0.9986008392392918,-0.9999999998614416,12.250121243380441,0.345,0.655,0.0,98.80052957046875,-423.7640687655386,0.356,0.644,-0.0302183077860849,0.10857201051699863,-700.3543753152337,-0.769620192654103,1000,98.80052957046875,56.3035236067625,42.49700596370626,132.17991773667586,627.0710217524709,910286.8707745685,207422.33191257511,31.10210778715167,512.6117249313127,-24.795375560496055,-462.20714893624836,-0.4077846149573455,841.7743417953336,512.6117249313127,246.0149877373507,462.20714893624836,7.3700537800717125,0.22786479578254074,66,22821.57830257189,2096.952622266642,25.34038359064452,0.09188464506989531,0.10857201051699863,0.061872003963475274,0.04670000655352336,0.03417814042544139,0.5633095878366073,-0.027247665451094565,-0.5079199438859872,-0.0004481149614915885,2069.9782571803175,0.40665854284961506,0.24764111562678054,0.11884906852715803,0.22329082314413176,0.0035604498523144155,Delta,0.40665854284961506,0.24764111562678054,Directional,High,97.22921914357683,84.63476070528966,47.984886649874056,34.5,47.607052896725435,47.48110831234257,47.544080604534,61.0831234256927,91.183879093199,88.79093198992443,80.35264483627203,68.75182619647354,False,False,False,False,False,-0.9995446305265128,False,Watchlist,Greek attribution is reliable under local shocks.,Buy -> Watchlist,"Positive valuation and scenario evidence, but the score or consistency is below the Candidate requirement. Composite score: 68.8. Primary risk driver: Directional.",109,25,7
META260918P00510000,META,Puts,510.0,2026-09-18,47,556.7100219726562,10.75,11.35,11.05,0.05429864253393662,344.0,3446.0,Buy,20.672617685490195,0.8213760075321759,932.2617685490195,0.8213760075321759,1135.0,0.9160963156238088,498.65,0.2745640369837625,0.3750367672729492,0.4130862391333008,0.03804947186035157,0.2745640369837625,Calculated Mid IV,-0.2967974592957862,0.006139244342127187,0.6727003336864531,-0.35039806649719174,-0.2269908245857028,-30.00116311313601,1000,92.47346058740682,-522.3832016872875,1584.3879403522183,-1127.9252430609615,-1133.021814056148,-1134.9999999024737,11900.821441621101,0.08147441461445536,-0.4602495169050991,1.3959365113235414,-0.9937667339744155,-0.9982571048952846,-0.9999999999140737,10.48530523490846,0.361,0.639,0.0,122.47462370054285,-492.38203857415147,0.367,0.633,-0.026432742830956837,0.1079071574454122,-839.7883079616126,-0.7399015929177205,1000,122.47462370054285,88.1840288566493,34.290594843893544,126.02268434875486,653.5977638861403,1103815.4311574318,207585.31468802493,38.190035524245474,595.7202426463124,-27.37162319738595,-517.8533024761997,-0.501323640322906,1033.6081476073555,595.7202426463124,271.5760254901972,517.8533024761997,9.060621845156227,0.18806161685052403,66,27814.849710342063,2021.562782977183,22.483421179323955,0.07267926320038787,0.1079071574454122,0.07769517960938264,0.030211977836029556,0.0336476083914057,0.5248636499086453,-0.024115967574789385,-0.45625841627859004,-0.00044169483728890397,2427.818340065221,0.4257353734215504,0.2453726594018187,0.11186010955123667,0.21329985606018945,0.00373200156520476,Delta,0.4257353734215504,0.2453726594018187,Directional,High,96.72544080604534,85.3904282115869,49.1183879093199,36.1,48.48866498740554,48.36272040302267,48.42569269521411,65.74307304785894,77.20403022670025,74.3073047858942,72.41813602015112,68.51323677581864,False,False,False,False,False,-0.9995446305265128,False,Watchlist,Greek attribution is reliable under local shocks.,Buy -> Watchlist,"Positive valuation and scenario evidence, but the score or consistency is below the Candidate requirement. Composite score: 68.5. Primary risk driver: Directional.",115,26,8
GOOGL260918P00325000,GOOGL,Puts,325.0,2026-09-18,47,356.1300048828125,5.05,5.5,5.275,0.08530805687203795,1625.0,5747.0,Buy,6.500022107005634,0.18182220127375165,100.00221070056341,0.18182220127375165,550.0,0.9125880873389028,319.5,0.2789929375780563,0.33804983245849607,0.309851520045094,-0.028198312413402093,0.2789929375780563,Calculated Mid IV,-0.23721015797352757,0.008537302917214433,0.38898784038123835,-0.16409222319545297,-0.11557191155468514,-22.499999936495385,1000,100.0169042541543,-261.5971248526645,901.7831093436744,-547.266700140097,-549.2376216605495,-549.9999999691215,7316.540903551782,0.1818489168257351,-0.4756311360957536,1.6396056533521355,-0.9950303638910855,-0.9986138575646354,-0.9999999999438574,13.302801642821422,0.366,0.634,0.0,122.51690419064968,-239.0971249161691,0.372,0.628,-0.04090909079362797,0.22275800761936307,0.014693553590888087,2.6715551983441665e-05,1000,122.51690419064968,99.93662594523278,22.580278245416906,74.03121789987335,382.3717232003845,592370.7815967618,123253.60655948258,19.52552375427795,339.00584198593754,-15.82759523387253,-242.51189666055993,-0.25524790055025426,528.4556602705964,339.00584198593754,157.03838152693834,242.51189666055996,4.613196980230713,0.2080683423096038,66,14027.686751178733,1168.71881452313,13.195795620198169,0.08331514919414092,0.22275800761936307,0.1817029562640596,0.04105505135530346,0.03550095228050536,0.61637425815625,-0.028777445879768236,-0.44093072120101806,-0.0004640870919095532,1271.624977424263,0.41557508672172233,0.26659262597421607,0.12349425680913177,0.19071023372927082,0.003627796765658821,Delta,0.41557508672172233,0.26659262597421607,Directional,High,90.93198992443325,91.5617128463476,48.740554156171285,36.6,47.3551637279597,47.3551637279597,47.3551637279597,53.46347607052897,90.80604534005037,82.87153652392946,75.71368597816961,68.45179680940386,False,False,False,False,False,-0.9995446305265128,False,Watchlist,Greek attribution is reliable under local shocks.,Buy -> Watchlist,"Positive valuation and scenario evidence, but the score or consistency is below the Candidate requirement. Composite score: 68.5. Primary risk driver: Directional.",117,27,8
AMZN260918P00285000,AMZN,Puts,285.0,2026-09-18,47,271.5799865722656,19.2,20.25,19.725,0.05323193916349813,21.0,165.0,Positive Edge,20.421169394636195,0.008452809611663937,17.116939463619474,0.008452809611663937,2025.0,1.0494145890391795,264.75,0.32257603889380637,0.3083565258789062,0.34133470902212126,0.032978183143215045,0.32257603889380637,Calculated Mid IV,-0.6244121451709055,0.01206825484903935,0.3697235342452134,-0.10742762378466368,-0.24375982406740904,-52.49999061713311,1000,91.79699538785033,-216.5378923096597,1453.44837286612,-1740.3345920387912,-1877.6028247031772,-2022.5052294159677,7131.402680587476,0.045331849574247074,-0.10693229249859738,0.7177522828968496,-0.8594244898956994,-0.9272112714583591,-0.9987680145264038,3.521680336092581,0.442,0.558,0.0,144.29698600498344,-164.0379016925266,0.454,0.546,-0.025925921292411412,0.07125777086665849,74.68005592423086,0.03687903996258314,1000,144.29698600498344,143.52782593710472,0.7691600678786855,43.20268402365576,256.4807743347126,1136079.0679744328,78354.12913851227,39.194934959653196,278.6822816731031,-15.043746464503348,-158.76728519135446,-0.5383590397937241,1060.8056149494346,278.6822816731031,149.26118352024525,158.76728519135446,9.729977372203074,0.0689689048476295,66,27428.282106663188,590.3268264074413,6.772108233688726,0.0215225592369138,0.07125777086665849,0.0708779387343727,0.00037983213228577064,0.019355523436865776,0.13762087983856944,-0.00742901059975474,-0.07840359762536023,-0.00026585631594751806,1657.2463427063406,0.6401013461988411,0.1681598411120976,0.09006577940398201,0.09580186185964483,0.005871171425434365,Delta,0.6401013461988411,0.1681598411120976,Directional,High,87.02770780856423,80.47858942065491,65.74307304785894,44.2,62.59445843828715,63.09823677581864,62.84634760705289,66.87657430730478,47.22921914357683,27.6448362720403,47.25020990764063,68.35124265323259,False,False,False,False,False,-0.9995446305265128,False,Watchlist,Greek attribution is reliable under local shocks.,Positive Edge -> Watchlist,"Positive valuation and scenario evidence, but the score or consistency is below the Candidate requirement. Composite score: 68.4. Primary risk driver: Directional.",120,28,12
AMZN260918C00285000,AMZN,Calls,285.0,2026-09-18,47,271.5799865722656,7.3,7.65,7.475,0.04682274247491646,2285.0,8971.0,Buy,8.374037267374021,0.09464539442797656,72.40372673740208,0.09464539442797656,765.0,1.0494145890391795,292.65,0.31708249473204436,0.330512066040039,0.34133470902212126,0.010822642982082242,0.31708249473204436,Calculated Mid IV,0.3727526889251469,0.012247904734357717,0.36883708808585985,-0.13404937750266688,0.12072841083386157,-17.499986259114486,1000,29.063959865387424,-249.57609868033916,856.8329450562686,-755.5921807739123,-762.5061016986097,-764.9999027932708,4854.021316823831,0.03799210439919925,-0.32624326624880934,1.120043065433032,-0.9877021970900814,-0.996740002220405,-0.9999998729323802,6.345125904344877,0.378,0.622,0.0,46.563946124501896,-232.07611242122468,0.384,0.616,-0.022875799031522204,0.06086790343072143,-43.33976687201466,-0.056653290028777316,1000,46.563946124501896,46.580137063015684,-0.016190938513780083,42.39529783572364,258.09229099162377,625648.4046571346,78646.76026892592,-23.398035274374937,282.8307886916485,-15.007677699492293,-198.1115750111914,0.2666363564258491,633.2646609413199,282.8307886916485,148.90331611225832,198.11157501119138,4.819025079664741,0.1257044047159772,66,15531.345717866945,608.7543736967842,6.539723626113984,0.039195211075398674,0.06086790343072143,0.06088906805622965,-2.1164625508209257e-05,-0.030585667025326717,0.3697134492701287,-0.019617879345741558,-0.2589693790995966,0.0003485442567658158,1267.929365836083,0.49944790144026674,0.22306509835044916,0.1174381792270189,0.15624811629830418,0.0038007046839608743,Delta,0.49944790144026674,0.22306509835044916,Directional,High,89.54659949622166,79.34508816120906,54.65994962216625,37.8,53.14861460957179,51.88916876574308,52.51889168765743,69.77329974811083,93.19899244332494,90.6801007556675,84.55079764903442,68.35052057094879,False,False,False,False,False,-0.9995446305265128,False,Watchlist,Greek attribution is reliable under local shocks.,Buy -> Watchlist,"Positive valuation and scenario evidence, but the score or consistency is below the Candidate requirement. Composite score: 68.4. Primary risk driver: Directional.",121,29,13
GOOGL260918P00320000,GOOGL,Puts,320.0,2026-09-18,47,356.1300048828125,4.1,4.45,4.275,0.08187134502923989,1542.0,6319.0,Buy,5.118800127406118,0.1502921634620489,66.88001274061178,0.1502921634620489,445.0,0.898548270610612,315.55,0.286347544797051,0.34064380065917965,0.309851520045094,-0.030792280614085676,0.286347544797051,Calculated Mid IV,-0.19788212969161428,0.0075043342009316095,0.3509358656412365,-0.1474927248156713,-0.09624924902795307,-17.50065894600512,1000,90.23348679763765,-226.48376915002447,789.700424865961,-443.3918460180085,-444.54352964347237,-444.99999998459117,6934.113008165564,0.20277188044412958,-0.5089522902247741,1.7746076963280004,-0.9963861708269854,-0.9989742239179157,-0.9999999999653734,15.582276422843963,0.358,0.642,0.0,107.73414574364277,-208.98311020401934,0.364,0.636,-0.03932732347416881,0.24209920391829837,23.353474057025878,0.052479716982080676,1000,107.73414574364277,81.80486568735421,25.929280056288576,75.4284749576766,375.27716880591623,500581.0527301072,124143.57218294502,16.28830846388929,297.98791948696055,-14.279291684219109,-217.97949800508061,-0.21257257419592876,440.8408661555039,297.9879194869606,141.67640897474428,217.97949800508061,3.841908808050922,0.24799894343959147,66,11744.998727958444,1191.248014051214,13.761115642756053,0.10142598067852503,0.24209920391829837,0.18383115884798698,0.05826804507031141,0.03660294036829054,0.6696357741280012,-0.0320882959195935,-0.48984156855074296,-0.0004776911779683792,1102.3266014303404,0.3999185591488804,0.27032634348141643,0.12852489343077628,0.1977449312411023,0.003485272697824579,Delta,0.3999185591488804,0.27032634348141643,Mixed,Moderate,90.17632241813602,92.44332493702771,47.48110831234257,35.8,45.96977329974811,45.843828715365234,45.90680100755667,54.78589420654912,90.42821158690177,84.76070528967254,76.65827036104115,67.99804366078925,False,False,False,False,False,-0.9995446305265128,False,Watchlist,Greek attribution is approximate; full repricing remains the primary result.,Buy -> Watchlist,"Positive valuation and scenario evidence, but the score or consistency is below the Candidate requirement. Composite score: 68.0. Primary risk driver: Mixed.",128,30,9
GOOGL260918P00365000,GOOGL,Puts,365.0,2026-09-18,47,356.1300048828125,19.9,21.45,20.674999999999997,0.07496977025392991,99.0,1100.0,Buy,26.57475234322851,0.23891619315750637,512.4752343228512,0.23891619315750637,2145.0,1.0249066211652293,343.55,0.16758920546214756,0.31925119232177723,0.309851520045094,-0.009399672276683257,0.16758920546214756,Calculated Mid IV,-0.7725894211447544,0.012738755165867395,0.34865440573898354,-0.2202217617472906,-0.3809153945907836,-77.49998020607443,1000,133.7340684095598,-372.4960588876581,2012.79233181319,-2124.6814614416867,-2139.8063236374805,-2145.0,9687.190415041154,0.062346885039421804,-0.17365783631126253,0.9383647234560318,-0.9905274878516022,-0.9975787056584993,-1.0,4.516172687664874,0.433,0.567,0.0,211.23404861563424,-294.99607868158364,0.447,0.553,-0.0361305269025988,0.09847741194202063,-378.7411659132914,-0.17656930811808458,1000,211.23404861563424,228.9411825937319,-17.707133978097655,92.25440733118691,791.7877013003864,1601069.3186709373,222478.3230201078,63.59429639834078,505.84036466011213,-14.186460957583076,-325.4657416863208,-0.8412758208171015,1721.1710331338024,505.84036466011213,140.7553602082397,325.4657416863208,15.204713017298511,0.13895608417803493,66,43955.603488404144,1166.7432463906862,14.706296451064816,0.02654367483996626,0.09847741194202063,0.10673248605768387,-0.008255074115663242,0.029647690628597102,0.2358230138275581,-0.006613734712159943,-0.15173228050644327,-0.0003922031798681126,2708.437212705774,0.6354849302245127,0.18676466350673462,0.051969216619802215,0.1201673570867737,0.005613832562176602,Delta,0.6354849302245127,0.18676466350673462,Directional,High,91.68765743073047,82.36775818639799,61.33501259445844,43.3,51.25944584382871,49.87405541561713,50.56675062972292,56.92695214105793,61.586901763224176,55.16372795969773,57.89252728799328,67.92657010915197,False,False,False,False,False,-0.9995446305265128,False,Watchlist,Greek attribution is reliable under local shocks.,Buy -> Watchlist,"Positive valuation and scenario evidence, but the score or consistency is below the Candidate requirement. Composite score: 67.9. Primary risk driver: Directional.",131,31,10
AMZN260918C00290000,AMZN,Calls,290.0,2026-09-18,47,271.5799865722656,5.8,6.15,5.975,0.058577405857740676,3839.0,15143.0,Buy,6.814865559093832,0.10810822099086691,66.48655590938316,0.10810822099086691,615.0,1.0678253713030248,296.15,0.31736918766775407,0.32996275512695306,0.34133470902212126,0.011371953895168208,0.31736918766775407,Calculated Mid IV,0.3167207814191684,0.011512267153223203,0.3469973339293863,-0.1253788881785868,0.10306523861101134,-17.500016485272774,1000,28.03502049891767,-230.50598649156535,747.812989134735,-610.2604867135265,-613.8178989681796,-614.9999821716539,4509.282356834937,0.04558539918523199,-0.37480648210010625,1.2159560798938789,-0.9922934743309374,-0.9980778845011051,-0.9999999710108193,7.332166433877946,0.368,0.632,0.0,45.535036984190434,-213.0059700062926,0.378,0.622,-0.02845531135816711,0.07404071054339909,-38.45153541046548,-0.06252282180563493,1000,45.535036984190434,46.773586410298975,-1.2385494261085415,45.53471637775739,252.47415386497846,532838.281224337,81220.21823721901,-19.880859980225228,265.84331517874296,-14.119036068799765,-185.29745883913344,0.2276261197144246,538.0727871791584,265.84331517874296,140.0863833199184,185.29745883913344,4.113977532526162,0.15242939762247198,66,13225.607260895327,713.5895367012546,8.64970282950419,0.053955143429304214,0.07404071054339909,0.07605461204926663,-0.0020139015058675473,-0.03232660159386216,0.4322655531361674,-0.022957782225690674,-0.30129668103924134,0.0003701237718933733,1133.4139220494794,0.4747363489290797,0.2345509526634679,0.12359684365497225,0.1634861326778764,0.0036297220746037084,Delta,0.4747363489290797,0.2345509526634679,Directional,High,89.67254408060454,80.60453400503779,52.896725440806044,36.8,49.496221662468514,48.740554156171285,49.1183879093199,63.35012594458438,95.84382871536525,97.35516372795969,85.51637279596976,67.72403022670026,False,False,False,False,False,-0.9995446305265128,False,Watchlist,Greek attribution is reliable under local shocks.,Buy -> Watchlist,"Positive valuation and scenario evidence, but the score or consistency is below the Candidate requirement. Composite score: 67.7. Primary risk driver: Directional.",133,32,14
META260918P00490000,META,Puts,490.0,2026-09-18,47,556.7100219726562,6.5,6.95,6.725,0.06691449814126398,247.0,4430.0,Buy,13.463045159692655,0.9371287999557776,651.3045159692655,0.9371287999557776,695.0,0.8801709699130712,483.05,0.29754337963834454,0.38150642913818356,0.4130862391333008,0.031579809995117225,0.29754337963834454,Calculated Mid IV,-0.19201178815631925,0.00450708826337919,0.5351917712205988,-0.26902175170395504,-0.14630505970064728,-22.50000147129727,1000,66.12803506977716,-379.2259271043449,1135.4692684209745,-692.7821225698286,-694.3652402497166,-694.9999999588729,10391.608604042543,0.09514825189895992,-0.5456488159774748,1.633768731540971,-0.9968088094529908,-0.9990866766182974,-0.9999999999408243,14.951954825960494,0.326,0.674,0.0,88.62803654107441,-356.72592563304767,0.342,0.658,-0.03237410283639895,0.12752235473535886,-585.1764808994883,-0.8419805480568177,1000,88.62803654107441,42.364320515793175,46.26371602528125,136.34876515082448,619.5736301575724,731381.7602484487,205932.45366751915,24.706872586317445,437.34433168989733,-21.7765129086732,-397.5872468432751,-0.3231240084732851,668.6881658149249,437.34433168989733,216.0624082147324,397.5872468432751,5.839948915997135,0.2815662966459054,66,18216.826202506745,2101.7357906768716,24.163410046649673,0.11537332394309499,0.12752235473535886,0.060955856857256366,0.06656649787810251,0.03554945695873014,0.629272419697694,-0.03133311209881036,-0.5720679810694607,-0.0004649266308968131,1725.522101478827,0.3875280213692065,0.25345623293673225,0.12521567126237332,0.2304156211633165,0.0033844532683714188,Delta,0.3875280213692065,0.25345623293673225,Mixed,Moderate,98.11083123425692,86.39798488664987,46.095717884130984,32.6,45.34005037783375,45.34005037783375,45.34005037783375,59.3198992443325,73.29974811083123,78.46347607052897,70.36104114189756,67.41099076406381,False,False,False,False,False,-0.9995446305265128,False,Watchlist,Greek attribution is approximate; full repricing remains the primary result.,Buy -> Watchlist,"Positive valuation and scenario evidence, but the score or consistency is below the Candidate requirement. Composite score: 67.4. Primary risk driver: Mixed.",141,33,9
META260918P00555000,META,Puts,555.0,2026-09-18,47,556.7100219726562,27.9,29.2,28.549999999999997,0.04553415061295975,63.0,974.0,Buy,44.29199434698654,0.5168491214721419,1509.1994346986542,0.5168491214721419,2920.0,0.9969283434729683,525.8,0.19224378627825975,0.3739686627197265,0.4130862391333008,0.03911757641357427,0.19224378627825975,Calculated Mid IV,-0.6783191673233667,0.00845520790321143,0.6486936921803774,-0.48408285286276487,-0.5230225257983322,-65.0010637850027,1000,88.73017429180697,-793.0880008081128,2844.55298268564,-2891.5531880532794,-2912.445153345341,-2920.0,14580.764180412098,0.030387045990344853,-0.2716054797288058,0.9741619803717946,-0.9902579411141369,-0.9974127237484045,-1.0,4.993412390552089,0.402,0.598,0.0,153.73123807680977,-728.0869370231102,0.414,0.586,-0.02226063828253517,0.05264768427288006,-1420.4692604068473,-0.48646207548179704,1000,153.73123807680977,164.75513087001823,-11.023892793208503,164.16422041539704,1116.937848593997,2247440.921198264,323845.94704745617,87.28185597788155,820.4492642788155,-26.394812702974473,-715.4260482458802,-1.1551284378241606,2362.271630246475,820.4492642788156,261.88429804618073,715.4260482458802,20.877096382228128,0.14409542159390415,66,61775.84402860389,1628.4887975963716,17.03027873909093,0.02636125532890068,0.05264768427288006,0.056422990023978846,-0.0037753057510988026,0.029891046567767653,0.2809757754379505,-0.009039319418826875,-0.24500892063215077,-0.0003955919307616988,4180.908337199579,0.5650139729752487,0.19623708488867803,0.06263813432982218,0.17111737224190876,0.004993435564342424,Delta,0.5650139729752487,0.19623708488867803,Directional,High,94.20654911838791,78.71536523929471,56.80100755667507,40.2,51.385390428211586,50.377833753148614,50.8816120906801,71.03274559193954,57.43073047858942,53.14861460957179,60.53736356003358,67.23486985726281,False,False,False,False,False,-0.9995446305265128,False,Watchlist,Greek attribution is reliable under local shocks.,Buy -> Watchlist,"Positive valuation and scenario evidence, but the score or consistency is below the Candidate requirement. Composite score: 67.2. Primary risk driver: Directional.",144,34,10
GOOGL260918P00310000,GOOGL,Puts,310.0,2026-09-18,47,356.1300048828125,2.67,2.88,2.775,0.07567567567567567,1658.0,16376.0,Positive Edge,3.0096409978537935,0.045014235365900546,12.964099785379357,0.045014235365900546,288.0,0.8704686371540304,307.12,0.30142396768812907,0.348090015258789,0.309851520045094,-0.038238495213695045,0.30142396768812907,Calculated Mid IV,-0.13485047368635106,0.005575061945881456,0.2744413862279886,-0.1156776666745312,-0.06541279413442966,-10.500227988717103,1000,68.22333678171226,-164.28115339885932,592.7547517158383,-287.38063936875284,-287.83726067326387,-287.9999999957299,6131.976864880496,0.236886586047612,-0.570420671523817,2.0581762212355494,-0.9978494422526142,-0.9994349328932773,-0.9999999999851733,21.29158633639061,0.333,0.667,0.0,78.72356477042936,-153.78092541014217,0.339,0.661,-0.03645912496082328,0.2733457110084353,55.2592369963329,0.19187235068171146,1000,78.72356477042936,50.20756723233767,28.5159975380917,72.52541451095924,333.1042152612274,348520.8769963968,116342.09564912703,11.099972065835074,221.37888129474595,-11.166794243188352,-170.96002357828965,-0.1444683067653414,300.4192430818083,221.37888129474595,110.79480293012111,170.96002357828965,2.6110332546210366,0.33381671896323684,66,8066.448160908887,1126.1723754712712,13.478426095828414,0.13961192745635642,0.2733457110084353,0.1743318306678391,0.09901388034059617,0.03854156967303845,0.7686766711623123,-0.03877359112218178,-0.5936111929801724,-0.0005016260651574354,806.1639841395861,0.3726527716348479,0.274607754315671,0.13743457300237957,0.2120660646490605,0.0032388363980409974,Delta,0.3726527716348479,0.274607754315671,Mixed,Moderate,88.41309823677582,93.95465994962217,44.962216624685134,33.300000000000004,43.32493702770781,43.19899244332493,43.26196473551637,56.549118387909324,90.93198992443325,97.98488664987406,81.82199832073887,67.22002099076407,False,False,False,False,False,-0.9995446305265128,False,Watchlist,Greek attribution is approximate; full repricing remains the primary result.,Positive Edge -> Watchlist,"Positive valuation and scenario evidence, but the score or consistency is below the Candidate requirement. Composite score: 67.2. Primary risk driver: Mixed.",146,35,11
META260918P00560000,META,Puts,560.0,2026-09-18,47,556.7100219726562,30.1,32.1,31.1,0.06430868167202572,170.0,2872.0,Buy,47.51860138165233,0.48033026111066446,1541.860138165233,0.48033026111066446,3210.0,1.0059096799006528,527.9,0.17131763587260543,0.3770203900146484,0.4130862391333008,0.036065849118652404,0.17131763587260543,Calculated Mid IV,-0.7456490193642964,0.008172637397320843,0.5587626597493807,-0.4881621481318976,-0.5745721430855653,-100.00006217798969,1000,49.80288671416616,-820.1305351879007,3005.9841163870556,-3187.6351974317854,-3204.8667097119364,-3210.0,14788.697405124181,0.015514917979491017,-0.25549237856320894,0.9364436499648161,-0.993032771785603,-0.9984008441470206,-1.0,4.607070842717813,0.41,0.59,0.0,149.80294889215583,-720.130473009911,0.42,0.58,-0.03115266734516813,0.04666758532465914,-1492.0572514510668,-0.46481534313117345,1000,149.80294889215583,143.51612485614993,6.286824036005913,170.7620852646221,1412.6736640159202,2400846.1326046074,383501.26233171474,95.94543904017027,793.0300965518138,-22.735592972900015,-721.4548387241315,-1.2689790388026638,2596.750334383046,793.0300965518138,225.57821771171817,721.4548387241315,22.93476364413015,0.15973587691588778,66,67578.35300297696,1905.5199907530714,24.05826199303192,0.028197194901585267,0.04666758532465914,0.04470907316390964,0.0019585121607495056,0.029889544872327187,0.2470498743152068,-0.007082739243894086,-0.22475228620689455,-0.0003953205728357208,4359.748251014838,0.5956193304919816,0.18189813973025085,0.05174111089079726,0.16548084824764714,0.005260570639323388,Delta,0.5956193304919816,0.18189813973025085,Directional,High,93.82871536523929,77.07808564231739,57.556675062972296,41.0,49.1183879093199,48.11083123425693,48.614609571788414,59.949622166246854,68.63979848866498,71.28463476070529,66.62468513853905,67.16385390428212,False,False,False,False,False,-0.9995446305265128,False,Watchlist,Greek attribution is reliable under local shocks.,Buy -> Watchlist,"Positive valuation and scenario evidence, but the score or consistency is below the Candidate requirement. Composite score: 67.2. Primary risk driver: Directional.",147,36,11
META260918P00525000,META,Puts,525.0,2026-09-18,47,556.7100219726562,15.05,16.0,15.525,0.061191626409017666,244.0,502.0,Buy,27.417011818578402,0.7135632386611501,1141.7011818578403,0.7135632386611501,1600.0,0.943040324906862,509.0,0.25371242307354297,0.3729921099853516,0.4130862391333008,0.04009412914794919,0.25371242307354297,Calculated Mid IV,-0.398688828129687,0.0073389996823305876,0.7430904410002473,-0.4072421196559044,-0.30579496199004336,-47.50000420203264,1000,99.50117563766362,-630.9679560445431,1973.1632382031223,-1586.7620213710843,-1595.9748190615626,-1599.9999999318504,12917.701532724079,0.06218823477353976,-0.39435497252783946,1.233227023876951,-0.9917262633569277,-0.9974842619134763,-0.9999999999574065,8.073563457952549,0.368,0.632,0.0,147.00117983969628,-583.4679518425105,0.375,0.625,-0.0296875026262704,0.09187573739981017,-1042.2000062201766,-0.6513750038876104,1000,147.00117983969628,130.66478457783126,16.336395261865,135.4999326796011,685.1307259518053,1444029.9900608123,220057.80727850564,51.30077779479399,712.1382417602777,-30.235738759300883,-601.8631286394611,-0.675367578478364,1388.4486143939296,712.1382417602777,299.99323389761685,601.8631286394613,12.206187266832014,0.15239143840027752,66,37052.912585408674,1736.7559067124844,17.359125659389804,0.04687231813988123,0.09187573739981017,0.08166549036114454,0.010210247038665625,0.03206298612174624,0.44508640110017356,-0.018897336724563053,-0.3761644553996632,-0.00042210473654897754,3014.6494059581173,0.46056719287152137,0.23622589092874816,0.09951181497414385,0.19964614374392795,0.00404895748165868,Delta,0.46056719287152137,0.23622589092874816,Directional,High,96.09571788413098,82.24181360201511,51.7632241813602,36.8,50.12594458438288,50.0,50.06297229219144,61.712846347607055,73.04785894206549,43.702770780856426,59.487825356843,67.12999160369438,False,False,False,False,False,-0.9995446305265128,False,Watchlist,Greek attribution is reliable under local shocks.,Buy -> Watchlist,"Positive valuation and scenario evidence, but the score or consistency is below the Candidate requirement. Composite score: 67.1. Primary risk driver: Directional.",148,37,12
AMZN260918C00300000,AMZN,Calls,300.0,2026-09-18,47,271.5799865722656,3.55,3.8,3.675,0.06802721088435375,13510.0,19623.0,Buy,4.389912835439894,0.15524021985260372,58.99128354398941,0.15524021985260372,380.0,1.1046469358307152,303.8,0.31710139089409956,0.3272772351074219,0.34133470902212126,0.014057473914699359,0.31710139089409956,Calculated Mid IV,0.21907513764841047,0.009558278688582384,0.2878580336822023,-0.10284165528890236,0.0718796414786838,-12.500076065848287,1000,29.08058341971986,-169.72232668058342,552.2927507895466,-379.1547941996897,-379.7805097941455,-379.9999995536959,3768.5054039122647,0.07652785110452595,-0.44663770179100903,1.453401975761966,-0.9977757742097096,-0.9994223941951198,-0.9999999988255155,9.917119483979643,0.344,0.656,0.0,41.580659485568155,-157.22225061473517,0.358,0.642,-0.03289493701539023,0.1094227881199162,-29.91070012426955,-0.07871236874807777,1000,41.580659485568155,43.42627725661271,-1.8456177710445556,54.947007680074705,247.70792717174956,371356.4604196005,85941.06157320586,-13.751551499781131,220.72146694959545,-11.712706591226631,-151.9896823514688,0.1587507494938137,372.18388192889137,220.72146694959545,116.21124113976356,151.9896823514688,2.8691655312167237,0.23142471111476004,66,9245.988834280553,825.8431861543552,10.498621009078171,0.08931907673222012,0.1094227881199162,0.11427967699108607,-0.004856888871169883,-0.036188293420476664,0.5808459656568301,-0.030822912082175344,-0.3999728482933389,0.0004177651302468782,863.975437900936,0.43078062824694124,0.25547192346792563,0.13450757514832085,0.175918985290524,0.003320887846288177,Delta,0.43078062824694124,0.25547192346792563,Directional,High,90.42821158690177,84.38287153652394,50.25188916876574,34.4,43.45088161209068,43.57682619647355,43.513853904282115,58.816120906801004,99.24433249370277,98.74055415617129,85.60033585222503,66.93162048698572,False,False,False,False,False,-0.9995446305265128,False,Watchlist,Greek attribution is reliable under local shocks.,Buy -> Watchlist,"Positive valuation and scenario evidence, but the score or consistency is below the Candidate requirement. Composite score: 66.9. Primary risk driver: Directional.",149,38,15
META260918P00515000,META,Puts,515.0,2026-09-18,47,556.7100219726562,12.1,12.85,12.475,0.06012024048096193,166.0,402.0,Buy,22.79237973807858,0.7737260496559206,994.237973807858,0.7737260496559206,1285.0,0.9250776520514932,502.15,0.2689296954847313,0.37546400909423827,0.4130862391333008,0.03762223003906251,0.2689296954847313,Calculated Mid IV,-0.32874121950516105,0.00653206954945939,0.7010558747490598,-0.3710190728350865,-0.25172495846087567,-37.499996335600905,1000,90.72271995932007,-569.0964780291159,1709.7168874168292,-1276.2830805621506,-1282.3586779056432,-1284.999999876281,12243.709843787288,0.07060133848974325,-0.4428766365985338,1.330518978534498,-0.993216405106732,-0.9979444964246251,-0.9999999999037206,9.528178866760536,0.363,0.637,0.0,128.222716294921,-531.596481693515,0.372,0.628,-0.02918287652575946,0.09978421501550273,-903.5152538485379,-0.7031247111661774,1000,128.222716294921,98.72788451401011,29.494831780910886,124.01235015299574,659.365591816381,1213430.541220314,208541.85826673065,42.300358234111485,633.8379514046585,-28.52538683723786,-548.3290877429744,-0.5559505445476365,1144.8534759735953,633.8379514046585,283.02344829762535,548.3290877429743,10.047915644892154,0.17186138899801037,66,30752.15118681196,1926.1567040048874,21.242591496170718,0.06263486064125877,0.09978421501550273,0.0768310385323036,0.022953176483199132,0.03291856671915291,0.4932591061514852,-0.02219874462041857,-0.4267152433797466,-0.00043264633816936693,2620.0918790637456,0.43695165239117234,0.24191439867793946,0.10802042880983241,0.2092785722991181,0.003834947821937695,Delta,0.43695165239117234,0.24191439867793946,Directional,High,96.59949622166248,83.6272040302267,50.377833753148614,36.3,48.99244332493703,49.1183879093199,49.05541561712846,62.59445843828715,68.38790931989924,40.68010075566751,57.22082283795131,66.89126364399664,False,False,False,False,False,-0.9995446305265128,False,Watchlist,Greek attribution is reliable under local shocks.,Buy -> Watchlist,"Positive valuation and scenario evidence, but the score or consistency is below the Candidate requirement. Composite score: 66.9. Primary risk driver: Directional.",150,39,13
META260918P00480000,META,Puts,480.0,2026-09-18,47,556.7100219726562,5.0,5.4,5.2,0.07692307692307698,284.0,2378.0,Buy,10.593719227181012,0.9617998568853724,519.3719227181011,0.9617998568853724,540.0,0.8622082970577023,474.6,0.3088645663322307,0.38672488281249995,0.4130862391333008,0.026361356320800833,0.3088645663322307,Calculated Mid IV,-0.15219528301602656,0.003752378067020627,0.46252770252068837,-0.2309484351096556,-0.11579852251089261,-19.999952969784296,1000,51.04104569163083,-310.234889987291,945.8953343310639,-538.6907724630624,-539.6447987425275,-539.9999999746778,9592.688292191779,0.09452045498450153,-0.5745090555320204,1.7516580265390072,-0.9975755045612267,-0.9993422198935694,-0.9999999999531072,17.764237578132924,0.316,0.684,0.0,71.0409986614151,-290.2349370175067,0.32,0.68,-0.037036949944044995,0.13155740492854648,-468.3308770264703,-0.8672794019008708,1000,71.0409986614151,23.300413617988713,47.740585043426385,136.5589704916451,554.9621636536093,585939.6755118526,196254.99148982437,19.583534437240946,364.1111915431103,-18.819871728575375,-341.31869224856,-0.25574838522715837,530.0257115610889,364.1111915431103,186.7271782686948,341.31869224856,4.622242439155814,0.33494060855050334,66,14582.007458480035,2007.9291713431944,22.965790004200173,0.13769909095578614,0.13155740492854648,0.043148914107386506,0.08840849082115998,0.03626580451340916,0.6742799843390931,-0.03485161431217662,-0.6320716523121481,-0.000473608120791034,1426.8050160606097,0.37147732562959657,0.25519337782286233,0.13087084511676733,0.23921887602479597,0.003239575405977872,Delta,0.37147732562959657,0.25519337782286233,Mixed,Moderate,98.2367758186398,86.14609571788414,44.584382871536526,31.6,44.33249370277078,44.33249370277078,44.33249370277078,56.04534005037783,74.81108312342569,68.89168765743074,66.58270361041143,66.51162048698573,False,False,False,False,False,-0.9995446305265128,False,Watchlist,Greek attribution is approximate; full repricing remains the primary result.,Buy -> Watchlist,"Positive valuation and scenario evidence, but the score or consistency is below the Candidate requirement. Composite score: 66.5. Primary risk driver: Mixed.",157,40,14
GOOGL260918P00315000,GOOGL,Puts,315.0,2026-09-18,47,356.1300048828125,3.25,3.65,3.45,0.11594202898550722,1172.0,2490.0,Buy,3.9616023566147476,0.08537050866157471,31.160235661474765,0.08537050866157471,365.0,0.8845084538823212,311.35,0.293809725388449,0.3461979443359374,0.309851520045094,-0.03634642429084345,0.293809725388449,Calculated Mid IV,-0.16387334463562742,0.0065072456150643415,0.3122378094942353,-0.13121653978208403,-0.07959123579318962,-19.99999943674822,1000,72.93610702843498,-199.3184344604559,686.524783199811,-364.0109270837882,-364.72932589949704,-364.99999999205113,6531.421708026627,0.19982495076283552,-0.546077902631386,1.8808898169857822,-0.9972902111884607,-0.99925842712191,-0.9999999999782223,17.89430604938802,0.338,0.662,0.0,92.93610646518319,-179.31843502370768,0.356,0.644,-0.05479451900478964,0.2546194697676252,41.77587136696021,0.11445444210126081,1000,92.93610646518319,65.07828399511185,27.857822470071344,77.47156335815274,356.09493032366794,419237.0698884524,121860.8317380374,13.488937028291195,258.3947530192548,-12.70469961359779,-193.92492414394198,-0.17578229489437167,365.07625676736797,258.39475301925484,126.05360673082926,193.92492414394198,3.17698343546251,0.2906728447712443,66,9757.807473728777,1174.1920071724485,13.936684361405156,0.12033359034124819,0.2546194697676252,0.17829666847975847,0.0763228012878667,0.036955991858332045,0.7079308301897391,-0.03480739620163778,-0.5313011620381972,-0.0004815953284777306,946.6265240968565,0.38566028679121844,0.2729637786832355,0.13316086494733773,0.20485895884753388,0.0033561107306744435,Delta,0.38566028679121844,0.2729637786832355,Mixed,Moderate,89.4206549118388,92.31738035264485,45.96977329974811,33.800000000000004,44.7103274559194,44.83627204030227,44.77329974811083,47.607052896725435,88.66498740554157,69.64735516372797,68.639798488665,66.30425692695215,False,False,False,False,False,-0.9995446305265128,False,Watchlist,Greek attribution is approximate; full repricing remains the primary result.,Buy -> Watchlist,"Positive valuation and scenario evidence, but the score or consistency is below the Candidate requirement. Composite score: 66.3. Primary risk driver: Mixed.",158,41,12
META260918P00505000,META,Puts,505.0,2026-09-18,47,556.7100219726562,9.5,10.25,9.875,0.0759493670886076,138.0,306.0,Buy,18.680974572469182,0.8225341046311397,843.0974572469182,0.8225341046311397,1025.0,0.9071149791961244,494.75,0.28179868141566433,0.3792786682128906,0.4130862391333008,0.0338075709204102,0.28179868141566433,Calculated Mid IV,-0.268030192890278,0.005708526197903422,0.6419866954333442,-0.331460864208651,-0.2048557379474528,-37.50002098345817,1000,73.33651843872691,-497.3995384501549,1464.7999885406111,-1019.5533000522081,-1023.4128174225978,-1024.9999998878902,11520.42176548959,0.07154782286705064,-0.485267842390395,1.4290731595518158,-0.994686146392398,-0.9984515291927784,-0.9999999998906246,11.23943586877033,0.348,0.652,0.0,110.83653942218507,-459.89951746669675,0.361,0.639,-0.03658538632532504,0.10813320919237568,-769.7609388081913,-0.7509862817640891,1000,110.83653942218507,71.97368645902979,38.86285296315529,128.79048013937876,648.0530078749434,1003602.4398760386,207845.34396220834,34.4884441138321,553.9256009786955,-26.12191052268292,-489.86601121396535,-0.452436896849446,933.4250765942983,553.9256009786953,259.17661465682784,489.86601121396535,8.177072257171753,0.20709928125312316,66,25211.365434147538,2073.2495180060896,24.09758047422899,0.08223471764833397,0.10813320919237568,0.07021823069173638,0.03791497850063931,0.0336472625500801,0.54041522046702,-0.025484790753836997,-0.4779180597209418,-0.00044140185058482535,2244.5703757009587,0.4158591268508559,0.2467846884977752,0.11546825061160729,0.2182448884281406,0.003643045611620945,Delta,0.4158591268508559,0.2467846884977752,Directional,High,96.85138539042822,83.87909319899244,48.36272040302267,34.8,48.11083123425693,47.858942065491185,47.984886649874056,56.42317380352645,66.24685138539043,35.642317380352644,52.77078085642318,65.91899244332494,False,False,False,False,False,-0.9995446305265128,False,Watchlist,Greek attribution is reliable under local shocks.,Buy -> Watchlist,"Positive valuation and scenario evidence, but the score or consistency is below the Candidate requirement. Composite score: 65.9. Primary risk driver: Directional.",166,42,15
META260918P00485000,META,Puts,485.0,2026-09-18,47,556.7100219726562,5.7,6.1,5.9,0.06779661016949143,91.0,456.0,Buy,11.969346006618878,0.962187869937521,586.9346006618878,0.962187869937521,610.0,0.8711896334853867,478.9,0.30285945074068393,0.3833374655151367,0.4130862391333008,0.02974877361816408,0.30285945074068393,Calculated Mid IV,-0.17090387959881548,0.004122329259462519,0.4982495096474946,-0.2492041651876516,-0.13011130599324294,-20.001599744819565,1000,60.42947966985373,-339.59853911902314,1037.2951809869498,-608.3174563471848,-609.5308108201637,-609.9999999700617,9997.02719860883,0.099064720770252,-0.5567189165885627,1.700483903257295,-0.9972417317166964,-0.9992308374101043,-0.9999999999509208,16.388569178047263,0.319,0.681,0.0,80.43107941467329,-319.59693937420366,0.325,0.675,-0.03278950777839273,0.13185422854864473,-526.505120992034,-0.8631231491672691,1000,80.43107941467329,33.140607051909186,47.290472362764106,137.95252130242426,590.3423240868547,654655.7688296586,201985.4598061439,21.990839303666498,400.0093252297742,-20.273362674902714,-368.29883573083026,-0.28735907579855774,595.1790922677554,400.0093252297742,201.14843825181708,368.2988357308303,5.19355504142451,0.30853689744037144,66,16280.777349858288,2064.7950272766084,24.24186970718435,0.12682410568648805,0.13185422854864473,0.054328864019523256,0.07752536452912148,0.036050556235518845,0.6557529921799577,-0.03323502077852904,-0.6037685831652955,-0.00047108045212878317,1569.8292465216018,0.3791361981480101,0.25481072295990626,0.1281339602364512,0.23461076199650374,0.003308356659128559,Delta,0.3791361981480101,0.25481072295990626,Mixed,Moderate,98.36272040302268,86.77581863979849,45.5919395465995,31.900000000000002,44.83627204030227,45.08816120906801,44.96221662468514,59.06801007556675,61.0831234256927,41.93954659949622,54.03022670025189,65.68550377833753,False,False,False,False,False,-0.9995446305265128,False,Watchlist,Greek attribution is approximate; full repricing remains the primary result.,Buy -> Watchlist,"Positive valuation and scenario evidence, but the score or consistency is below the Candidate requirement. Composite score: 65.7. Primary risk driver: Mixed.",170,43,16
META260918P00495000,META,Puts,495.0,2026-09-18,47,556.7100219726562,7.35,7.95,7.65,0.07843137254901968,116.0,292.0,Buy,15.077925974289457,0.8965944621747743,712.7925974289457,0.8965944621747743,795.0,0.8891523063407556,487.05,0.29217200173291186,0.3808350491333008,0.4130862391333008,0.032251189999999985,0.29217200173291186,Calculated Mid IV,-0.21512869070702417,0.004904263008192672,0.5718411726206957,-0.2893360128404157,-0.1640677265782678,-29.999983031201527,1000,66.84241291295628,-419.8221523981002,1239.5091945171387,-791.9927116991772,-794.1422732000449,-794.9999999442036,10774.860568186908,0.08407850680875004,-0.5280781791171072,1.5591310622857082,-0.9962172474203488,-0.9989210983648361,-0.9999999999298159,13.553283733568438,0.339,0.661,0.0,96.8423959441578,-389.82216936689866,0.349,0.651,-0.03773582771220318,0.12181433452095321,-645.9501845159893,-0.8125159553660243,1000,96.8423959441578,52.32571322420434,44.51668271995346,134.98744391656925,621.3191294983158,815211.9521095795,207893.41177507804,27.681410615438892,475.88409687397746,-23.267746902918212,-427.6096933768504,-0.3623539854434321,749.193635371662,475.88409687397746,230.85814752154886,427.6096933768504,6.548967916361338,0.2550176199417809,66,20335.385278918726,2117.511140605294,24.987938918129984,0.10412938390700047,0.12181433452095321,0.06581850720025703,0.055995827320696176,0.03481938442193571,0.598596348269154,-0.02926760616719272,-0.5378738281469816,-0.0004557911766584052,1890.0945410604002,0.39637892131646585,0.2517779330799993,0.12214105829438059,0.2262371982392735,0.0034648890698806894,Delta,0.39637892131646585,0.2517779330799993,Mixed,Moderate,97.73299748110831,85.51637279596977,46.59949622166247,33.900000000000006,46.221662468513856,46.095717884130984,46.15869017632242,55.793450881612095,63.9168765743073,34.886649874055415,51.53232577665827,65.6664441645676,False,False,False,False,False,-0.9995446305265128,False,Watchlist,Greek attribution is approximate; full repricing remains the primary result.,Buy -> Watchlist,"Positive valuation and scenario evidence, but the score or consistency is below the Candidate requirement. Composite score: 65.7. Primary risk driver: Mixed.",171,44,17
AMZN260918C00295000,AMZN,Calls,295.0,2026-09-18,47,271.5799865722656,4.4,4.9,4.65,0.1075268817204301,2687.0,6364.0,Buy,5.49471295687988,0.12136999119997544,59.47129568798797,0.12136999119997544,490.00000000000006,1.0862361535668699,299.9,0.31528003766591817,0.3297796514892578,0.34133470902212126,0.011555057532863455,0.31528003766591817,Calculated Mid IV,0.2637269010293528,0.01063426850104036,0.31842313491176677,-0.11368126955057388,0.08623913878477131,-24.999996489789034,1000,21.218951664250113,-209.23050985330693,644.5002579849129,-488.2136585959958,-489.5235376697156,-489.99999779908103,4142.635681373836,0.043303982988265544,-0.42700104051695287,1.3153066489488021,-0.9963544052979505,-0.9990276278973786,-0.9999999955083285,8.45435853341599,0.352,0.648,0.0,46.21894815403914,-184.2305133635179,0.366,0.634,-0.05102040099956945,0.09432438398783496,-38.252344023737855,-0.07806600821170989,1000,46.21894815403914,48.23857099337216,-2.0196228393330196,51.43224333602495,254.53251346577062,445437.97205617,84358.41560023764,-16.554384492516785,245.56841456080477,-12.956375416631948,-168.0095482687931,0.19046461050926983,448.04217789290175,245.5684145608048,128.5506860529865,168.0095482687931,3.442342774017018,0.18938308112986826,66,11074.017308131859,791.9448635192803,9.756390264180055,0.07151378235048814,0.09432438398783496,0.0984460632517799,-0.004121679263944938,-0.03378445814799343,0.501160029715928,-0.02644158248292234,-0.3428766291199859,0.00038870328675361186,993.6131695495031,0.4509221411548327,0.24714689990687594,0.129376994984145,0.1690894941992037,0.0034644697549427116,Delta,0.4509221411548327,0.24714689990687594,Directional,High,89.92443324937027,80.10075566750629,50.88161209068011,35.199999999999996,46.095717884130984,45.5919395465995,45.84382871536524,48.99244332493703,94.45843828715365,85.13853904282117,76.19647355163728,65.65783375314862,False,False,False,False,False,-0.9995446305265128,False,Watchlist,Greek attribution is reliable under local shocks.,Buy -> Watchlist,"Positive valuation and scenario evidence, but the score or consistency is below the Candidate requirement. Composite score: 65.7. Primary risk driver: Directional.",172,45,16
AAPL260918P00290000,AAPL,Puts,290.0,2026-09-18,47,308.9100036621094,4.4,4.85,4.625,0.09729729729729715,3576.0,8733.0,Buy,7.9339072370793815,0.6358571622844087,308.3907237079382,0.6358571622844087,484.99999999999994,0.9387847481857744,285.15,0.17952551392420024,0.27747304565429687,0.26227175804921343,-0.015201287605083436,0.17952551392420024,Calculated Mid IV,-0.33357873032913476,0.017773082661108375,0.3920648230043116,-0.16262731762153873,-0.1386446005797737,-22.49999743462947,1000,230.9381217399695,-241.36590519824477,1044.498876955393,-484.9635681913737,-484.9944735573507,-484.99999999999994,7366.489579376818,0.47616107575251454,-0.49766166020256664,2.15360593186679,-0.999924882868812,-0.9999886052728882,-1.0,15.188638307993442,0.386,0.614,0.0,253.438119174599,-218.8659077636153,0.395,0.605,-0.04639174728789582,0.5225528230404104,-77.45260196796872,-0.15969608653189415,1000,253.438119174599,298.2132009509065,-44.77508177630754,91.03526676743432,510.92915582570157,686107.7652148968,169903.6527149516,23.817225458396273,531.0018887293767,-15.95279512560162,-240.3469127128721,-0.30620539839276534,644.6099865911588,531.0018887293767,158.2805909765714,240.3469127128721,5.534172136776231,0.2476340617741527,66,16150.176489708281,1433.297297292376,15.716087090443736,0.08874808880297663,0.5225528230404104,0.6148725792802198,-0.09231975623980937,0.04910768135751809,1.094849255112117,-0.03289236108371468,-0.4955606447688085,-0.0006313513368922997,1579.7735511467554,0.4080394852308024,0.3361253189382258,0.10019194894209726,0.1521401042183575,0.0035031426705169127,Delta,0.4080394852308024,0.3361253189382258,Mixed,High,95.21410579345087,97.48110831234257,47.858942065491185,38.6,18.387909319899247,14.73551637279597,16.56171284634761,50.88161209068011,95.59193954659949,90.30226700251889,78.92527287993283,65.08051217464316,False,False,False,False,False,-0.9995446305265128,False,Watchlist,Greek attribution is reliable under local shocks.,Buy -> Watchlist,"Positive valuation and scenario evidence, but the score or consistency is below the Candidate requirement. Composite score: 65.1. Primary risk driver: Mixed.",182,46,1
AAPL260918P00275000,AAPL,Puts,275.0,2026-09-18,47,308.9100036621094,2.05,2.31,2.1799999999999997,0.11926605504587168,6943.0,11600.0,Buy,3.1692352359812404,0.3719633056195845,85.92352359812404,0.3719633056195845,231.0,0.890226916383062,272.69,0.22680190618664373,0.29999479309082033,0.26227175804921343,-0.0377230350416069,0.22680190618664373,Calculated Mid IV,-0.15751936935903435,0.009430433922585798,0.26281328544311816,-0.10484762240656513,-0.0654643160549831,-12.999968881026325,1000,131.18160105464918,-148.03993595168816,651.0924533126746,-230.97096200832615,-230.99567155581678,-231.0,6133.255018079376,0.5678857188512952,-0.6408655236003817,2.818582048972618,-0.9998742944083384,-0.9999812621463932,-1.0,26.550887524153143,0.353,0.647,0.0,144.18156993567553,-135.03996707066187,0.36,0.64,-0.056276921562884524,0.6241626404141798,45.25807745652514,0.19592241323171072,1000,144.18156993567553,127.20488918093828,16.976680754737252,78.8105656324408,399.5635549927496,364230.82075500535,129180.20984766631,11.24674325124634,281.7506855683728,-10.693656387821907,-154.95430115466263,-0.14458209619632575,304.3915853693342,281.7506855683728,106.10041935839172,154.95430115466263,2.6130898163332685,0.354665784679868,66,7770.611411719764,1287.0348591618629,15.547734409898318,0.16562851891174685,0.6241626404141798,0.5506705159347978,0.07349212447938204,0.048687200221845625,1.2196999375254232,-0.04629288479576583,-0.670797840496375,-0.0006258965203304145,849.8100812670947,0.3581877787510786,0.33154547325241573,0.12485191891368541,0.18233991873057176,0.0030749103522484294,Delta,0.3581877787510786,0.33154547325241573,Mixed,Moderate,93.07304785894208,98.99244332493703,41.81360201511335,35.3,25.56675062972292,19.269521410579348,22.418136020151135,47.103274559193956,98.11083123425692,94.96221662468514,80.05877413937867,65.03261544920235,False,False,False,False,False,-0.9995446305265128,False,Watchlist,Greek attribution is approximate; full repricing remains the primary result.,Buy -> Watchlist,"Positive valuation and scenario evidence, but the score or consistency is below the Candidate requirement. Composite score: 65.0. Primary risk driver: Mixed.",183,47,2
META260918P00475000,META,Puts,475.0,2026-09-18,47,556.7100219726562,4.3,4.7,4.5,0.08888888888888896,173.0,499.0,Buy,9.332546993493096,0.9856482964878928,463.25469934930965,0.9856482964878928,470.0,0.8532269606300179,470.3,0.3130152411426803,0.3883422982788086,0.4130862391333008,0.024743940854492164,0.3130152411426803,Calculated Mid IV,-0.13408843184526179,0.0034028201556734875,0.425076947980617,-0.21113290479645686,-0.10191708244534572,-20.000130151171636,1000,45.31175599906502,-280.60137673889517,858.457800867224,-469.11525105826735,-469.75505726069366,-469.9999999857196,9190.891740827878,0.09640799148737238,-0.5970242058274364,1.8265059592919668,-0.9981175554431221,-0.9994788452355183,-0.9999999999696162,19.55508881027208,0.307,0.693,0.0,65.31188615023665,-260.6012465877235,0.317,0.683,-0.04255346840674816,0.1389614598941205,-417.9429433502446,-0.8892403050005204,1000,65.31188615023665,17.891132181858612,47.420753968378044,133.60656579049657,538.4697894730014,519114.8725385709,189230.9230198142,17.25365839623823,330.19191546254575,-17.296031334278172,-312.03331999868357,-0.22509034396365918,466.9679315449714,330.19191546254575,171.60792447872694,312.03331999868357,4.068147447300171,0.3645261059357418,66,12897.785856458715,1940.5389830270578,22.140237919497846,0.15045520251488054,0.1389614598941205,0.03806623868480556,0.10089522120931499,0.03670991148135794,0.702535990345842,-0.03680006666867696,-0.6639006808482629,-0.000478915625454594,1284.8692389322277,0.3634361516297475,0.25698483974676445,0.13356061401340674,0.2428521989194748,0.0031661956906065764,Delta,0.3634361516297475,0.25698483974676445,Mixed,Moderate,98.61460957178842,86.52392947103274,43.702770780856426,30.7,42.69521410579345,42.69521410579345,42.69521410579345,52.51889168765743,68.76574307304786,43.513853904282115,54.932829554995806,64.96604114189756,False,False,False,False,False,-0.9995446305265128,False,Watchlist,Greek attribution is approximate; full repricing remains the primary result.,Buy -> Watchlist,"Positive valuation and scenario evidence, but the score or consistency is below the Candidate requirement. Composite score: 65.0. Primary risk driver: Mixed.",185,48,18
META260918P00565000,META,Puts,565.0,2026-09-18,47,556.7100219726562,32.75,34.55,33.65,0.0534918276374442,32.0,750.0,Buy,50.85505635245721,0.4719263777845793,1630.5056352457214,0.4719263777845793,3454.9999999999995,1.0148910163283371,530.45,0.13658918280172513,0.37283952362060546,0.4130862391333008,0.04024671551269532,0.13658918280172513,Calculated Mid IV,-0.8383346031033184,0.0069656075917121155,0.37969806523025545,-0.4896553639217934,-0.6442982451748371,-89.99998059682497,1000,47.65058274023212,-845.1918130168921,3185.3650702766586,-3447.966183556226,-3453.9206965717776,-3454.9999999999995,15041.667150436018,0.013791775033352275,-0.2446286000048892,0.9219580521784823,-0.9979641631132349,-0.9996876111640457,-1.0,4.3535939653939275,0.424,0.576,0.0,137.65056333705706,-755.191832420067,0.434,0.566,-0.026049198436128792,0.03984097346948107,-1582.8550525054893,-0.458134602751227,1000,137.65056333705706,43.243622064902695,94.40694127215438,183.77035037391363,1982.2890979978883,2576744.826793135,496479.2639299682,107.87163862414675,675.9062212656546,-15.449601924983135,-723.6616623400184,-1.4229735598971611,2919.5313135251986,675.9062212656546,153.28800400092175,723.6616623400184,25.717967964924718,0.1926769227466955,66,75360.30318541279,2350.90948176508,26.92121209505865,0.031195594794530185,0.03984097346948107,0.01251624372356084,0.02732472974592023,0.03122189251060688,0.19563132308702016,-0.004471664811861979,-0.20945344785528755,-0.00041185920691668923,4498.105169096718,0.6490580375005952,0.1502646549727929,0.034078350380523474,0.16088144566111595,0.005717511484972514,Delta,0.6490580375005952,0.16088144566111595,Directional,High,93.57682619647355,76.82619647355163,58.18639798488665,42.4,43.19899244332493,40.17632241813602,41.687657430730475,66.3727959697733,50.81863979848866,48.36272040302267,55.18471872376154,64.79408900083963,False,False,False,False,False,-0.9995446305265128,False,Watchlist,Greek attribution is reliable under local shocks.,Buy -> Watchlist,"Positive valuation and scenario evidence, but the score or consistency is below the Candidate requirement. Composite score: 64.8. Primary risk driver: Directional.",188,49,19
AAPL260918P00285000,AAPL,Puts,285.0,2026-09-18,47,308.9100036621094,3.4,3.8,3.5999999999999996,0.11111111111111109,6763.0,3865.0,Buy,6.0104169981653826,0.5816886837277323,221.04169981653828,0.5816886837277323,380.0,0.922598804251537,281.2,0.1964658782987446,0.28443098388671867,0.26227175804921343,-0.022159225837505236,0.1964658782987446,Calculated Mid IV,-0.2598852973681505,0.014563321659927358,0.35157380936310945,-0.1418451387299749,-0.1080113651425992,-20.000161481160017,1000,195.2526088176244,-211.21419546324586,900.6835183891217,-379.9648118923268,-379.9942247834049,-380.0,6974.17285596973,0.5138226547832221,-0.5558268301664364,2.37021978523453,-0.9999073997166494,-0.9999848020615916,-1.0,18.353086463078238,0.375,0.625,0.0,215.2527702987844,-191.21403398208585,0.385,0.615,-0.05263200389778952,0.5664546586810116,-25.789090998913878,-0.06786602894451021,1000,215.2527702987844,229.48352247134983,-14.23075217256541,75.96626164813901,429.0736763426871,561665.5090187765,141820.7223013546,18.55557971166901,435.1046723322115,-14.305249089473467,-209.6329305290299,-0.23854995402728307,502.2042559081329,435.1046723322115,141.93395339950058,209.63293052902992,4.311408341382893,0.25250032274389406,66,12657.92769007203,1429.7549850231082,17.412202147788804,0.11295332222070642,0.5664546586810116,0.6039040065035521,-0.03744934782254055,0.04883047292544477,1.1450122956110829,-0.03764539234071965,-0.5516656066553418,-0.0006277630369139029,1293.1872205102577,0.3883461326736405,0.3364591494807153,0.10975514693340162,0.1621056311137333,0.0033339397985093946,Delta,0.3883461326736405,0.3364591494807153,Mixed,Moderate,94.58438287153652,98.11083123425692,45.843828715365234,37.5,21.662468513853906,17.38035264483627,19.521410579345087,48.2367758186398,97.98488664987406,75.94458438287154,74.05541561712846,64.78746851385391,False,False,False,False,False,-0.9995446305265128,False,Watchlist,Greek attribution is approximate; full repricing remains the primary result.,Buy -> Watchlist,"Positive valuation and scenario evidence, but the score or consistency is below the Candidate requirement. Composite score: 64.8. Primary risk driver: Mixed.",189,50,3
AAPL260918P00280000,AAPL,Puts,280.0,2026-09-18,47,308.9100036621094,2.62,3.0,2.81,0.1352313167259786,5667.0,7288.0,Buy,4.430078385138131,0.4766927950460437,143.0078385138131,0.4766927950460437,300.0,0.9064128603172994,277.0,0.2123594573218397,0.29315892395019527,0.26227175804921343,-0.03088716590098184,0.2123594573218397,Calculated Mid IV,-0.20265949349840723,0.011768808212074551,0.3070952019316925,-0.12268742860002825,-0.08423114954484077,-18.99925726544467,1000,158.67209393701063,-183.70220006009674,769.3517360972427,-299.968751612003,-299.99463135597085,-300.0,6558.055816822014,0.5289069797900354,-0.6123406668669891,2.5645057869908094,-0.9998958387066768,-0.9999821045199029,-1.0,21.86018605607338,0.364,0.636,0.0,177.6713512024553,-164.70294279465207,0.373,0.627,-0.06333085755148223,0.5922378373415177,15.664255423197517,0.0522141847439917,1000,177.6713512024553,172.08217826926654,5.589172933188768,78.23285862767378,404.842650210852,454666.20942486497,135106.15352768276,14.469708075132596,351.613701903284,-12.495451142317027,-181.31975072798176,-0.18602983885130298,391.6206925354124,351.61370190328404,123.97748330327322,181.31975072798176,3.362191379328005,0.29715459545275374,66,9941.61637525249,1384.0974889078498,16.130078363392258,0.13922258078206096,0.5922378373415177,0.5736072608975551,0.018630576443962557,0.04823236025044199,1.1720456730109465,-0.04165150380772342,-0.6043991690932725,-0.0006200994628376765,1051.8938198492792,0.37230059265062115,0.3342672951093724,0.11786121466236711,0.17237457555740957,0.00319632202022991,Delta,0.37230059265062115,0.3342672951093724,Mixed,Moderate,93.70277078085643,98.2367758186398,43.07304785894207,36.4,23.67758186397985,18.261964735516372,20.969773299748113,44.45843828715365,97.35516372795969,87.90931989924434,76.57430730478589,64.69173803526449,False,False,False,False,False,-0.9995446305265128,False,Watchlist,Greek attribution is approximate; full repricing remains the primary result.,Buy -> Watchlist,"Positive valuation and scenario evidence, but the score or consistency is below the Candidate requirement. Composite score: 64.7. Primary risk driver: Mixed.",190,51,4
AAPL260918P00300000,AAPL,Puts,300.0,2026-09-18,47,308.9100036621094,7.3,7.8,7.55,0.06622516556291391,10541.0,23735.0,Buy,12.848822758806506,0.6472849690777572,504.8822758806506,0.6472849690777572,780.0,0.9711566360542494,292.2,0.13588450680423342,0.2662426892089844,0.26227175804921343,-0.003970931159770985,0.13588450680423342,Calculated Mid IV,-0.5539720917046713,0.02481367525323078,0.4143143497058474,-0.20563005161485917,-0.23007790139574044,-25.000170816388145,1000,295.4118270158079,-311.1631830689287,1362.869165350065,-779.9955502450695,-779.999586114672,-780.0,8067.235359609301,0.3787331115587281,-0.3989271577806778,1.747268160705213,-0.9999942951859865,-0.9999994693777846,-1.0,10.34260943539654,0.413,0.587,0.0,320.411997832196,-286.1630122525405,0.418,0.582,-0.03205150104665147,0.41078461260537946,-209.4704488648427,-0.26855185751902916,1000,320.411997832196,459.6381011951316,-139.2261033629356,135.67389347104353,1015.977476272235,987008.6550728066,291927.43504617666,39.55311596986783,741.351890216283,-16.858110064063464,-303.9006532816004,-0.5081416453554407,1070.4997355595356,741.3518902162831,167.2629531489343,303.90065328160034,9.183846365943593,0.2957698836234041,66,26509.886091252814,1495.262782445334,14.572335422757199,0.056403968591125335,0.41078461260537946,0.5892796169168354,-0.17849500431145587,0.050709123038292093,0.9504511413029268,-0.021612961620594184,-0.389616222155898,-0.0006514636478915907,2292.199078572297,0.4670186571343967,0.3234238671267752,0.07297051757525115,0.13258039239370334,0.0040065657698736094,Delta,0.4670186571343967,0.3234238671267752,Directional,High,95.59193954659949,96.4735516372796,51.63727959697732,41.3,5.037783375314862,4.534005037783375,4.785894206549118,59.44584382871536,98.74055415617129,99.49622166246851,85.8942065491184,64.09802267002519,False,False,False,False,False,-0.9995446305265128,False,Watchlist,Greek attribution is reliable under local shocks.,Buy -> Watchlist,"Positive valuation and scenario evidence, but the score or consistency is below the Candidate requirement. Composite score: 64.1. Primary risk driver: Directional.",200,52,5
AAPL260918P00295000,AAPL,Puts,295.0,2026-09-18,47,308.9100036621094,5.7,6.2,5.95,0.08403361344537814,2003.0,4784.0,Buy,10.213109599907796,0.6472757419206121,401.31095999077957,0.6472757419206121,620.0,0.9549706921200118,288.8,0.1607398630189421,0.272193557434082,0.26227175804921343,-0.00992179938486859,0.1607398630189421,Calculated Mid IV,-0.42852836940886774,0.02122312006709024,0.41918116818564044,-0.184404833199741,-0.17811931252030333,-25.000001466487465,1000,263.29786348638675,-279.86029322917295,1198.9121079771296,-619.9771812795314,-619.9964793876496,-620.0,7729.289030914599,0.4246739733651399,-0.4513875697244726,1.9337292064147271,-0.9999631956121473,-0.9999943215929834,-1.0,12.466595211152578,0.404,0.596,0.0,288.2978649528742,-254.8602917626855,0.411,0.589,-0.04032258301046365,0.46499655637560355,-138.01309650439282,-0.2226017685554722,1000,288.2978649528742,374.69290018312785,-86.39503523025367,116.59465323251959,766.2595528961322,828255.0069505956,219391.12905239643,30.596545467570856,634.0777824105646,-17.05613690443822,-272.5319029858972,-0.39338780467215495,828.0913659753659,634.0777824105646,169.22773769464928,272.5319029858972,7.10985449306712,0.26488355302569616,66,20685.713956248834,1419.2952726467322,15.85761504306032,0.06861234162130454,0.46499655637560355,0.6043433873921417,-0.13934683101653816,0.0493492668831788,1.022706100662201,-0.02750989823296487,-0.4395675854611245,-0.000634496459148637,1911.038643559544,0.43332005282370645,0.33179746759569284,0.08855275546884905,0.1426093103372693,0.0037204137744824162,Delta,0.43332005282370645,0.33179746759569284,Directional,High,95.46599496221663,96.85138539042822,49.496221662468514,40.400000000000006,12.594458438287154,10.327455919395465,11.460957178841308,54.34508816120906,91.81360201511335,79.59697732997482,75.25188916876574,64.06377833753149,False,False,False,False,False,-0.9995446305265128,False,Watchlist,Greek attribution is reliable under local shocks.,Buy -> Watchlist,"Positive valuation and scenario evidence, but the score or consistency is below the Candidate requirement. Composite score: 64.1. Primary risk driver: Directional.",201,53,6
AAPL260918P00305000,AAPL,Puts,305.0,2026-09-18,47,308.9100036621094,9.15,9.75,9.45,0.06349206349206346,2145.0,4057.0,Buy,15.830580468086993,0.6236492787781531,608.0580468086993,0.6236492787781531,975.0,0.9873425799884868,295.25,0.09512731800240351,0.2613599255371094,0.26227175804921343,0.0009118325121040272,0.09512731800240351,Calculated Mid IV,-0.7502376543874626,0.026500871714393946,0.30976643026109585,-0.2287984090491661,-0.31059391970483685,-30.000019776110776,1000,312.93370169655634,-341.49727641018757,1538.9662593598894,-974.9999999997156,-974.9999999999898,-975.0,8370.2112427439,0.3209576427656988,-0.35025361683096157,1.5784269326768061,-0.9999999999997082,-0.9999999999999897,-1.0,8.584832043839898,0.43,0.57,0.0,342.9337214726671,-311.4972566340768,0.436,0.564,-0.030769251052421308,0.3517268938181201,-295.1243451121429,-0.3026916360124543,1000,342.9337214726671,493.8948582339258,-150.96113676125867,208.49358256860603,1532.3451222351512,1167959.4908812891,413971.64331006,53.56630305623517,791.759831518194,-12.604141225620436,-338.1411687337626,-0.6859663811203961,1449.7647492623908,791.7598315181939,125.05588558219097,338.1411687337626,12.397743648831156,0.35444006966174474,66,35190.79087584769,2425.421226544723,25.232621113811774,0.06892204369891981,0.3517268938181201,0.5065588289578726,-0.1548319351397525,0.05493979800639505,0.8120613656596861,-0.012927324333969679,-0.34681145511155137,-0.0007035552626875858,2717.1193787453694,0.5335668210249268,0.2913967776726061,0.04602517156972895,0.12444840347423357,0.004562826258504629,Delta,0.5335668210249268,0.2913967776726061,Directional,High,95.088161209068,95.96977329974811,53.778337531486144,43.0,1.1335012594458438,1.1335012594458438,1.1335012594458438,60.32745591939547,92.56926952141058,77.07808564231739,76.65827036104115,62.686356003358526,False,False,False,False,False,-0.9995446305265128,False,Watchlist,Greek attribution is reliable under local shocks.,Buy -> Watchlist,"Positive valuation and scenario evidence, but the score or consistency is below the Candidate requirement. Composite score: 62.7. Primary risk driver: Directional.",226,54,7
GOOGL260918P00370000,GOOGL,Puts,370.0,2026-09-18,47,356.1300048828125,22.8,24.15,23.475,0.05750798722044719,81.0,1134.0,Buy,30.15920116468098,0.24882820557685223,600.9201164680981,0.24882820557685223,2415.0,1.0389464378935203,345.85,0.0922540086405571,0.310279114074707,0.309851520045094,-0.00042759402961300985,0.0922540086405571,Calculated Mid IV,-0.9443486117086636,0.004761089059610863,0.07173212166793023,-0.20042558679121059,-0.46328592211913117,-67.50000106220213,1000,114.09769870625799,-367.7219539483609,2203.5774323138917,-2414.9667180357606,-2414.9959084790894,-2415.0,9915.164964899162,0.047245423894930846,-0.1522658194403151,0.912454423318382,-0.9999862186483481,-0.999998305788443,-1.0,4.105658370558659,0.452,0.548,0.0,181.59769976846013,-300.22195288615876,0.459,0.541,-0.027950310998841463,0.0751957348937723,-486.8224177618401,-0.2015827816819214,1000,181.59769976846013,-33.36153460262673,214.95923437108684,66.69449988681208,1847.203966751879,1791703.0798635045,352571.61200608173,77.73234252596669,189.05701497002138,-2.918721022009759,-296.20897471873013,-1.0231963578749255,2103.815339905536,189.05701497002138,28.95899336900842,296.20897471873013,18.49263534844368,0.19678015624828937,66,52925.26197329729,1383.7717323634893,11.0671034199637,0.026145770106185816,0.0751957348937723,-0.013814300042495542,0.08901003493626784,0.032187305393775026,0.07828447824845607,-0.0012085801333373742,-0.12265381975930854,-0.0004236837920807145,2636.53295831174,0.7979476733917558,0.07170667613845454,0.010983740323713544,0.11234791273324443,0.007013997412831559,Delta,0.7979476733917558,0.11234791273324443,Directional,High,91.93954659949623,80.9823677581864,62.72040302267003,45.2,8.564231738035264,6.801007556675064,7.682619647355164,63.72795969773299,59.88664987405542,55.41561712846348,59.67674223341729,59.7375986565911,False,False,False,False,False,-0.9995446305265128,False,Watchlist,Greek attribution is reliable under local shocks.,Buy -> Watchlist,"Positive valuation and scenario evidence, but the score or consistency is below the Candidate requirement. Composite score: 59.7. Primary risk driver: Directional.",278,55,13
MSFT260918P00425000,MSFT,Puts,425.0,2026-09-18,47,464.7200012207031,6.2,6.75,6.475,0.08494208494208492,462.0,436.0,Buy,17.10018450732329,1.5333606677515987,1035.0184507323293,1.5333606677515987,675.0,0.9145291764581498,418.25,0.08358412878514818,0.324652749633789,0.26094055364749924,-0.06371219598628974,0.08358412878514818,Calculated Mid IV,-0.5217255882745151,0.025404673857199505,0.5905071582996005,-0.5450581657341154,-0.3205416937576933,-27.500065478761826,1000,385.27932242766644,-563.3272783308591,1707.7658242338175,-675.0,-675.0,-675.0,11505.615511874583,0.5707841813743207,-0.8345589308605319,2.530023443309357,-1.0,-1.0,-1.0,17.04535631388827,0.356,0.644,0.0,412.7793879064283,-535.8272128520973,0.359,0.641,-0.04074083774631382,0.6115250191206345,-649.7391283046628,-0.962576486377278,1000,412.7793879064283,943.5356273434359,-530.7562394370076,617.9037771210199,3636.8821759969055,1138110.762691089,1066797.918269489,56.03951214860473,1717.772765509736,-24.027250505080723,-805.5414631384491,-0.7079366713750352,1516.7018189330083,1717.7727655097358,238.39379742193478,805.541463138449,12.794821456088336,0.9373410332637755,66,34115.31718033069,8326.331643067957,103.19651255708726,0.24406431864771094,0.6115250191206345,1.3978305590273123,-0.786305539906678,0.08302149947941441,2.544848541495905,-0.035595926674193666,-1.1933947602051098,-0.001048795068703756,4291.204666459216,0.3534442975390587,0.4003008243666724,0.05555404972530468,0.18771918977314173,0.002981638595822481,Gamma,0.4003008243666724,0.3534442975390587,Mixed,Moderate,99.74811083123426,99.11838790931989,27.70780856423174,35.6,0.4408060453400504,0.4408060453400504,0.4408060453400504,53.778337531486144,79.59697732997482,41.56171284634761,58.312342569269525,58.790881612090686,False,False,False,False,False,-0.9995446305265128,False,Watchlist,Greek attribution is approximate; full repricing remains the primary result.,Buy -> Watchlist,"Positive valuation and scenario evidence, but the score or consistency is below the Candidate requirement. Composite score: 58.8. Primary risk driver: Mixed.",300,56,1
WMT260918P00100000,WMT,Puts,100.0,2026-09-18,47,111.19999694824219,1.08,1.14,1.1099999999999999,0.05405405405405391,389.0,7801.0,Buy,3.1194500205009277,1.7363596671060773,197.94500205009277,1.7363596671060773,113.99999999999999,0.8992806002193039,98.86,0.0646502504248755,0.31445998046874996,0.20653466307362636,-0.1079253173951236,0.0646502504248755,Calculated Mid IV,-0.4969719558229893,0.13647328157620803,0.14048578745567958,-0.1386219556802703,-0.07259025091832731,-3.000000239013123,1000,106.90799550830968,-107.49802925738747,383.7965951744987,-113.99999999999999,-113.99999999999999,-113.99999999999999,2720.33295282035,0.9377894342834184,-0.9429651689244516,3.366636799776307,-1.0,-1.0,-1.0,23.86256976158202,0.35,0.65,0.0,109.9079957473228,-104.49802901837435,0.351,0.649,-0.026315791570290556,0.964105225853709,-91.03700654178309,-0.7985702328226588,1000,109.9079957473228,330.3830554289951,-220.4750596816723,192.31001894451737,1291.1119211673856,240735.5547708649,358580.28685412393,12.773134971855358,528.355880056954,-5.716251124408129,-204.86938829987147,-0.16032017553462444,345.7031708969328,528.355880056954,56.715553545209104,204.86938829987147,2.897530393206012,1.4895194322061198,66,7034.791529632597,2750.564327640838,37.963278753964524,0.39099443331826644,0.964105225853709,2.8980969774473255,-1.933991751593617,0.1120450436127663,4.634700702253983,-0.05014255372287833,-1.7970998973672938,-0.0014063173292510917,1138.5415231921734,0.3036368580810925,0.46406377746819627,0.04981421616156211,0.17994019904120068,0.002544949247948457,Gamma,0.46406377746819627,0.3036368580810925,Convexity,Low,100.0,99.62216624685138,7.304785894206549,35.0,0.4408060453400504,0.4408060453400504,0.4408060453400504,65.99496221662469,77.95969773299748,88.66498740554157,77.53988245172125,58.747061293031074,False,False,False,False,False,-0.9995446305265128,False,Watchlist,Greek explanation is unreliable under the local scenario subset; use full repricing.,Buy -> Watchlist,"Positive valuation and scenario evidence, but the score or consistency is below the Candidate requirement. Composite score: 58.7. Primary risk driver: Convexity.",301,57,1
